scene_id,year,acquisition_date,orbit_state,relative_orbit,polarization,support_id,lon,lat,vv_image_row,vv_image_col,vv_raster_inside,vv_calibration_support_ok,vv_noise_support_ok,vv_noise_power_eta,vv_noise_range_component,vv_noise_azimuth_component,vv_noise_azimuth_candidate_blocks_n,vh_image_row,vh_image_col,vh_raster_inside,vh_calibration_support_ok,vh_noise_support_ok,vh_noise_power_eta,vh_noise_range_component,vh_noise_azimuth_component,vh_noise_azimuth_candidate_blocks_n
S1C_IW_GRDH_1SDV_20250421T053447_20250421T053516_001987_003FE6_9043_COG,2025,2025-04-21,descending,66,VH,RFIT_1781,8.694183129,45.24999838,,,,,,,,,,720.0,9548.0,True,True,False,,,,
S1C_IW_GRDH_1SDV_20250421T053447_20250421T053516_001987_003FE6_9043_COG,2025,2025-04-21,descending,66,VH,RFIT_1782,8.706020002,45.24999838,,,,,,,,,,703.0,9457.0,True,True,False,,,,
S1C_IW_GRDH_1SDV_20250421T053447_20250421T053516_001987_003FE6_9043_COG,2025,2025-04-21,descending,66,VH,RFIT_1783,8.717856875,45.24999838,,,,,,,,,,687.0,9366.0,True,True,False,,,,
S1C_IW_GRDH_1SDV_20250421T053447_20250421T053516_001987_003FE6_9043_COG,2025,2025-04-21,descending,66,VH,RFIT_1874,8.63626596,45.25833171,,,,,,,,,,709.0,10010.0,True,True,False,,,,
S1C_IW_GRDH_1SDV_20250421T053447_20250421T053516_001987_003FE6_9043_COG,2025,2025-04-21,descending,66,VH,RFIT_1875,8.64810457,45.25833171,,,,,,,,,,693.0,9919.0,True,True,False,,,,
S1C_IW_GRDH_1SDV_20250421T053447_20250421T053516_001987_003FE6_9043_COG,2025,2025-04-21,descending,66,VH,RFIT_1876,8.659943179,45.25833171,,,,,,,,,,676.0,9828.0,True,True,False,,,,
S1C_IW_GRDH_1SDV_20250421T053447_20250421T053516_001987_003FE6_9043_COG,2025,2025-04-21,descending,66,VH,RFIT_1877,8.671781789,45.25833171,,,,,,,,,,660.0,9737.0,True,True,False,,,,
S1C_IW_GRDH_1SDV_20250421T053447_20250421T053516_001987_003FE6_9043_COG,2025,2025-04-21,descending,66,VH,RFIT_1878,8.683620399,45.25833171,,,,,,,,,,644.0,9647.0,True,True,False,,,,
S1C_IW_GRDH_1SDV_20250421T053447_20250421T053516_001987_003FE6_9043_COG,2025,2025-04-21,descending,66,VH,RFIT_1879,8.695459009,45.25833171,,,,,,,,,,628.0,9556.0,True,True,False,,,,
S1C_IW_GRDH_1SDV_20250421T053447_20250421T053516_001987_003FE6_9043_COG,2025,2025-04-21,descending,66,VH,RFIT_1880,8.707297619,45.25833171,,,,,,,,,,612.0,9465.0,True,True,False,,,,
S1C_IW_GRDH_1SDV_20250421T053447_20250421T053516_001987_003FE6_9043_COG,2025,2025-04-21,descending,66,VH,RFIT_1881,8.719136229,45.25833171,,,,,,,,,,595.0,9374.0,True,True,False,,,,
S1C_IW_GRDH_1SDV_20250421T053447_20250421T053516_001987_003FE6_9043_COG,2025,2025-04-21,descending,66,VH,RFIT_1882,8.754652059,45.25833171,,,,,,,,,,546.0,9102.0,True,True,False,,,,
S1C_IW_GRDH_1SDV_20250421T053447_20250421T053516_001987_003FE6_9043_COG,2025,2025-04-21,descending,66,VH,RFIT_1966,8.566491622,45.26666505,,,,,,,,,,714.0,10562.0,True,True,False,,,,
S1C_IW_GRDH_1SDV_20250421T053447_20250421T053516_001987_003FE6_9043_COG,2025,2025-04-21,descending,66,VH,RFIT_1967,8.57833197,45.26666505,,,,,,,,,,698.0,10471.0,True,True,False,,,,
S1C_IW_GRDH_1SDV_20250421T053447_20250421T053516_001987_003FE6_9043_COG,2025,2025-04-21,descending,66,VH,RFIT_1968,8.590172318,45.26666505,,,,,,,,,,682.0,10381.0,True,True,False,,,,
S1C_IW_GRDH_1SDV_20250421T053447_20250421T053516_001987_003FE6_9043_COG,2025,2025-04-21,descending,66,VH,RFIT_1969,8.602012666,45.26666505,,,,,,,,,,666.0,10290.0,True,True,False,,,,
S1C_IW_GRDH_1SDV_20250421T053447_20250421T053516_001987_003FE6_9043_COG,2025,2025-04-21,descending,66,VH,RFIT_1970,8.613853013,45.26666505,,,,,,,,,,649.0,10199.0,True,True,False,,,,
S1C_IW_GRDH_1SDV_20250421T053447_20250421T053516_001987_003FE6_9043_COG,2025,2025-04-21,descending,66,VH,RFIT_1971,8.625693361,45.26666505,,,,,,,,,,633.0,10108.0,True,True,False,,,,
S1C_IW_GRDH_1SDV_20250421T053447_20250421T053516_001987_003FE6_9043_COG,2025,2025-04-21,descending,66,VH,RFIT_1972,8.637533709,45.26666505,,,,,,,,,,617.0,10018.0,True,True,False,,,,
S1C_IW_GRDH_1SDV_20250421T053447_20250421T053516_001987_003FE6_9043_COG,2025,2025-04-21,descending,66,VH,RFIT_1973,8.649374057,45.26666505,,,,,,,,,,601.0,9927.0,True,True,False,,,,
S1C_IW_GRDH_1SDV_20250421T053447_20250421T053516_001987_003FE6_9043_COG,2025,2025-04-21,descending,66,VH,RFIT_1974,8.661214405,45.26666505,,,,,,,,,,585.0,9836.0,True,True,False,,,,
S1C_IW_GRDH_1SDV_20250421T053447_20250421T053516_001987_003FE6_9043_COG,2025,2025-04-21,descending,66,VH,RFIT_1975,8.673054752,45.26666505,,,,,,,,,,568.0,9745.0,True,True,False,,,,
S1C_IW_GRDH_1SDV_20250421T053447_20250421T053516_001987_003FE6_9043_COG,2025,2025-04-21,descending,66,VH,RFIT_1976,8.6848951,45.26666505,,,,,,,,,,552.0,9654.0,True,True,False,,,,
S1C_IW_GRDH_1SDV_20250421T053447_20250421T053516_001987_003FE6_9043_COG,2025,2025-04-21,descending,66,VH,RFIT_1977,8.696735448,45.26666505,,,,,,,,,,536.0,9564.0,True,True,False,,,,
S1C_IW_GRDH_1SDV_20250421T053447_20250421T053516_001987_003FE6_9043_COG,2025,2025-04-21,descending,66,VH,RFIT_1978,8.708575796,45.26666505,,,,,,,,,,520.0,9473.0,True,True,False,,,,
S1C_IW_GRDH_1SDV_20250421T053447_20250421T053516_001987_003FE6_9043_COG,2025,2025-04-21,descending,66,VH,RFIT_1979,8.720416144,45.26666505,,,,,,,,,,504.0,9382.0,True,True,False,,,,
S1C_IW_GRDH_1SDV_20250421T053447_20250421T053516_001987_003FE6_9043_COG,2025,2025-04-21,descending,66,VH,RFIT_1980,8.732256491,45.26666505,,,,,,,,,,487.0,9291.0,True,True,False,,,,
S1C_IW_GRDH_1SDV_20250421T053447_20250421T053516_001987_003FE6_9043_COG,2025,2025-04-21,descending,66,VH,RFIT_1981,8.744096839,45.26666505,,,,,,,,,,471.0,9200.0,True,True,False,,,,
S1C_IW_GRDH_1SDV_20250421T053447_20250421T053516_001987_003FE6_9043_COG,2025,2025-04-21,descending,66,VH,RFIT_1982,8.755937187,45.26666505,,,,,,,,,,455.0,9109.0,True,True,False,,,,
S1C_IW_GRDH_1SDV_20250421T053447_20250421T053516_001987_003FE6_9043_COG,2025,2025-04-21,descending,66,VH,RFIT_2065,8.496696977,45.27499838,,,,,,,,,,718.0,11114.0,True,True,False,,,,
S1C_IW_GRDH_1SDV_20250421T053447_20250421T053516_001987_003FE6_9043_COG,2025,2025-04-21,descending,66,VH,RFIT_2066,8.508539063,45.27499838,,,,,,,,,,702.0,11024.0,True,True,False,,,,
S1C_IW_GRDH_1SDV_20250421T053447_20250421T053516_001987_003FE6_9043_COG,2025,2025-04-21,descending,66,VH,RFIT_2067,8.52038115,45.27499838,,,,,,,,,,686.0,10933.0,True,True,False,,,,
S1C_IW_GRDH_1SDV_20250421T053447_20250421T053516_001987_003FE6_9043_COG,2025,2025-04-21,descending,66,VH,RFIT_2068,8.532223236,45.27499838,,,,,,,,,,670.0,10842.0,True,True,False,,,,
S1C_IW_GRDH_1SDV_20250421T053447_20250421T053516_001987_003FE6_9043_COG,2025,2025-04-21,descending,66,VH,RFIT_2069,8.555907409,45.27499838,,,,,,,,,,638.0,10661.0,True,True,False,,,,
S1C_IW_GRDH_1SDV_20250421T053447_20250421T053516_001987_003FE6_9043_COG,2025,2025-04-21,descending,66,VH,RFIT_2070,8.567749495,45.27499838,,,,,,,,,,622.0,10570.0,True,True,False,,,,
S1C_IW_GRDH_1SDV_20250421T053447_20250421T053516_001987_003FE6_9043_COG,2025,2025-04-21,descending,66,VH,RFIT_2071,8.579591582,45.27499838,,,,,,,,,,606.0,10479.0,True,True,False,,,,
S1C_IW_GRDH_1SDV_20250421T053447_20250421T053516_001987_003FE6_9043_COG,2025,2025-04-21,descending,66,VH,RFIT_2072,8.591433668,45.27499838,,,,,,,,,,590.0,10388.0,True,True,False,,,,
S1C_IW_GRDH_1SDV_20250421T053447_20250421T053516_001987_003FE6_9043_COG,2025,2025-04-21,descending,66,VH,RFIT_2073,8.603275754,45.27499838,,,,,,,,,,574.0,10298.0,True,True,False,,,,
S1C_IW_GRDH_1SDV_20250421T053447_20250421T053516_001987_003FE6_9043_COG,2025,2025-04-21,descending,66,VH,RFIT_2074,8.615117841,45.27499838,,,,,,,,,,558.0,10207.0,True,True,False,,,,
S1C_IW_GRDH_1SDV_20250421T053447_20250421T053516_001987_003FE6_9043_COG,2025,2025-04-21,descending,66,VH,RFIT_2075,8.626959927,45.27499838,,,,,,,,,,541.0,10116.0,True,True,False,,,,
S1C_IW_GRDH_1SDV_20250421T053447_20250421T053516_001987_003FE6_9043_COG,2025,2025-04-21,descending,66,VH,RFIT_2076,8.638802014,45.27499838,,,,,,,,,,525.0,10025.0,True,True,False,,,,
S1C_IW_GRDH_1SDV_20250421T053447_20250421T053516_001987_003FE6_9043_COG,2025,2025-04-21,descending,66,VH,RFIT_2077,8.6506441,45.27499838,,,,,,,,,,509.0,9934.0,True,True,False,,,,
S1C_IW_GRDH_1SDV_20250421T053447_20250421T053516_001987_003FE6_9043_COG,2025,2025-04-21,descending,66,VH,RFIT_2078,8.662486186,45.27499838,,,,,,,,,,493.0,9844.0,True,True,False,,,,
S1C_IW_GRDH_1SDV_20250421T053447_20250421T053516_001987_003FE6_9043_COG,2025,2025-04-21,descending,66,VH,RFIT_2079,8.674328273,45.27499838,,,,,,,,,,477.0,9753.0,True,True,False,,,,
S1C_IW_GRDH_1SDV_20250421T053447_20250421T053516_001987_003FE6_9043_COG,2025,2025-04-21,descending,66,VH,RFIT_2080,8.686170359,45.27499838,,,,,,,,,,461.0,9662.0,True,True,False,,,,
S1C_IW_GRDH_1SDV_20250421T053447_20250421T053516_001987_003FE6_9043_COG,2025,2025-04-21,descending,66,VH,RFIT_2081,8.698012445,45.27499838,,,,,,,,,,444.0,9571.0,True,True,False,,,,
S1C_IW_GRDH_1SDV_20250421T053447_20250421T053516_001987_003FE6_9043_COG,2025,2025-04-21,descending,66,VH,RFIT_2082,8.709854532,45.27499838,,,,,,,,,,428.0,9480.0,True,True,False,,,,
S1C_IW_GRDH_1SDV_20250421T053447_20250421T053516_001987_003FE6_9043_COG,2025,2025-04-21,descending,66,VH,RFIT_2083,8.721696618,45.27499838,,,,,,,,,,412.0,9390.0,True,True,False,,,,
S1C_IW_GRDH_1SDV_20250421T053447_20250421T053516_001987_003FE6_9043_COG,2025,2025-04-21,descending,66,VH,RFIT_2084,8.733538705,45.27499838,,,,,,,,,,396.0,9299.0,True,True,False,,,,
S1C_IW_GRDH_1SDV_20250421T053447_20250421T053516_001987_003FE6_9043_COG,2025,2025-04-21,descending,66,VH,RFIT_2085,8.745380791,45.27499838,,,,,,,,,,379.0,9208.0,True,True,False,,,,
S1C_IW_GRDH_1SDV_20250421T053447_20250421T053516_001987_003FE6_9043_COG,2025,2025-04-21,descending,66,VH,RFIT_2160,8.438725836,45.28333171,,,,,,,,,,707.0,11576.0,True,True,False,,,,
S1C_IW_GRDH_1SDV_20250421T053447_20250421T053516_001987_003FE6_9043_COG,2025,2025-04-21,descending,66,VH,RFIT_2161,8.450569662,45.28333171,,,,,,,,,,691.0,11485.0,True,True,False,,,,
S1C_IW_GRDH_1SDV_20250421T053447_20250421T053516_001987_003FE6_9043_COG,2025,2025-04-21,descending,66,VH,RFIT_2162,8.462413487,45.28333171,,,,,,,,,,675.0,11394.0,True,True,False,,,,
S1C_IW_GRDH_1SDV_20250421T053447_20250421T053516_001987_003FE6_9043_COG,2025,2025-04-21,descending,66,VH,RFIT_2163,8.474257313,45.28333171,,,,,,,,,,659.0,11303.0,True,True,False,,,,
S1C_IW_GRDH_1SDV_20250421T053447_20250421T053516_001987_003FE6_9043_COG,2025,2025-04-21,descending,66,VH,RFIT_2164,8.486101139,45.28333171,,,,,,,,,,643.0,11213.0,True,True,False,,,,
S1C_IW_GRDH_1SDV_20250421T053447_20250421T053516_001987_003FE6_9043_COG,2025,2025-04-21,descending,66,VH,RFIT_2165,8.497944965,45.28333171,,,,,,,,,,627.0,11122.0,True,True,False,,,,
S1C_IW_GRDH_1SDV_20250421T053447_20250421T053516_001987_003FE6_9043_COG,2025,2025-04-21,descending,66,VH,RFIT_2166,8.50978879,45.28333171,,,,,,,,,,611.0,11031.0,True,True,False,,,,
S1C_IW_GRDH_1SDV_20250421T053447_20250421T053516_001987_003FE6_9043_COG,2025,2025-04-21,descending,66,VH,RFIT_2167,8.521632616,45.28333171,,,,,,,,,,595.0,10941.0,True,True,False,,,,
S1C_IW_GRDH_1SDV_20250421T053447_20250421T053516_001987_003FE6_9043_COG,2025,2025-04-21,descending,66,VH,RFIT_2168,8.545320268,45.28333171,,,,,,,,,,563.0,10759.0,True,True,False,,,,
S1C_IW_GRDH_1SDV_20250421T053447_20250421T053516_001987_003FE6_9043_COG,2025,2025-04-21,descending,66,VH,RFIT_2169,8.557164093,45.28333171,,,,,,,,,,546.0,10668.0,True,True,False,,,,
S1C_IW_GRDH_1SDV_20250421T053447_20250421T053516_001987_003FE6_9043_COG,2025,2025-04-21,descending,66,VH,RFIT_2170,8.569007919,45.28333171,,,,,,,,,,530.0,10578.0,True,True,False,,,,
S1C_IW_GRDH_1SDV_20250421T053447_20250421T053516_001987_003FE6_9043_COG,2025,2025-04-21,descending,66,VH,RFIT_2171,8.580851745,45.28333171,,,,,,,,,,514.0,10487.0,True,True,False,,,,
S1C_IW_GRDH_1SDV_20250421T053447_20250421T053516_001987_003FE6_9043_COG,2025,2025-04-21,descending,66,VH,RFIT_2172,8.604539396,45.28333171,,,,,,,,,,482.0,10305.0,True,True,False,,,,
S1C_IW_GRDH_1SDV_20250421T053447_20250421T053516_001987_003FE6_9043_COG,2025,2025-04-21,descending,66,VH,RFIT_2173,8.616383222,45.28333171,,,,,,,,,,466.0,10215.0,True,True,False,,,,
S1C_IW_GRDH_1SDV_20250421T053447_20250421T053516_001987_003FE6_9043_COG,2025,2025-04-21,descending,66,VH,RFIT_2174,8.628227048,45.28333171,,,,,,,,,,450.0,10124.0,True,True,False,,,,
S1C_IW_GRDH_1SDV_20250421T053447_20250421T053516_001987_003FE6_9043_COG,2025,2025-04-21,descending,66,VH,RFIT_2175,8.640070873,45.28333171,,,,,,,,,,434.0,10033.0,True,True,False,,,,
S1C_IW_GRDH_1SDV_20250421T053447_20250421T053516_001987_003FE6_9043_COG,2025,2025-04-21,descending,66,VH,RFIT_2176,8.651914699,45.28333171,,,,,,,,,,417.0,9942.0,True,True,False,,,,
S1C_IW_GRDH_1SDV_20250421T053447_20250421T053516_001987_003FE6_9043_COG,2025,2025-04-21,descending,66,VH,RFIT_2177,8.663758525,45.28333171,,,,,,,,,,401.0,9851.0,True,True,False,,,,
S1C_IW_GRDH_1SDV_20250421T053447_20250421T053516_001987_003FE6_9043_COG,2025,2025-04-21,descending,66,VH,RFIT_2178,8.675602351,45.28333171,,,,,,,,,,385.0,9761.0,True,True,False,,,,
S1C_IW_GRDH_1SDV_20250421T053447_20250421T053516_001987_003FE6_9043_COG,2025,2025-04-21,descending,66,VH,RFIT_2179,8.687446176,45.28333171,,,,,,,,,,369.0,9670.0,True,True,False,,,,
S1C_IW_GRDH_1SDV_20250421T053447_20250421T053516_001987_003FE6_9043_COG,2025,2025-04-21,descending,66,VH,RFIT_2180,8.699290002,45.28333171,,,,,,,,,,353.0,9579.0,True,True,False,,,,
S1C_IW_GRDH_1SDV_20250421T053447_20250421T053516_001987_003FE6_9043_COG,2025,2025-04-21,descending,66,VH,RFIT_2181,8.711133828,45.28333171,,,,,,,,,,336.0,9488.0,True,True,False,,,,
S1C_IW_GRDH_1SDV_20250421T053447_20250421T053516_001987_003FE6_9043_COG,2025,2025-04-21,descending,66,VH,RFIT_2182,8.722977654,45.28333171,,,,,,,,,,320.0,9397.0,True,True,False,,,,
S1C_IW_GRDH_1SDV_20250421T053447_20250421T053516_001987_003FE6_9043_COG,2025,2025-04-21,descending,66,VH,RFIT_2183,8.734821479,45.28333171,,,,,,,,,,304.0,9306.0,True,True,False,,,,
S1C_IW_GRDH_1SDV_20250421T053447_20250421T053516_001987_003FE6_9043_COG,2025,2025-04-21,descending,66,VH,RFIT_2184,8.746665305,45.28333171,,,,,,,,,,288.0,9216.0,True,True,False,,,,
S1C_IW_GRDH_1SDV_20250421T053447_20250421T053516_001987_003FE6_9043_COG,2025,2025-04-21,descending,66,VH,RFIT_2252,8.368892274,45.29166505,,,,,,,,,,710.0,12127.0,True,True,False,,,,
S1C_IW_GRDH_1SDV_20250421T053447_20250421T053516_001987_003FE6_9043_COG,2025,2025-04-21,descending,66,VH,RFIT_2253,8.38073784,45.29166505,,,,,,,,,,694.0,12037.0,True,True,False,,,,
S1C_IW_GRDH_1SDV_20250421T053447_20250421T053516_001987_003FE6_9043_COG,2025,2025-04-21,descending,66,VH,RFIT_2254,8.392583406,45.29166505,,,,,,,,,,679.0,11946.0,True,True,False,,,,
S1C_IW_GRDH_1SDV_20250421T053447_20250421T053516_001987_003FE6_9043_COG,2025,2025-04-21,descending,66,VH,RFIT_2255,8.404428972,45.29166505,,,,,,,,,,663.0,11855.0,True,True,False,,,,
S1C_IW_GRDH_1SDV_20250421T053447_20250421T053516_001987_003FE6_9043_COG,2025,2025-04-21,descending,66,VH,RFIT_2256,8.416274538,45.29166505,,,,,,,,,,647.0,11765.0,True,True,False,,,,
S1C_IW_GRDH_1SDV_20250421T053447_20250421T053516_001987_003FE6_9043_COG,2025,2025-04-21,descending,66,VH,RFIT_2257,8.428120104,45.29166505,,,,,,,,,,631.0,11674.0,True,True,False,,,,
S1C_IW_GRDH_1SDV_20250421T053447_20250421T053516_001987_003FE6_9043_COG,2025,2025-04-21,descending,66,VH,RFIT_2258,8.439965669,45.29166505,,,,,,,,,,615.0,11583.0,True,True,False,,,,
S1C_IW_GRDH_1SDV_20250421T053447_20250421T053516_001987_003FE6_9043_COG,2025,2025-04-21,descending,66,VH,RFIT_2259,8.451811235,45.29166505,,,,,,,,,,599.0,11493.0,True,True,False,,,,
S1C_IW_GRDH_1SDV_20250421T053447_20250421T053516_001987_003FE6_9043_COG,2025,2025-04-21,descending,66,VH,RFIT_2260,8.463656801,45.29166505,,,,,,,,,,583.0,11402.0,True,True,False,,,,
S1C_IW_GRDH_1SDV_20250421T053447_20250421T053516_001987_003FE6_9043_COG,2025,2025-04-21,descending,66,VH,RFIT_2261,8.475502367,45.29166505,,,,,,,,,,567.0,11311.0,True,True,False,,,,
S1C_IW_GRDH_1SDV_20250421T053447_20250421T053516_001987_003FE6_9043_COG,2025,2025-04-21,descending,66,VH,RFIT_2262,8.487347933,45.29166505,,,,,,,,,,551.0,11220.0,True,True,False,,,,
S1C_IW_GRDH_1SDV_20250421T053447_20250421T053516_001987_003FE6_9043_COG,2025,2025-04-21,descending,66,VH,RFIT_2263,8.499193499,45.29166505,,,,,,,,,,535.0,11130.0,True,True,False,,,,
S1C_IW_GRDH_1SDV_20250421T053447_20250421T053516_001987_003FE6_9043_COG,2025,2025-04-21,descending,66,VH,RFIT_2264,8.511039065,45.29166505,,,,,,,,,,519.0,11039.0,True,True,False,,,,
S1C_IW_GRDH_1SDV_20250421T053447_20250421T053516_001987_003FE6_9043_COG,2025,2025-04-21,descending,66,VH,RFIT_2265,8.534730196,45.29166505,,,,,,,,,,487.0,10858.0,True,True,False,,,,
S1C_IW_GRDH_1SDV_20250421T053447_20250421T053516_001987_003FE6_9043_COG,2025,2025-04-21,descending,66,VH,RFIT_2266,8.546575762,45.29166505,,,,,,,,,,471.0,10767.0,True,True,False,,,,
S1C_IW_GRDH_1SDV_20250421T053447_20250421T053516_001987_003FE6_9043_COG,2025,2025-04-21,descending,66,VH,RFIT_2267,8.558421328,45.29166505,,,,,,,,,,455.0,10676.0,True,True,False,,,,
S1C_IW_GRDH_1SDV_20250421T053447_20250421T053516_001987_003FE6_9043_COG,2025,2025-04-21,descending,66,VH,RFIT_2268,8.570266894,45.29166505,,,,,,,,,,439.0,10585.0,True,True,False,,,,
S1C_IW_GRDH_1SDV_20250421T053447_20250421T053516_001987_003FE6_9043_COG,2025,2025-04-21,descending,66,VH,RFIT_2269,8.605803591,45.29166505,,,,,,,,,,390.0,10313.0,True,True,False,,,,
S1C_IW_GRDH_1SDV_20250421T053447_20250421T053516_001987_003FE6_9043_COG,2025,2025-04-21,descending,66,VH,RFIT_2270,8.617649157,45.29166505,,,,,,,,,,374.0,10222.0,True,True,False,,,,
S1C_IW_GRDH_1SDV_20250421T053447_20250421T053516_001987_003FE6_9043_COG,2025,2025-04-21,descending,66,VH,RFIT_2271,8.629494723,45.29166505,,,,,,,,,,358.0,10131.0,True,True,False,,,,
S1C_IW_GRDH_1SDV_20250421T053447_20250421T053516_001987_003FE6_9043_COG,2025,2025-04-21,descending,66,VH,RFIT_2272,8.641340289,45.29166505,,,,,,,,,,342.0,10041.0,True,True,False,,,,
S1C_IW_GRDH_1SDV_20250421T053447_20250421T053516_001987_003FE6_9043_COG,2025,2025-04-21,descending,66,VH,RFIT_2273,8.653185855,45.29166505,,,,,,,,,,326.0,9950.0,True,True,False,,,,
S1C_IW_GRDH_1SDV_20250421T053447_20250421T053516_001987_003FE6_9043_COG,2025,2025-04-21,descending,66,VH,RFIT_2274,8.665031421,45.29166505,,,,,,,,,,310.0,9859.0,True,True,False,,,,
S1C_IW_GRDH_1SDV_20250421T053447_20250421T053516_001987_003FE6_9043_COG,2025,2025-04-21,descending,66,VH,RFIT_2275,8.676876986,45.29166505,,,,,,,,,,293.0,9768.0,True,True,False,,,,
S1C_IW_GRDH_1SDV_20250421T053447_20250421T053516_001987_003FE6_9043_COG,2025,2025-04-21,descending,66,VH,RFIT_2276,8.688722552,45.29166505,,,,,,,,,,277.0,9677.0,True,True,False,,,,
S1C_IW_GRDH_1SDV_20250421T053447_20250421T053516_001987_003FE6_9043_COG,2025,2025-04-21,descending,66,VH,RFIT_2277,8.700568118,45.29166505,,,,,,,,,,261.0,9587.0,True,True,False,,,,
S1C_IW_GRDH_1SDV_20250421T053447_20250421T053516_001987_003FE6_9043_COG,2025,2025-04-21,descending,66,VH,RFIT_2278,8.712413684,45.29166505,,,,,,,,,,245.0,9496.0,True,True,False,,,,
S1C_IW_GRDH_1SDV_20250421T053447_20250421T053516_001987_003FE6_9043_COG,2025,2025-04-21,descending,66,VH,RFIT_2279,8.72425925,45.29166505,,,,,,,,,,228.0,9405.0,True,True,False,,,,
S1C_IW_GRDH_1SDV_20250421T053447_20250421T053516_001987_003FE6_9043_COG,2025,2025-04-21,descending,66,VH,RFIT_2280,8.736104816,45.29166505,,,,,,,,,,212.0,9314.0,True,True,False,,,,
S1C_IW_GRDH_1SDV_20250421T053447_20250421T053516_001987_003FE6_9043_COG,2025,2025-04-21,descending,66,VH,RFIT_2281,8.747950382,45.29166505,,,,,,,,,,196.0,9223.0,True,True,False,,,,
S1C_IW_GRDH_1SDV_20250421T053447_20250421T053516_001987_003FE6_9043_COG,2025,2025-04-21,descending,66,VH,RFIT_2341,8.299038365,45.29999838,,,,,,,,,,714.0,12679.0,True,True,False,,,,
S1C_IW_GRDH_1SDV_20250421T053447_20250421T053516_001987_003FE6_9043_COG,2025,2025-04-21,descending,66,VH,RFIT_2342,8.310885672,45.29999838,,,,,,,,,,698.0,12588.0,True,True,False,,,,
S1C_IW_GRDH_1SDV_20250421T053447_20250421T053516_001987_003FE6_9043_COG,2025,2025-04-21,descending,66,VH,RFIT_2343,8.322732979,45.29999838,,,,,,,,,,682.0,12497.0,True,True,False,,,,
S1C_IW_GRDH_1SDV_20250421T053447_20250421T053516_001987_003FE6_9043_COG,2025,2025-04-21,descending,66,VH,RFIT_2344,8.334580285,45.29999838,,,,,,,,,,666.0,12407.0,True,True,False,,,,
S1C_IW_GRDH_1SDV_20250421T053447_20250421T053516_001987_003FE6_9043_COG,2025,2025-04-21,descending,66,VH,RFIT_2345,8.346427592,45.29999838,,,,,,,,,,650.0,12316.0,True,True,False,,,,
S1C_IW_GRDH_1SDV_20250421T053447_20250421T053516_001987_003FE6_9043_COG,2025,2025-04-21,descending,66,VH,RFIT_2346,8.358274899,45.29999838,,,,,,,,,,635.0,12226.0,True,True,False,,,,
S1C_IW_GRDH_1SDV_20250421T053447_20250421T053516_001987_003FE6_9043_COG,2025,2025-04-21,descending,66,VH,RFIT_2347,8.370122205,45.29999838,,,,,,,,,,619.0,12135.0,True,True,False,,,,
S1C_IW_GRDH_1SDV_20250421T053447_20250421T053516_001987_003FE6_9043_COG,2025,2025-04-21,descending,66,VH,RFIT_2348,8.381969512,45.29999838,,,,,,,,,,603.0,12044.0,True,True,False,,,,
S1C_IW_GRDH_1SDV_20250421T053447_20250421T053516_001987_003FE6_9043_COG,2025,2025-04-21,descending,66,VH,RFIT_2349,8.393816819,45.29999838,,,,,,,,,,587.0,11954.0,True,True,False,,,,
S1C_IW_GRDH_1SDV_20250421T053447_20250421T053516_001987_003FE6_9043_COG,2025,2025-04-21,descending,66,VH,RFIT_2350,8.405664126,45.29999838,,,,,,,,,,571.0,11863.0,True,True,False,,,,
S1C_IW_GRDH_1SDV_20250421T053447_20250421T053516_001987_003FE6_9043_COG,2025,2025-04-21,descending,66,VH,RFIT_2351,8.417511432,45.29999838,,,,,,,,,,555.0,11772.0,True,True,False,,,,
S1C_IW_GRDH_1SDV_20250421T053447_20250421T053516_001987_003FE6_9043_COG,2025,2025-04-21,descending,66,VH,RFIT_2352,8.429358739,45.29999838,,,,,,,,,,539.0,11682.0,True,True,False,,,,
S1C_IW_GRDH_1SDV_20250421T053447_20250421T053516_001987_003FE6_9043_COG,2025,2025-04-21,descending,66,VH,RFIT_2353,8.441206046,45.29999838,,,,,,,,,,523.0,11591.0,True,True,False,,,,
S1C_IW_GRDH_1SDV_20250421T053447_20250421T053516_001987_003FE6_9043_COG,2025,2025-04-21,descending,66,VH,RFIT_2354,8.453053353,45.29999838,,,,,,,,,,507.0,11500.0,True,True,False,,,,
S1C_IW_GRDH_1SDV_20250421T053447_20250421T053516_001987_003FE6_9043_COG,2025,2025-04-21,descending,66,VH,RFIT_2355,8.464900659,45.29999838,,,,,,,,,,491.0,11409.0,True,True,False,,,,
S1C_IW_GRDH_1SDV_20250421T053447_20250421T053516_001987_003FE6_9043_COG,2025,2025-04-21,descending,66,VH,RFIT_2356,8.524137193,45.29999838,,,,,,,,,,411.0,10956.0,True,True,False,,,,
S1C_IW_GRDH_1SDV_20250421T053447_20250421T053516_001987_003FE6_9043_COG,2025,2025-04-21,descending,66,VH,RFIT_2357,8.547831806,45.29999838,,,,,,,,,,379.0,10774.0,True,True,False,,,,
S1C_IW_GRDH_1SDV_20250421T053447_20250421T053516_001987_003FE6_9043_COG,2025,2025-04-21,descending,66,VH,RFIT_2358,8.559679113,45.29999838,,,,,,,,,,363.0,10684.0,True,True,False,,,,
S1C_IW_GRDH_1SDV_20250421T053447_20250421T053516_001987_003FE6_9043_COG,2025,2025-04-21,descending,66,VH,RFIT_2359,8.57152642,45.29999838,,,,,,,,,,347.0,10593.0,True,True,False,,,,
S1C_IW_GRDH_1SDV_20250421T053447_20250421T053516_001987_003FE6_9043_COG,2025,2025-04-21,descending,66,VH,RFIT_2360,8.583373727,45.29999838,,,,,,,,,,331.0,10502.0,True,True,False,,,,
S1C_IW_GRDH_1SDV_20250421T053447_20250421T053516_001987_003FE6_9043_COG,2025,2025-04-21,descending,66,VH,RFIT_2361,8.595221033,45.29999838,,,,,,,,,,315.0,10411.0,True,True,False,,,,
S1C_IW_GRDH_1SDV_20250421T053447_20250421T053516_001987_003FE6_9043_COG,2025,2025-04-21,descending,66,VH,RFIT_2362,8.60706834,45.29999838,,,,,,,,,,299.0,10321.0,True,True,False,,,,
S1C_IW_GRDH_1SDV_20250421T053447_20250421T053516_001987_003FE6_9043_COG,2025,2025-04-21,descending,66,VH,RFIT_2363,8.618915647,45.29999838,,,,,,,,,,282.0,10230.0,True,True,False,,,,
S1C_IW_GRDH_1SDV_20250421T053447_20250421T053516_001987_003FE6_9043_COG,2025,2025-04-21,descending,66,VH,RFIT_2364,8.630762954,45.29999838,,,,,,,,,,266.0,10139.0,True,True,False,,,,
S1C_IW_GRDH_1SDV_20250421T053447_20250421T053516_001987_003FE6_9043_COG,2025,2025-04-21,descending,66,VH,RFIT_2365,8.64261026,45.29999838,,,,,,,,,,250.0,10048.0,True,True,False,,,,
S1C_IW_GRDH_1SDV_20250421T053447_20250421T053516_001987_003FE6_9043_COG,2025,2025-04-21,descending,66,VH,RFIT_2366,8.654457567,45.29999838,,,,,,,,,,234.0,9958.0,True,True,False,,,,
S1C_IW_GRDH_1SDV_20250421T053447_20250421T053516_001987_003FE6_9043_COG,2025,2025-04-21,descending,66,VH,RFIT_2367,8.666304874,45.29999838,,,,,,,,,,218.0,9867.0,True,True,False,,,,
S1C_IW_GRDH_1SDV_20250421T053447_20250421T053516_001987_003FE6_9043_COG,2025,2025-04-21,descending,66,VH,RFIT_2368,8.678152181,45.29999838,,,,,,,,,,202.0,9776.0,True,True,False,,,,
S1C_IW_GRDH_1SDV_20250421T053447_20250421T053516_001987_003FE6_9043_COG,2025,2025-04-21,descending,66,VH,RFIT_2369,8.689999487,45.29999838,,,,,,,,,,185.0,9685.0,True,True,False,,,,
S1C_IW_GRDH_1SDV_20250421T053447_20250421T053516_001987_003FE6_9043_COG,2025,2025-04-21,descending,66,VH,RFIT_2370,8.701846794,45.29999838,,,,,,,,,,169.0,9594.0,True,True,False,,,,
S1C_IW_GRDH_1SDV_20250421T053447_20250421T053516_001987_003FE6_9043_COG,2025,2025-04-21,descending,66,VH,RFIT_2371,8.713694101,45.29999838,,,,,,,,,,153.0,9504.0,True,True,False,,,,
S1C_IW_GRDH_1SDV_20250421T053447_20250421T053516_001987_003FE6_9043_COG,2025,2025-04-21,descending,66,VH,RFIT_2372,8.725541407,45.29999838,,,,,,,,,,137.0,9413.0,True,True,False,,,,
S1C_IW_GRDH_1SDV_20250421T053447_20250421T053516_001987_003FE6_9043_COG,2025,2025-04-21,descending,66,VH,RFIT_2373,8.737388714,45.29999838,,,,,,,,,,120.0,9322.0,True,True,False,,,,
S1C_IW_GRDH_1SDV_20250421T053447_20250421T053516_001987_003FE6_9043_COG,2025,2025-04-21,descending,66,VH,RFIT_2429,8.229164095,45.30833171,,,,,,,,,,717.0,13230.0,True,True,False,,,,
S1C_IW_GRDH_1SDV_20250421T053447_20250421T053516_001987_003FE6_9043_COG,2025,2025-04-21,descending,66,VH,RFIT_2430,8.241013143,45.30833171,,,,,,,,,,701.0,13139.0,True,True,False,,,,
S1C_IW_GRDH_1SDV_20250421T053447_20250421T053516_001987_003FE6_9043_COG,2025,2025-04-21,descending,66,VH,RFIT_2431,8.252862192,45.30833171,,,,,,,,,,685.0,13049.0,True,True,False,,,,
S1C_IW_GRDH_1SDV_20250421T053447_20250421T053516_001987_003FE6_9043_COG,2025,2025-04-21,descending,66,VH,RFIT_2432,8.26471124,45.30833171,,,,,,,,,,669.0,12958.0,True,True,False,,,,
S1C_IW_GRDH_1SDV_20250421T053447_20250421T053516_001987_003FE6_9043_COG,2025,2025-04-21,descending,66,VH,RFIT_2433,8.276560288,45.30833171,,,,,,,,,,654.0,12868.0,True,True,False,,,,
S1C_IW_GRDH_1SDV_20250421T053447_20250421T053516_001987_003FE6_9043_COG,2025,2025-04-21,descending,66,VH,RFIT_2434,8.288409337,45.30833171,,,,,,,,,,638.0,12777.0,True,True,False,,,,
S1C_IW_GRDH_1SDV_20250421T053447_20250421T053516_001987_003FE6_9043_COG,2025,2025-04-21,descending,66,VH,RFIT_2435,8.300258385,45.30833171,,,,,,,,,,622.0,12686.0,True,True,False,,,,
S1C_IW_GRDH_1SDV_20250421T053447_20250421T053516_001987_003FE6_9043_COG,2025,2025-04-21,descending,66,VH,RFIT_2436,8.312107433,45.30833171,,,,,,,,,,606.0,12596.0,True,True,False,,,,
S1C_IW_GRDH_1SDV_20250421T053447_20250421T053516_001987_003FE6_9043_COG,2025,2025-04-21,descending,66,VH,RFIT_2437,8.323956482,45.30833171,,,,,,,,,,590.0,12505.0,True,True,False,,,,
S1C_IW_GRDH_1SDV_20250421T053447_20250421T053516_001987_003FE6_9043_COG,2025,2025-04-21,descending,66,VH,RFIT_2438,8.33580553,45.30833171,,,,,,,,,,574.0,12414.0,True,True,False,,,,
S1C_IW_GRDH_1SDV_20250421T053447_20250421T053516_001987_003FE6_9043_COG,2025,2025-04-21,descending,66,VH,RFIT_2439,8.347654579,45.30833171,,,,,,,,,,559.0,12324.0,True,True,False,,,,
S1C_IW_GRDH_1SDV_20250421T053447_20250421T053516_001987_003FE6_9043_COG,2025,2025-04-21,descending,66,VH,RFIT_2440,8.359503627,45.30833171,,,,,,,,,,543.0,12233.0,True,True,False,,,,
S1C_IW_GRDH_1SDV_20250421T053447_20250421T053516_001987_003FE6_9043_COG,2025,2025-04-21,descending,66,VH,RFIT_2441,8.371352675,45.30833171,,,,,,,,,,527.0,12143.0,True,True,False,,,,
S1C_IW_GRDH_1SDV_20250421T053447_20250421T053516_001987_003FE6_9043_COG,2025,2025-04-21,descending,66,VH,RFIT_2442,8.383201724,45.30833171,,,,,,,,,,511.0,12052.0,True,True,False,,,,
S1C_IW_GRDH_1SDV_20250421T053447_20250421T053516_001987_003FE6_9043_COG,2025,2025-04-21,descending,66,VH,RFIT_2443,8.395050772,45.30833171,,,,,,,,,,495.0,11961.0,True,True,False,,,,
S1C_IW_GRDH_1SDV_20250421T053447_20250421T053516_001987_003FE6_9043_COG,2025,2025-04-21,descending,66,VH,RFIT_2444,8.40689982,45.30833171,,,,,,,,,,479.0,11871.0,True,True,False,,,,
S1C_IW_GRDH_1SDV_20250421T053447_20250421T053516_001987_003FE6_9043_COG,2025,2025-04-21,descending,66,VH,RFIT_2445,8.418748869,45.30833171,,,,,,,,,,463.0,11780.0,True,True,False,,,,
S1C_IW_GRDH_1SDV_20250421T053447_20250421T053516_001987_003FE6_9043_COG,2025,2025-04-21,descending,66,VH,RFIT_2446,8.477994111,45.30833171,,,,,,,,,,383.0,11326.0,True,True,False,,,,
S1C_IW_GRDH_1SDV_20250421T053447_20250421T053516_001987_003FE6_9043_COG,2025,2025-04-21,descending,66,VH,RFIT_2447,8.489843159,45.30833171,,,,,,,,,,367.0,11236.0,True,True,False,,,,
S1C_IW_GRDH_1SDV_20250421T053447_20250421T053516_001987_003FE6_9043_COG,2025,2025-04-21,descending,66,VH,RFIT_2448,8.501692207,45.30833171,,,,,,,,,,351.0,11145.0,True,True,False,,,,
S1C_IW_GRDH_1SDV_20250421T053447_20250421T053516_001987_003FE6_9043_COG,2025,2025-04-21,descending,66,VH,RFIT_2449,8.513541256,45.30833171,,,,,,,,,,335.0,11054.0,True,True,False,,,,
S1C_IW_GRDH_1SDV_20250421T053447_20250421T053516_001987_003FE6_9043_COG,2025,2025-04-21,descending,66,VH,RFIT_2450,8.525390304,45.30833171,,,,,,,,,,319.0,10964.0,True,True,False,,,,
S1C_IW_GRDH_1SDV_20250421T053447_20250421T053516_001987_003FE6_9043_COG,2025,2025-04-21,descending,66,VH,RFIT_2451,8.537239353,45.30833171,,,,,,,,,,303.0,10873.0,True,True,False,,,,
S1C_IW_GRDH_1SDV_20250421T053447_20250421T053516_001987_003FE6_9043_COG,2025,2025-04-21,descending,66,VH,RFIT_2452,8.549088401,45.30833171,,,,,,,,,,287.0,10782.0,True,True,False,,,,
S1C_IW_GRDH_1SDV_20250421T053447_20250421T053516_001987_003FE6_9043_COG,2025,2025-04-21,descending,66,VH,RFIT_2453,8.560937449,45.30833171,,,,,,,,,,271.0,10691.0,True,True,False,,,,
S1C_IW_GRDH_1SDV_20250421T053447_20250421T053516_001987_003FE6_9043_COG,2025,2025-04-21,descending,66,VH,RFIT_2454,8.572786498,45.30833171,,,,,,,,,,255.0,10601.0,True,True,False,,,,
S1C_IW_GRDH_1SDV_20250421T053447_20250421T053516_001987_003FE6_9043_COG,2025,2025-04-21,descending,66,VH,RFIT_2455,8.584635546,45.30833171,,,,,,,,,,239.0,10510.0,True,True,False,,,,
S1C_IW_GRDH_1SDV_20250421T053447_20250421T053516_001987_003FE6_9043_COG,2025,2025-04-21,descending,66,VH,RFIT_2456,8.596484594,45.30833171,,,,,,,,,,223.0,10419.0,True,True,False,,,,
S1C_IW_GRDH_1SDV_20250421T053447_20250421T053516_001987_003FE6_9043_COG,2025,2025-04-21,descending,66,VH,RFIT_2457,8.608333643,45.30833171,,,,,,,,,,207.0,10328.0,True,True,False,,,,
S1C_IW_GRDH_1SDV_20250421T053447_20250421T053516_001987_003FE6_9043_COG,2025,2025-04-21,descending,66,VH,RFIT_2458,8.620182691,45.30833171,,,,,,,,,,191.0,10238.0,True,True,False,,,,
S1C_IW_GRDH_1SDV_20250421T053447_20250421T053516_001987_003FE6_9043_COG,2025,2025-04-21,descending,66,VH,RFIT_2459,8.63203174,45.30833171,,,,,,,,,,175.0,10147.0,True,True,False,,,,
S1C_IW_GRDH_1SDV_20250421T053447_20250421T053516_001987_003FE6_9043_COG,2025,2025-04-21,descending,66,VH,RFIT_2460,8.643880788,45.30833171,,,,,,,,,,158.0,10056.0,True,True,False,,,,
S1C_IW_GRDH_1SDV_20250421T053447_20250421T053516_001987_003FE6_9043_COG,2025,2025-04-21,descending,66,VH,RFIT_2461,8.655729836,45.30833171,,,,,,,,,,142.0,9965.0,True,True,False,,,,
S1C_IW_GRDH_1SDV_20250421T053447_20250421T053516_001987_003FE6_9043_COG,2025,2025-04-21,descending,66,VH,RFIT_2462,8.667578885,45.30833171,,,,,,,,,,126.0,9875.0,True,True,False,,,,
S1C_IW_GRDH_1SDV_20250421T053447_20250421T053516_001987_003FE6_9043_COG,2025,2025-04-21,descending,66,VH,RFIT_2463,8.679427933,45.30833171,,,,,,,,,,110.0,9784.0,True,True,False,,,,
S1C_IW_GRDH_1SDV_20250421T053447_20250421T053516_001987_003FE6_9043_COG,2025,2025-04-21,descending,66,VH,RFIT_2464,8.691276981,45.30833171,,,,,,,,,,94.0,9693.0,True,True,False,,,,
S1C_IW_GRDH_1SDV_20250421T053447_20250421T053516_001987_003FE6_9043_COG,2025,2025-04-21,descending,66,VH,RFIT_2465,8.70312603,45.30833171,,,,,,,,,,77.0,9602.0,True,True,False,,,,
S1C_IW_GRDH_1SDV_20250421T053447_20250421T053516_001987_003FE6_9043_COG,2025,2025-04-21,descending,66,VH,RFIT_2466,8.714975078,45.30833171,,,,,,,,,,61.0,9511.0,True,True,False,,,,
S1C_IW_GRDH_1SDV_20250421T053447_20250421T053516_001987_003FE6_9043_COG,2025,2025-04-21,descending,66,VH,RFIT_2467,8.726824127,45.30833171,,,,,,,,,,45.0,9420.0,True,True,False,,,,
S1C_IW_GRDH_1SDV_20250421T053447_20250421T053516_001987_003FE6_9043_COG,2025,2025-04-21,descending,66,VH,RFIT_2516,8.15926945,45.31666505,,,,,,,,,,719.0,13781.0,True,True,False,,,,
S1C_IW_GRDH_1SDV_20250421T053447_20250421T053516_001987_003FE6_9043_COG,2025,2025-04-21,descending,66,VH,RFIT_2517,8.171120241,45.31666505,,,,,,,,,,703.0,13690.0,True,True,False,,,,
S1C_IW_GRDH_1SDV_20250421T053447_20250421T053516_001987_003FE6_9043_COG,2025,2025-04-21,descending,66,VH,RFIT_2518,8.182971032,45.31666505,,,,,,,,,,688.0,13600.0,True,True,False,,,,
S1C_IW_GRDH_1SDV_20250421T053447_20250421T053516_001987_003FE6_9043_COG,2025,2025-04-21,descending,66,VH,RFIT_2519,8.194821822,45.31666505,,,,,,,,,,672.0,13509.0,True,True,False,,,,
S1C_IW_GRDH_1SDV_20250421T053447_20250421T053516_001987_003FE6_9043_COG,2025,2025-04-21,descending,66,VH,RFIT_2520,8.206672613,45.31666505,,,,,,,,,,656.0,13419.0,True,True,False,,,,
S1C_IW_GRDH_1SDV_20250421T053447_20250421T053516_001987_003FE6_9043_COG,2025,2025-04-21,descending,66,VH,RFIT_2521,8.218523404,45.31666505,,,,,,,,,,640.0,13328.0,True,True,False,,,,
S1C_IW_GRDH_1SDV_20250421T053447_20250421T053516_001987_003FE6_9043_COG,2025,2025-04-21,descending,66,VH,RFIT_2522,8.230374195,45.31666505,,,,,,,,,,625.0,13237.0,True,True,False,,,,
S1C_IW_GRDH_1SDV_20250421T053447_20250421T053516_001987_003FE6_9043_COG,2025,2025-04-21,descending,66,VH,RFIT_2523,8.242224986,45.31666505,,,,,,,,,,609.0,13147.0,True,True,False,,,,
S1C_IW_GRDH_1SDV_20250421T053447_20250421T053516_001987_003FE6_9043_COG,2025,2025-04-21,descending,66,VH,RFIT_2524,8.254075776,45.31666505,,,,,,,,,,593.0,13056.0,True,True,False,,,,
S1C_IW_GRDH_1SDV_20250421T053447_20250421T053516_001987_003FE6_9043_COG,2025,2025-04-21,descending,66,VH,RFIT_2525,8.265926567,45.31666505,,,,,,,,,,578.0,12966.0,True,True,False,,,,
S1C_IW_GRDH_1SDV_20250421T053447_20250421T053516_001987_003FE6_9043_COG,2025,2025-04-21,descending,66,VH,RFIT_2526,8.277777358,45.31666505,,,,,,,,,,562.0,12875.0,True,True,False,,,,
S1C_IW_GRDH_1SDV_20250421T053447_20250421T053516_001987_003FE6_9043_COG,2025,2025-04-21,descending,66,VH,RFIT_2527,8.289628149,45.31666505,,,,,,,,,,546.0,12785.0,True,True,False,,,,
S1C_IW_GRDH_1SDV_20250421T053447_20250421T053516_001987_003FE6_9043_COG,2025,2025-04-21,descending,66,VH,RFIT_2528,8.301478939,45.31666505,,,,,,,,,,530.0,12694.0,True,True,False,,,,
S1C_IW_GRDH_1SDV_20250421T053447_20250421T053516_001987_003FE6_9043_COG,2025,2025-04-21,descending,66,VH,RFIT_2529,8.31332973,45.31666505,,,,,,,,,,514.0,12603.0,True,True,False,,,,
S1C_IW_GRDH_1SDV_20250421T053447_20250421T053516_001987_003FE6_9043_COG,2025,2025-04-21,descending,66,VH,RFIT_2530,8.325180521,45.31666505,,,,,,,,,,499.0,12513.0,True,True,False,,,,
S1C_IW_GRDH_1SDV_20250421T053447_20250421T053516_001987_003FE6_9043_COG,2025,2025-04-21,descending,66,VH,RFIT_2531,8.337031312,45.31666505,,,,,,,,,,483.0,12422.0,True,True,False,,,,
S1C_IW_GRDH_1SDV_20250421T053447_20250421T053516_001987_003FE6_9043_COG,2025,2025-04-21,descending,66,VH,RFIT_2532,8.348882103,45.31666505,,,,,,,,,,467.0,12331.0,True,True,False,,,,
S1C_IW_GRDH_1SDV_20250421T053447_20250421T053516_001987_003FE6_9043_COG,2025,2025-04-21,descending,66,VH,RFIT_2533,8.360732893,45.31666505,,,,,,,,,,451.0,12241.0,True,True,False,,,,
S1C_IW_GRDH_1SDV_20250421T053447_20250421T053516_001987_003FE6_9043_COG,2025,2025-04-21,descending,66,VH,RFIT_2534,8.372583684,45.31666505,,,,,,,,,,435.0,12150.0,True,True,False,,,,
S1C_IW_GRDH_1SDV_20250421T053447_20250421T053516_001987_003FE6_9043_COG,2025,2025-04-21,descending,66,VH,RFIT_2535,8.384434475,45.31666505,,,,,,,,,,419.0,12060.0,True,True,False,,,,
S1C_IW_GRDH_1SDV_20250421T053447_20250421T053516_001987_003FE6_9043_COG,2025,2025-04-21,descending,66,VH,RFIT_2536,8.396285266,45.31666505,,,,,,,,,,403.0,11969.0,True,True,False,,,,
S1C_IW_GRDH_1SDV_20250421T053447_20250421T053516_001987_003FE6_9043_COG,2025,2025-04-21,descending,66,VH,RFIT_2537,8.443688429,45.31666505,,,,,,,,,,340.0,11606.0,True,True,False,,,,
S1C_IW_GRDH_1SDV_20250421T053447_20250421T053516_001987_003FE6_9043_COG,2025,2025-04-21,descending,66,VH,RFIT_2538,8.45553922,45.31666505,,,,,,,,,,324.0,11516.0,True,True,False,,,,
S1C_IW_GRDH_1SDV_20250421T053447_20250421T053516_001987_003FE6_9043_COG,2025,2025-04-21,descending,66,VH,RFIT_2539,8.46739001,45.31666505,,,,,,,,,,308.0,11425.0,True,True,False,,,,
S1C_IW_GRDH_1SDV_20250421T053447_20250421T053516_001987_003FE6_9043_COG,2025,2025-04-21,descending,66,VH,RFIT_2540,8.479240801,45.31666505,,,,,,,,,,292.0,11334.0,True,True,False,,,,
S1C_IW_GRDH_1SDV_20250421T053447_20250421T053516_001987_003FE6_9043_COG,2025,2025-04-21,descending,66,VH,RFIT_2541,8.491091592,45.31666505,,,,,,,,,,276.0,11243.0,True,True,False,,,,
S1C_IW_GRDH_1SDV_20250421T053447_20250421T053516_001987_003FE6_9043_COG,2025,2025-04-21,descending,66,VH,RFIT_2542,8.502942383,45.31666505,,,,,,,,,,260.0,11153.0,True,True,False,,,,
S1C_IW_GRDH_1SDV_20250421T053447_20250421T053516_001987_003FE6_9043_COG,2025,2025-04-21,descending,66,VH,RFIT_2543,8.514793173,45.31666505,,,,,,,,,,244.0,11062.0,True,True,False,,,,
S1C_IW_GRDH_1SDV_20250421T053447_20250421T053516_001987_003FE6_9043_COG,2025,2025-04-21,descending,66,VH,RFIT_2544,8.526643964,45.31666505,,,,,,,,,,228.0,10971.0,True,True,False,,,,
S1C_IW_GRDH_1SDV_20250421T053447_20250421T053516_001987_003FE6_9043_COG,2025,2025-04-21,descending,66,VH,RFIT_2545,8.538494755,45.31666505,,,,,,,,,,212.0,10881.0,True,True,False,,,,
S1C_IW_GRDH_1SDV_20250421T053447_20250421T053516_001987_003FE6_9043_COG,2025,2025-04-21,descending,66,VH,RFIT_2546,8.550345546,45.31666505,,,,,,,,,,196.0,10790.0,True,True,False,,,,
S1C_IW_GRDH_1SDV_20250421T053447_20250421T053516_001987_003FE6_9043_COG,2025,2025-04-21,descending,66,VH,RFIT_2547,8.562196337,45.31666505,,,,,,,,,,180.0,10699.0,True,True,False,,,,
S1C_IW_GRDH_1SDV_20250421T053447_20250421T053516_001987_003FE6_9043_COG,2025,2025-04-21,descending,66,VH,RFIT_2548,8.574047127,45.31666505,,,,,,,,,,163.0,10608.0,True,True,False,,,,
S1C_IW_GRDH_1SDV_20250421T053447_20250421T053516_001987_003FE6_9043_COG,2025,2025-04-21,descending,66,VH,RFIT_2549,8.585897918,45.31666505,,,,,,,,,,147.0,10518.0,True,True,False,,,,
S1C_IW_GRDH_1SDV_20250421T053447_20250421T053516_001987_003FE6_9043_COG,2025,2025-04-21,descending,66,VH,RFIT_2550,8.597748709,45.31666505,,,,,,,,,,131.0,10427.0,True,True,False,,,,
S1C_IW_GRDH_1SDV_20250421T053447_20250421T053516_001987_003FE6_9043_COG,2025,2025-04-21,descending,66,VH,RFIT_2551,8.6095995,45.31666505,,,,,,,,,,115.0,10336.0,True,True,False,,,,
S1C_IW_GRDH_1SDV_20250421T053447_20250421T053516_001987_003FE6_9043_COG,2025,2025-04-21,descending,66,VH,RFIT_2552,8.62145029,45.31666505,,,,,,,,,,99.0,10245.0,True,True,False,,,,
S1C_IW_GRDH_1SDV_20250421T053447_20250421T053516_001987_003FE6_9043_COG,2025,2025-04-21,descending,66,VH,RFIT_2553,8.633301081,45.31666505,,,,,,,,,,83.0,10155.0,True,True,False,,,,
S1C_IW_GRDH_1SDV_20250421T053447_20250421T053516_001987_003FE6_9043_COG,2025,2025-04-21,descending,66,VH,RFIT_2554,8.645151872,45.31666505,,,,,,,,,,67.0,10064.0,True,True,False,,,,
S1C_IW_GRDH_1SDV_20250421T053447_20250421T053516_001987_003FE6_9043_COG,2025,2025-04-21,descending,66,VH,RFIT_2555,8.657002663,45.31666505,,,,,,,,,,50.0,9973.0,True,True,False,,,,
S1C_IW_GRDH_1SDV_20250421T053447_20250421T053516_001987_003FE6_9043_COG,2025,2025-04-21,descending,66,VH,RFIT_2556,8.668853454,45.31666505,,,,,,,,,,34.0,9882.0,True,True,False,,,,
S1C_IW_GRDH_1SDV_20250421T053447_20250421T053516_001987_003FE6_9043_COG,2025,2025-04-21,descending,66,VH,RFIT_2557,8.680704244,45.31666505,,,,,,,,,,18.0,9791.0,True,True,False,,,,
S1C_IW_GRDH_1SDV_20250421T053447_20250421T053516_001987_003FE6_9043_COG,2025,2025-04-21,descending,66,VH,RFIT_2558,8.692555035,45.31666505,,,,,,,,,,2.0,9701.0,True,True,False,,,,
S1C_IW_GRDH_1SDV_20250421T053447_20250421T053516_001987_003FE6_9043_COG,2025,2025-04-21,descending,66,VH,RFIT_2598,8.101206951,45.32499838,,,,,,,,,,705.0,14241.0,True,True,False,,,,
S1C_IW_GRDH_1SDV_20250421T053447_20250421T053516_001987_003FE6_9043_COG,2025,2025-04-21,descending,66,VH,RFIT_2599,8.113059485,45.32499838,,,,,,,,,,690.0,14151.0,True,True,False,,,,
S1C_IW_GRDH_1SDV_20250421T053447_20250421T053516_001987_003FE6_9043_COG,2025,2025-04-21,descending,66,VH,RFIT_2600,8.124912019,45.32499838,,,,,,,,,,674.0,14060.0,True,True,False,,,,
S1C_IW_GRDH_1SDV_20250421T053447_20250421T053516_001987_003FE6_9043_COG,2025,2025-04-21,descending,66,VH,RFIT_2601,8.136764553,45.32499838,,,,,,,,,,658.0,13970.0,True,True,False,,,,
S1C_IW_GRDH_1SDV_20250421T053447_20250421T053516_001987_003FE6_9043_COG,2025,2025-04-21,descending,66,VH,RFIT_2602,8.148617087,45.32499838,,,,,,,,,,643.0,13879.0,True,True,False,,,,
S1C_IW_GRDH_1SDV_20250421T053447_20250421T053516_001987_003FE6_9043_COG,2025,2025-04-21,descending,66,VH,RFIT_2603,8.160469621,45.32499838,,,,,,,,,,627.0,13788.0,True,True,False,,,,
S1C_IW_GRDH_1SDV_20250421T053447_20250421T053516_001987_003FE6_9043_COG,2025,2025-04-21,descending,66,VH,RFIT_2604,8.172322155,45.32499838,,,,,,,,,,611.0,13698.0,True,True,False,,,,
S1C_IW_GRDH_1SDV_20250421T053447_20250421T053516_001987_003FE6_9043_COG,2025,2025-04-21,descending,66,VH,RFIT_2605,8.184174689,45.32499838,,,,,,,,,,596.0,13607.0,True,True,False,,,,
S1C_IW_GRDH_1SDV_20250421T053447_20250421T053516_001987_003FE6_9043_COG,2025,2025-04-21,descending,66,VH,RFIT_2606,8.196027223,45.32499838,,,,,,,,,,580.0,13517.0,True,True,False,,,,
S1C_IW_GRDH_1SDV_20250421T053447_20250421T053516_001987_003FE6_9043_COG,2025,2025-04-21,descending,66,VH,RFIT_2607,8.207879757,45.32499838,,,,,,,,,,564.0,13426.0,True,True,False,,,,
S1C_IW_GRDH_1SDV_20250421T053447_20250421T053516_001987_003FE6_9043_COG,2025,2025-04-21,descending,66,VH,RFIT_2608,8.219732291,45.32499838,,,,,,,,,,549.0,13336.0,True,True,False,,,,
S1C_IW_GRDH_1SDV_20250421T053447_20250421T053516_001987_003FE6_9043_COG,2025,2025-04-21,descending,66,VH,RFIT_2609,8.231584825,45.32499838,,,,,,,,,,533.0,13245.0,True,True,False,,,,
S1C_IW_GRDH_1SDV_20250421T053447_20250421T053516_001987_003FE6_9043_COG,2025,2025-04-21,descending,66,VH,RFIT_2610,8.243437359,45.32499838,,,,,,,,,,517.0,13155.0,True,True,False,,,,
S1C_IW_GRDH_1SDV_20250421T053447_20250421T053516_001987_003FE6_9043_COG,2025,2025-04-21,descending,66,VH,RFIT_2611,8.255289893,45.32499838,,,,,,,,,,502.0,13064.0,True,True,False,,,,
S1C_IW_GRDH_1SDV_20250421T053447_20250421T053516_001987_003FE6_9043_COG,2025,2025-04-21,descending,66,VH,RFIT_2612,8.267142427,45.32499838,,,,,,,,,,486.0,12973.0,True,True,False,,,,
S1C_IW_GRDH_1SDV_20250421T053447_20250421T053516_001987_003FE6_9043_COG,2025,2025-04-21,descending,66,VH,RFIT_2613,8.278994961,45.32499838,,,,,,,,,,470.0,12883.0,True,True,False,,,,
S1C_IW_GRDH_1SDV_20250421T053447_20250421T053516_001987_003FE6_9043_COG,2025,2025-04-21,descending,66,VH,RFIT_2614,8.290847495,45.32499838,,,,,,,,,,454.0,12792.0,True,True,False,,,,
S1C_IW_GRDH_1SDV_20250421T053447_20250421T053516_001987_003FE6_9043_COG,2025,2025-04-21,descending,66,VH,RFIT_2615,8.302700029,45.32499838,,,,,,,,,,438.0,12702.0,True,True,False,,,,
S1C_IW_GRDH_1SDV_20250421T053447_20250421T053516_001987_003FE6_9043_COG,2025,2025-04-21,descending,66,VH,RFIT_2616,8.314552563,45.32499838,,,,,,,,,,423.0,12611.0,True,True,False,,,,
S1C_IW_GRDH_1SDV_20250421T053447_20250421T053516_001987_003FE6_9043_COG,2025,2025-04-21,descending,66,VH,RFIT_2617,8.326405096,45.32499838,,,,,,,,,,407.0,12520.0,True,True,False,,,,
S1C_IW_GRDH_1SDV_20250421T053447_20250421T053516_001987_003FE6_9043_COG,2025,2025-04-21,descending,66,VH,RFIT_2618,8.33825763,45.32499838,,,,,,,,,,391.0,12430.0,True,True,False,,,,
S1C_IW_GRDH_1SDV_20250421T053447_20250421T053516_001987_003FE6_9043_COG,2025,2025-04-21,descending,66,VH,RFIT_2619,8.350110164,45.32499838,,,,,,,,,,375.0,12339.0,True,True,False,,,,
S1C_IW_GRDH_1SDV_20250421T053447_20250421T053516_001987_003FE6_9043_COG,2025,2025-04-21,descending,66,VH,RFIT_2620,8.361962698,45.32499838,,,,,,,,,,359.0,12248.0,True,True,False,,,,
S1C_IW_GRDH_1SDV_20250421T053447_20250421T053516_001987_003FE6_9043_COG,2025,2025-04-21,descending,66,VH,RFIT_2621,8.373815232,45.32499838,,,,,,,,,,343.0,12158.0,True,True,False,,,,
S1C_IW_GRDH_1SDV_20250421T053447_20250421T053516_001987_003FE6_9043_COG,2025,2025-04-21,descending,66,VH,RFIT_2622,8.385667766,45.32499838,,,,,,,,,,327.0,12067.0,True,True,False,,,,
S1C_IW_GRDH_1SDV_20250421T053447_20250421T053516_001987_003FE6_9043_COG,2025,2025-04-21,descending,66,VH,RFIT_2623,8.444930436,45.32499838,,,,,,,,,,248.0,11614.0,True,True,False,,,,
S1C_IW_GRDH_1SDV_20250421T053447_20250421T053516_001987_003FE6_9043_COG,2025,2025-04-21,descending,66,VH,RFIT_2624,8.45678297,45.32499838,,,,,,,,,,232.0,11523.0,True,True,False,,,,
S1C_IW_GRDH_1SDV_20250421T053447_20250421T053516_001987_003FE6_9043_COG,2025,2025-04-21,descending,66,VH,RFIT_2625,8.468635504,45.32499838,,,,,,,,,,216.0,11433.0,True,True,False,,,,
S1C_IW_GRDH_1SDV_20250421T053447_20250421T053516_001987_003FE6_9043_COG,2025,2025-04-21,descending,66,VH,RFIT_2626,8.480488038,45.32499838,,,,,,,,,,200.0,11342.0,True,True,False,,,,
S1C_IW_GRDH_1SDV_20250421T053447_20250421T053516_001987_003FE6_9043_COG,2025,2025-04-21,descending,66,VH,RFIT_2627,8.492340572,45.32499838,,,,,,,,,,184.0,11251.0,True,True,False,,,,
S1C_IW_GRDH_1SDV_20250421T053447_20250421T053516_001987_003FE6_9043_COG,2025,2025-04-21,descending,66,VH,RFIT_2628,8.504193106,45.32499838,,,,,,,,,,168.0,11160.0,True,True,False,,,,
S1C_IW_GRDH_1SDV_20250421T053447_20250421T053516_001987_003FE6_9043_COG,2025,2025-04-21,descending,66,VH,RFIT_2629,8.51604564,45.32499838,,,,,,,,,,152.0,11070.0,True,True,False,,,,
S1C_IW_GRDH_1SDV_20250421T053447_20250421T053516_001987_003FE6_9043_COG,2025,2025-04-21,descending,66,VH,RFIT_2630,8.527898174,45.32499838,,,,,,,,,,136.0,10979.0,True,True,False,,,,
S1C_IW_GRDH_1SDV_20250421T053447_20250421T053516_001987_003FE6_9043_COG,2025,2025-04-21,descending,66,VH,RFIT_2631,8.539750707,45.32499838,,,,,,,,,,120.0,10888.0,True,True,False,,,,
S1C_IW_GRDH_1SDV_20250421T053447_20250421T053516_001987_003FE6_9043_COG,2025,2025-04-21,descending,66,VH,RFIT_2632,8.551603241,45.32499838,,,,,,,,,,104.0,10798.0,True,True,False,,,,
S1C_IW_GRDH_1SDV_20250421T053447_20250421T053516_001987_003FE6_9043_COG,2025,2025-04-21,descending,66,VH,RFIT_2633,8.563455775,45.32499838,,,,,,,,,,88.0,10707.0,True,True,False,,,,
S1C_IW_GRDH_1SDV_20250421T053447_20250421T053516_001987_003FE6_9043_COG,2025,2025-04-21,descending,66,VH,RFIT_2634,8.575308309,45.32499838,,,,,,,,,,72.0,10616.0,True,True,False,,,,
S1C_IW_GRDH_1SDV_20250421T053447_20250421T053516_001987_003FE6_9043_COG,2025,2025-04-21,descending,66,VH,RFIT_2635,8.587160843,45.32499838,,,,,,,,,,56.0,10525.0,True,True,False,,,,
S1C_IW_GRDH_1SDV_20250421T053447_20250421T053516_001987_003FE6_9043_COG,2025,2025-04-21,descending,66,VH,RFIT_2636,8.599013377,45.32499838,,,,,,,,,,39.0,10435.0,True,True,False,,,,
S1C_IW_GRDH_1SDV_20250421T053447_20250421T053516_001987_003FE6_9043_COG,2025,2025-04-21,descending,66,VH,RFIT_2637,8.610865911,45.32499838,,,,,,,,,,23.0,10344.0,True,True,False,,,,
S1C_IW_GRDH_1SDV_20250421T053447_20250421T053516_001987_003FE6_9043_COG,2025,2025-04-21,descending,66,VH,RFIT_2638,8.622718445,45.32499838,,,,,,,,,,7.0,10253.0,True,True,False,,,,
S1C_IW_GRDH_1SDV_20250421T053447_20250421T053516_001987_003FE6_9043_COG,2025,2025-04-21,descending,66,VH,RFIT_2684,8.126107484,45.33333171,,,,,,,,,,582.0,14068.0,True,True,False,,,,
S1C_IW_GRDH_1SDV_20250421T053447_20250421T053516_001987_003FE6_9043_COG,2025,2025-04-21,descending,66,VH,RFIT_2685,8.137961762,45.33333171,,,,,,,,,,567.0,13977.0,True,True,False,,,,
S1C_IW_GRDH_1SDV_20250421T053447_20250421T053516_001987_003FE6_9043_COG,2025,2025-04-21,descending,66,VH,RFIT_2686,8.14981604,45.33333171,,,,,,,,,,551.0,13887.0,True,True,False,,,,
S1C_IW_GRDH_1SDV_20250421T053447_20250421T053516_001987_003FE6_9043_COG,2025,2025-04-21,descending,66,VH,RFIT_2687,8.161670318,45.33333171,,,,,,,,,,535.0,13796.0,True,True,False,,,,
S1C_IW_GRDH_1SDV_20250421T053447_20250421T053516_001987_003FE6_9043_COG,2025,2025-04-21,descending,66,VH,RFIT_2688,8.173524596,45.33333171,,,,,,,,,,520.0,13706.0,True,True,False,,,,
S1C_IW_GRDH_1SDV_20250421T053447_20250421T053516_001987_003FE6_9043_COG,2025,2025-04-21,descending,66,VH,RFIT_2689,8.185378874,45.33333171,,,,,,,,,,504.0,13615.0,True,True,False,,,,
S1C_IW_GRDH_1SDV_20250421T053447_20250421T053516_001987_003FE6_9043_COG,2025,2025-04-21,descending,66,VH,RFIT_2690,8.197233152,45.33333171,,,,,,,,,,488.0,13524.0,True,True,False,,,,
S1C_IW_GRDH_1SDV_20250421T053447_20250421T053516_001987_003FE6_9043_COG,2025,2025-04-21,descending,66,VH,RFIT_2691,8.20908743,45.33333171,,,,,,,,,,473.0,13434.0,True,True,False,,,,
S1C_IW_GRDH_1SDV_20250421T053447_20250421T053516_001987_003FE6_9043_COG,2025,2025-04-21,descending,66,VH,RFIT_2692,8.220941707,45.33333171,,,,,,,,,,457.0,13343.0,True,True,False,,,,
S1C_IW_GRDH_1SDV_20250421T053447_20250421T053516_001987_003FE6_9043_COG,2025,2025-04-21,descending,66,VH,RFIT_2693,8.232795985,45.33333171,,,,,,,,,,441.0,13253.0,True,True,False,,,,
S1C_IW_GRDH_1SDV_20250421T053447_20250421T053516_001987_003FE6_9043_COG,2025,2025-04-21,descending,66,VH,RFIT_2694,8.244650263,45.33333171,,,,,,,,,,425.0,13162.0,True,True,False,,,,
S1C_IW_GRDH_1SDV_20250421T053447_20250421T053516_001987_003FE6_9043_COG,2025,2025-04-21,descending,66,VH,RFIT_2695,8.256504541,45.33333171,,,,,,,,,,410.0,13072.0,True,True,False,,,,
S1C_IW_GRDH_1SDV_20250421T053447_20250421T053516_001987_003FE6_9043_COG,2025,2025-04-21,descending,66,VH,RFIT_2696,8.268358819,45.33333171,,,,,,,,,,394.0,12981.0,True,True,False,,,,
S1C_IW_GRDH_1SDV_20250421T053447_20250421T053516_001987_003FE6_9043_COG,2025,2025-04-21,descending,66,VH,RFIT_2697,8.280213097,45.33333171,,,,,,,,,,378.0,12890.0,True,True,False,,,,
S1C_IW_GRDH_1SDV_20250421T053447_20250421T053516_001987_003FE6_9043_COG,2025,2025-04-21,descending,66,VH,RFIT_2698,8.292067375,45.33333171,,,,,,,,,,362.0,12800.0,True,True,False,,,,
S1C_IW_GRDH_1SDV_20250421T053447_20250421T053516_001987_003FE6_9043_COG,2025,2025-04-21,descending,66,VH,RFIT_2699,8.303921653,45.33333171,,,,,,,,,,347.0,12709.0,True,True,False,,,,
S1C_IW_GRDH_1SDV_20250421T053447_20250421T053516_001987_003FE6_9043_COG,2025,2025-04-21,descending,66,VH,RFIT_2700,8.31577593,45.33333171,,,,,,,,,,331.0,12619.0,True,True,False,,,,
S1C_IW_GRDH_1SDV_20250421T053447_20250421T053516_001987_003FE6_9043_COG,2025,2025-04-21,descending,66,VH,RFIT_2701,8.327630208,45.33333171,,,,,,,,,,315.0,12528.0,True,True,False,,,,
S1C_IW_GRDH_1SDV_20250421T053447_20250421T053516_001987_003FE6_9043_COG,2025,2025-04-21,descending,66,VH,RFIT_2702,8.339484486,45.33333171,,,,,,,,,,299.0,12437.0,True,True,False,,,,
S1C_IW_GRDH_1SDV_20250421T053447_20250421T053516_001987_003FE6_9043_COG,2025,2025-04-21,descending,66,VH,RFIT_2703,8.351338764,45.33333171,,,,,,,,,,283.0,12347.0,True,True,False,,,,
S1C_IW_GRDH_1SDV_20250421T053447_20250421T053516_001987_003FE6_9043_COG,2025,2025-04-21,descending,66,VH,RFIT_2704,8.363193042,45.33333171,,,,,,,,,,267.0,12256.0,True,True,False,,,,
S1C_IW_GRDH_1SDV_20250421T053447_20250421T053516_001987_003FE6_9043_COG,2025,2025-04-21,descending,66,VH,RFIT_2705,8.37504732,45.33333171,,,,,,,,,,252.0,12166.0,True,True,False,,,,
S1C_IW_GRDH_1SDV_20250421T053447_20250421T053516_001987_003FE6_9043_COG,2025,2025-04-21,descending,66,VH,RFIT_2706,8.386901598,45.33333171,,,,,,,,,,236.0,12075.0,True,True,False,,,,
S1C_IW_GRDH_1SDV_20250421T053447_20250421T053516_001987_003FE6_9043_COG,2025,2025-04-21,descending,66,VH,RFIT_2707,8.398755876,45.33333171,,,,,,,,,,220.0,11984.0,True,True,False,,,,
S1C_IW_GRDH_1SDV_20250421T053447_20250421T053516_001987_003FE6_9043_COG,2025,2025-04-21,descending,66,VH,RFIT_2708,8.458027265,45.33333171,,,,,,,,,,140.0,11531.0,True,True,False,,,,
S1C_IW_GRDH_1SDV_20250421T053447_20250421T053516_001987_003FE6_9043_COG,2025,2025-04-21,descending,66,VH,RFIT_2709,8.469881543,45.33333171,,,,,,,,,,124.0,11440.0,True,True,False,,,,
S1C_IW_GRDH_1SDV_20250421T053447_20250421T053516_001987_003FE6_9043_COG,2025,2025-04-21,descending,66,VH,RFIT_2710,8.481735821,45.33333171,,,,,,,,,,108.0,11350.0,True,True,False,,,,
S1C_IW_GRDH_1SDV_20250421T053447_20250421T053516_001987_003FE6_9043_COG,2025,2025-04-21,descending,66,VH,RFIT_2711,8.493590099,45.33333171,,,,,,,,,,92.0,11259.0,True,True,False,,,,
S1C_IW_GRDH_1SDV_20250421T053447_20250421T053516_001987_003FE6_9043_COG,2025,2025-04-21,descending,66,VH,RFIT_2712,8.505444377,45.33333171,,,,,,,,,,76.0,11168.0,True,True,False,,,,
S1C_IW_GRDH_1SDV_20250421T053447_20250421T053516_001987_003FE6_9043_COG,2025,2025-04-21,descending,66,VH,RFIT_2713,8.517298654,45.33333171,,,,,,,,,,60.0,11077.0,True,True,False,,,,
S1C_IW_GRDH_1SDV_20250421T053447_20250421T053516_001987_003FE6_9043_COG,2025,2025-04-21,descending,66,VH,RFIT_2714,8.529152932,45.33333171,,,,,,,,,,44.0,10987.0,True,True,False,,,,
S1C_IW_GRDH_1SDV_20250421T053447_20250421T053516_001987_003FE6_9043_COG,2025,2025-04-21,descending,66,VH,RFIT_2715,8.54100721,45.33333171,,,,,,,,,,28.0,10896.0,True,True,False,,,,
S1C_IW_GRDH_1SDV_20250421T053447_20250421T053516_001987_003FE6_9043_COG,2025,2025-04-21,descending,66,VH,RFIT_2769,8.127303473,45.34166505,,,,,,,,,,490.0,14075.0,True,True,False,,,,
S1C_IW_GRDH_1SDV_20250421T053447_20250421T053516_001987_003FE6_9043_COG,2025,2025-04-21,descending,66,VH,RFIT_2770,8.139159496,45.34166505,,,,,,,,,,475.0,13985.0,True,True,False,,,,
S1C_IW_GRDH_1SDV_20250421T053447_20250421T053516_001987_003FE6_9043_COG,2025,2025-04-21,descending,66,VH,RFIT_2771,8.151015518,45.34166505,,,,,,,,,,459.0,13894.0,True,True,False,,,,
S1C_IW_GRDH_1SDV_20250421T053447_20250421T053516_001987_003FE6_9043_COG,2025,2025-04-21,descending,66,VH,RFIT_2772,8.162871541,45.34166505,,,,,,,,,,444.0,13804.0,True,True,False,,,,
S1C_IW_GRDH_1SDV_20250421T053447_20250421T053516_001987_003FE6_9043_COG,2025,2025-04-21,descending,66,VH,RFIT_2773,8.186583586,45.34166505,,,,,,,,,,412.0,13623.0,True,True,False,,,,
S1C_IW_GRDH_1SDV_20250421T053447_20250421T053516_001987_003FE6_9043_COG,2025,2025-04-21,descending,66,VH,RFIT_2774,8.198439609,45.34166505,,,,,,,,,,397.0,13532.0,True,True,False,,,,
S1C_IW_GRDH_1SDV_20250421T053447_20250421T053516_001987_003FE6_9043_COG,2025,2025-04-21,descending,66,VH,RFIT_2775,8.210295631,45.34166505,,,,,,,,,,381.0,13442.0,True,True,False,,,,
S1C_IW_GRDH_1SDV_20250421T053447_20250421T053516_001987_003FE6_9043_COG,2025,2025-04-21,descending,66,VH,RFIT_2776,8.222151654,45.34166505,,,,,,,,,,365.0,13351.0,True,True,False,,,,
S1C_IW_GRDH_1SDV_20250421T053447_20250421T053516_001987_003FE6_9043_COG,2025,2025-04-21,descending,66,VH,RFIT_2777,8.234007676,45.34166505,,,,,,,,,,349.0,13260.0,True,True,False,,,,
S1C_IW_GRDH_1SDV_20250421T053447_20250421T053516_001987_003FE6_9043_COG,2025,2025-04-21,descending,66,VH,RFIT_2778,8.245863699,45.34166505,,,,,,,,,,334.0,13170.0,True,True,False,,,,
S1C_IW_GRDH_1SDV_20250421T053447_20250421T053516_001987_003FE6_9043_COG,2025,2025-04-21,descending,66,VH,RFIT_2779,8.257719722,45.34166505,,,,,,,,,,318.0,13079.0,True,True,False,,,,
S1C_IW_GRDH_1SDV_20250421T053447_20250421T053516_001987_003FE6_9043_COG,2025,2025-04-21,descending,66,VH,RFIT_2780,8.269575744,45.34166505,,,,,,,,,,302.0,12989.0,True,True,False,,,,
S1C_IW_GRDH_1SDV_20250421T053447_20250421T053516_001987_003FE6_9043_COG,2025,2025-04-21,descending,66,VH,RFIT_2781,8.281431767,45.34166505,,,,,,,,,,286.0,12898.0,True,True,False,,,,
S1C_IW_GRDH_1SDV_20250421T053447_20250421T053516_001987_003FE6_9043_COG,2025,2025-04-21,descending,66,VH,RFIT_2782,8.293287789,45.34166505,,,,,,,,,,271.0,12808.0,True,True,False,,,,
S1C_IW_GRDH_1SDV_20250421T053447_20250421T053516_001987_003FE6_9043_COG,2025,2025-04-21,descending,66,VH,RFIT_2783,8.305143812,45.34166505,,,,,,,,,,255.0,12717.0,True,True,False,,,,
S1C_IW_GRDH_1SDV_20250421T053447_20250421T053516_001987_003FE6_9043_COG,2025,2025-04-21,descending,66,VH,RFIT_2784,8.316999834,45.34166505,,,,,,,,,,239.0,12626.0,True,True,False,,,,
S1C_IW_GRDH_1SDV_20250421T053447_20250421T053516_001987_003FE6_9043_COG,2025,2025-04-21,descending,66,VH,RFIT_2785,8.328855857,45.34166505,,,,,,,,,,223.0,12536.0,True,True,False,,,,
S1C_IW_GRDH_1SDV_20250421T053447_20250421T053516_001987_003FE6_9043_COG,2025,2025-04-21,descending,66,VH,RFIT_2786,8.34071188,45.34166505,,,,,,,,,,207.0,12445.0,True,True,False,,,,
S1C_IW_GRDH_1SDV_20250421T053447_20250421T053516_001987_003FE6_9043_COG,2025,2025-04-21,descending,66,VH,RFIT_2787,8.352567902,45.34166505,,,,,,,,,,192.0,12354.0,True,True,False,,,,
S1C_IW_GRDH_1SDV_20250421T053447_20250421T053516_001987_003FE6_9043_COG,2025,2025-04-21,descending,66,VH,RFIT_2788,8.364423925,45.34166505,,,,,,,,,,176.0,12264.0,True,True,False,,,,
S1C_IW_GRDH_1SDV_20250421T053447_20250421T053516_001987_003FE6_9043_COG,2025,2025-04-21,descending,66,VH,RFIT_2789,8.376279947,45.34166505,,,,,,,,,,160.0,12173.0,True,True,False,,,,
S1C_IW_GRDH_1SDV_20250421T053447_20250421T053516_001987_003FE6_9043_COG,2025,2025-04-21,descending,66,VH,RFIT_2790,8.38813597,45.34166505,,,,,,,,,,144.0,12083.0,True,True,False,,,,
S1C_IW_GRDH_1SDV_20250421T053447_20250421T053516_001987_003FE6_9043_COG,2025,2025-04-21,descending,66,VH,RFIT_2791,8.399991992,45.34166505,,,,,,,,,,128.0,11992.0,True,True,False,,,,
S1C_IW_GRDH_1SDV_20250421T053447_20250421T053516_001987_003FE6_9043_COG,2025,2025-04-21,descending,66,VH,RFIT_2792,8.411848015,45.34166505,,,,,,,,,,112.0,11901.0,True,True,False,,,,
S1C_IW_GRDH_1SDV_20250421T053447_20250421T053516_001987_003FE6_9043_COG,2025,2025-04-21,descending,66,VH,RFIT_2793,8.423704038,45.34166505,,,,,,,,,,96.0,11811.0,True,True,False,,,,
S1C_IW_GRDH_1SDV_20250421T053447_20250421T053516_001987_003FE6_9043_COG,2025,2025-04-21,descending,66,VH,RFIT_2794,8.447416083,45.34166505,,,,,,,,,,64.0,11629.0,True,True,False,,,,
S1C_IW_GRDH_1SDV_20250421T053447_20250421T053516_001987_003FE6_9043_COG,2025,2025-04-21,descending,66,VH,RFIT_2795,8.459272105,45.34166505,,,,,,,,,,48.0,11539.0,True,True,False,,,,
S1C_IW_GRDH_1SDV_20250421T053447_20250421T053516_001987_003FE6_9043_COG,2025,2025-04-21,descending,66,VH,RFIT_2796,8.471128128,45.34166505,,,,,,,,,,32.0,11448.0,True,True,False,,,,
S1C_IW_GRDH_1SDV_20250421T053447_20250421T053516_001987_003FE6_9043_COG,2025,2025-04-21,descending,66,VH,RFIT_2797,8.48298415,45.34166505,,,,,,,,,,16.0,11357.0,True,True,False,,,,
S1C_IW_GRDH_1SDV_20250421T053447_20250421T053516_001987_003FE6_9043_COG,2025,2025-04-21,descending,66,VH,RFIT_2798,8.494840173,45.34166505,,,,,,,,,,0.0,11267.0,True,True,False,,,,
S1C_IW_GRDH_1SDV_20250421T053447_20250421T053516_001987_003FE6_9043_COG,2025,2025-04-21,descending,66,VH,RFIT_2862,8.128499986,45.34999838,,,,,,,,,,399.0,14083.0,True,True,False,,,,
S1C_IW_GRDH_1SDV_20250421T053447_20250421T053516_001987_003FE6_9043_COG,2025,2025-04-21,descending,66,VH,RFIT_2863,8.140357754,45.34999838,,,,,,,,,,383.0,13992.0,True,True,False,,,,
S1C_IW_GRDH_1SDV_20250421T053447_20250421T053516_001987_003FE6_9043_COG,2025,2025-04-21,descending,66,VH,RFIT_2864,8.152215522,45.34999838,,,,,,,,,,367.0,13902.0,True,True,False,,,,
S1C_IW_GRDH_1SDV_20250421T053447_20250421T053516_001987_003FE6_9043_COG,2025,2025-04-21,descending,66,VH,RFIT_2865,8.16407329,45.34999838,,,,,,,,,,352.0,13811.0,True,True,False,,,,
S1C_IW_GRDH_1SDV_20250421T053447_20250421T053516_001987_003FE6_9043_COG,2025,2025-04-21,descending,66,VH,RFIT_2866,8.175931058,45.34999838,,,,,,,,,,336.0,13721.0,True,True,False,,,,
S1C_IW_GRDH_1SDV_20250421T053447_20250421T053516_001987_003FE6_9043_COG,2025,2025-04-21,descending,66,VH,RFIT_2867,8.187788826,45.34999838,,,,,,,,,,320.0,13630.0,True,True,False,,,,
S1C_IW_GRDH_1SDV_20250421T053447_20250421T053516_001987_003FE6_9043_COG,2025,2025-04-21,descending,66,VH,RFIT_2868,8.199646594,45.34999838,,,,,,,,,,305.0,13540.0,True,True,False,,,,
S1C_IW_GRDH_1SDV_20250421T053447_20250421T053516_001987_003FE6_9043_COG,2025,2025-04-21,descending,66,VH,RFIT_2869,8.211504362,45.34999838,,,,,,,,,,289.0,13449.0,True,True,False,,,,
S1C_IW_GRDH_1SDV_20250421T053447_20250421T053516_001987_003FE6_9043_COG,2025,2025-04-21,descending,66,VH,RFIT_2870,8.22336213,45.34999838,,,,,,,,,,273.0,13359.0,True,True,False,,,,
S1C_IW_GRDH_1SDV_20250421T053447_20250421T053516_001987_003FE6_9043_COG,2025,2025-04-21,descending,66,VH,RFIT_2871,8.235219899,45.34999838,,,,,,,,,,258.0,13268.0,True,True,False,,,,
S1C_IW_GRDH_1SDV_20250421T053447_20250421T053516_001987_003FE6_9043_COG,2025,2025-04-21,descending,66,VH,RFIT_2872,8.258935435,45.34999838,,,,,,,,,,226.0,13087.0,True,True,False,,,,
S1C_IW_GRDH_1SDV_20250421T053447_20250421T053516_001987_003FE6_9043_COG,2025,2025-04-21,descending,66,VH,RFIT_2873,8.270793203,45.34999838,,,,,,,,,,210.0,12996.0,True,True,False,,,,
S1C_IW_GRDH_1SDV_20250421T053447_20250421T053516_001987_003FE6_9043_COG,2025,2025-04-21,descending,66,VH,RFIT_2874,8.282650971,45.34999838,,,,,,,,,,195.0,12906.0,True,True,False,,,,
S1C_IW_GRDH_1SDV_20250421T053447_20250421T053516_001987_003FE6_9043_COG,2025,2025-04-21,descending,66,VH,RFIT_2875,8.294508739,45.34999838,,,,,,,,,,179.0,12815.0,True,True,False,,,,
S1C_IW_GRDH_1SDV_20250421T053447_20250421T053516_001987_003FE6_9043_COG,2025,2025-04-21,descending,66,VH,RFIT_2876,8.306366507,45.34999838,,,,,,,,,,163.0,12725.0,True,True,False,,,,
S1C_IW_GRDH_1SDV_20250421T053447_20250421T053516_001987_003FE6_9043_COG,2025,2025-04-21,descending,66,VH,RFIT_2877,8.318224275,45.34999838,,,,,,,,,,147.0,12634.0,True,True,False,,,,
S1C_IW_GRDH_1SDV_20250421T053447_20250421T053516_001987_003FE6_9043_COG,2025,2025-04-21,descending,66,VH,RFIT_2878,8.330082043,45.34999838,,,,,,,,,,131.0,12543.0,True,True,False,,,,
S1C_IW_GRDH_1SDV_20250421T053447_20250421T053516_001987_003FE6_9043_COG,2025,2025-04-21,descending,66,VH,RFIT_2879,8.341939811,45.34999838,,,,,,,,,,116.0,12453.0,True,True,False,,,,
S1C_IW_GRDH_1SDV_20250421T053447_20250421T053516_001987_003FE6_9043_COG,2025,2025-04-21,descending,66,VH,RFIT_2880,8.353797579,45.34999838,,,,,,,,,,100.0,12362.0,True,True,False,,,,
S1C_IW_GRDH_1SDV_20250421T053447_20250421T053516_001987_003FE6_9043_COG,2025,2025-04-21,descending,66,VH,RFIT_2881,8.365655347,45.34999838,,,,,,,,,,84.0,12272.0,True,True,False,,,,
S1C_IW_GRDH_1SDV_20250421T053447_20250421T053516_001987_003FE6_9043_COG,2025,2025-04-21,descending,66,VH,RFIT_2882,8.377513115,45.34999838,,,,,,,,,,68.0,12181.0,True,True,False,,,,
S1C_IW_GRDH_1SDV_20250421T053447_20250421T053516_001987_003FE6_9043_COG,2025,2025-04-21,descending,66,VH,RFIT_2883,8.389370883,45.34999838,,,,,,,,,,52.0,12090.0,True,True,False,,,,
S1C_IW_GRDH_1SDV_20250421T053447_20250421T053516_001987_003FE6_9043_COG,2025,2025-04-21,descending,66,VH,RFIT_2884,8.401228651,45.34999838,,,,,,,,,,36.0,12000.0,True,True,False,,,,
S1C_IW_GRDH_1SDV_20250421T053447_20250421T053516_001987_003FE6_9043_COG,2025,2025-04-21,descending,66,VH,RFIT_2885,8.413086419,45.34999838,,,,,,,,,,20.0,11909.0,True,True,False,,,,
S1C_IW_GRDH_1SDV_20250421T053447_20250421T053516_001987_003FE6_9043_COG,2025,2025-04-21,descending,66,VH,RFIT_2886,8.424944187,45.34999838,,,,,,,,,,5.0,11818.0,True,True,False,,,,
S1C_IW_GRDH_1SDV_20250421T053447_20250421T053516_001987_003FE6_9043_COG,2025,2025-04-21,descending,66,VH,RFIT_2953,8.141556538,45.35833171,,,,,,,,,,291.0,14000.0,True,True,False,,,,
S1C_IW_GRDH_1SDV_20250421T053447_20250421T053516_001987_003FE6_9043_COG,2025,2025-04-21,descending,66,VH,RFIT_2954,8.153416052,45.35833171,,,,,,,,,,276.0,13909.0,True,True,False,,,,
S1C_IW_GRDH_1SDV_20250421T053447_20250421T053516_001987_003FE6_9043_COG,2025,2025-04-21,descending,66,VH,RFIT_2955,8.165275566,45.35833171,,,,,,,,,,260.0,13819.0,True,True,False,,,,
S1C_IW_GRDH_1SDV_20250421T053447_20250421T053516_001987_003FE6_9043_COG,2025,2025-04-21,descending,66,VH,RFIT_2956,8.177135081,45.35833171,,,,,,,,,,244.0,13728.0,True,True,False,,,,
S1C_IW_GRDH_1SDV_20250421T053447_20250421T053516_001987_003FE6_9043_COG,2025,2025-04-21,descending,66,VH,RFIT_2957,8.188994595,45.35833171,,,,,,,,,,229.0,13638.0,True,True,False,,,,
S1C_IW_GRDH_1SDV_20250421T053447_20250421T053516_001987_003FE6_9043_COG,2025,2025-04-21,descending,66,VH,RFIT_2958,8.200854109,45.35833171,,,,,,,,,,213.0,13547.0,True,True,False,,,,
S1C_IW_GRDH_1SDV_20250421T053447_20250421T053516_001987_003FE6_9043_COG,2025,2025-04-21,descending,66,VH,RFIT_2959,8.212713623,45.35833171,,,,,,,,,,197.0,13457.0,True,True,False,,,,
S1C_IW_GRDH_1SDV_20250421T053447_20250421T053516_001987_003FE6_9043_COG,2025,2025-04-21,descending,66,VH,RFIT_2960,8.224573138,45.35833171,,,,,,,,,,182.0,13366.0,True,True,False,,,,
S1C_IW_GRDH_1SDV_20250421T053447_20250421T053516_001987_003FE6_9043_COG,2025,2025-04-21,descending,66,VH,RFIT_2961,8.236432652,45.35833171,,,,,,,,,,166.0,13276.0,True,True,False,,,,
S1C_IW_GRDH_1SDV_20250421T053447_20250421T053516_001987_003FE6_9043_COG,2025,2025-04-21,descending,66,VH,RFIT_2962,8.248292166,45.35833171,,,,,,,,,,150.0,13185.0,True,True,False,,,,
S1C_IW_GRDH_1SDV_20250421T053447_20250421T053516_001987_003FE6_9043_COG,2025,2025-04-21,descending,66,VH,RFIT_2963,8.26015168,45.35833171,,,,,,,,,,134.0,13095.0,True,True,False,,,,
S1C_IW_GRDH_1SDV_20250421T053447_20250421T053516_001987_003FE6_9043_COG,2025,2025-04-21,descending,66,VH,RFIT_2964,8.272011195,45.35833171,,,,,,,,,,119.0,13004.0,True,True,False,,,,
S1C_IW_GRDH_1SDV_20250421T053447_20250421T053516_001987_003FE6_9043_COG,2025,2025-04-21,descending,66,VH,RFIT_2965,8.283870709,45.35833171,,,,,,,,,,103.0,12913.0,True,True,False,,,,
S1C_IW_GRDH_1SDV_20250421T053447_20250421T053516_001987_003FE6_9043_COG,2025,2025-04-21,descending,66,VH,RFIT_2966,8.295730223,45.35833171,,,,,,,,,,87.0,12823.0,True,True,False,,,,
S1C_IW_GRDH_1SDV_20250421T053447_20250421T053516_001987_003FE6_9043_COG,2025,2025-04-21,descending,66,VH,RFIT_2967,8.307589737,45.35833171,,,,,,,,,,71.0,12732.0,True,True,False,,,,
S1C_IW_GRDH_1SDV_20250421T053447_20250421T053516_001987_003FE6_9043_COG,2025,2025-04-21,descending,66,VH,RFIT_2968,8.319449252,45.35833171,,,,,,,,,,56.0,12642.0,True,True,False,,,,
S1C_IW_GRDH_1SDV_20250421T053447_20250421T053516_001987_003FE6_9043_COG,2025,2025-04-21,descending,66,VH,RFIT_2969,8.331308766,45.35833171,,,,,,,,,,40.0,12551.0,True,True,False,,,,
S1C_IW_GRDH_1SDV_20250421T053447_20250421T053516_001987_003FE6_9043_COG,2025,2025-04-21,descending,66,VH,RFIT_2970,8.34316828,45.35833171,,,,,,,,,,24.0,12460.0,True,True,False,,,,
S1C_IW_GRDH_1SDV_20250421T053447_20250421T053516_001987_003FE6_9043_COG,2025,2025-04-21,descending,66,VH,RFIT_2971,8.355027794,45.35833171,,,,,,,,,,8.0,12370.0,True,True,False,,,,
S1C_IW_GRDH_1SDV_20250421T053447_20250421T053516_001987_003FE6_9043_COG,2025,2025-04-21,descending,66,VH,RFIT_3042,8.130894585,45.36666504,,,,,,,,,,215.0,14098.0,True,True,False,,,,
S1C_IW_GRDH_1SDV_20250421T053447_20250421T053516_001987_003FE6_9043_COG,2025,2025-04-21,descending,66,VH,RFIT_3043,8.142755847,45.36666504,,,,,,,,,,200.0,14008.0,True,True,False,,,,
S1C_IW_GRDH_1SDV_20250421T053447_20250421T053516_001987_003FE6_9043_COG,2025,2025-04-21,descending,66,VH,RFIT_3044,8.154617108,45.36666504,,,,,,,,,,184.0,13917.0,True,True,False,,,,
S1C_IW_GRDH_1SDV_20250421T053447_20250421T053516_001987_003FE6_9043_COG,2025,2025-04-21,descending,66,VH,RFIT_3045,8.190200892,45.36666504,,,,,,,,,,137.0,13646.0,True,True,False,,,,
S1C_IW_GRDH_1SDV_20250421T053447_20250421T053516_001987_003FE6_9043_COG,2025,2025-04-21,descending,66,VH,RFIT_3046,8.202062153,45.36666504,,,,,,,,,,121.0,13555.0,True,True,False,,,,
S1C_IW_GRDH_1SDV_20250421T053447_20250421T053516_001987_003FE6_9043_COG,2025,2025-04-21,descending,66,VH,RFIT_3047,8.213923414,45.36666504,,,,,,,,,,106.0,13464.0,True,True,False,,,,
S1C_IW_GRDH_1SDV_20250421T053447_20250421T053516_001987_003FE6_9043_COG,2025,2025-04-21,descending,66,VH,RFIT_3048,8.225784675,45.36666504,,,,,,,,,,90.0,13374.0,True,True,False,,,,
S1C_IW_GRDH_1SDV_20250421T053447_20250421T053516_001987_003FE6_9043_COG,2025,2025-04-21,descending,66,VH,RFIT_3049,8.237645937,45.36666504,,,,,,,,,,74.0,13283.0,True,True,False,,,,
S1C_IW_GRDH_1SDV_20250421T053447_20250421T053516_001987_003FE6_9043_COG,2025,2025-04-21,descending,66,VH,RFIT_3050,8.249507198,45.36666504,,,,,,,,,,58.0,13193.0,True,True,False,,,,
S1C_IW_GRDH_1SDV_20250421T053447_20250421T053516_001987_003FE6_9043_COG,2025,2025-04-21,descending,66,VH,RFIT_3051,8.261368459,45.36666504,,,,,,,,,,43.0,13102.0,True,True,False,,,,
S1C_IW_GRDH_1SDV_20250421T053447_20250421T053516_001987_003FE6_9043_COG,2025,2025-04-21,descending,66,VH,RFIT_3052,8.27322972,45.36666504,,,,,,,,,,27.0,13012.0,True,True,False,,,,
S1C_IW_GRDH_1SDV_20250421T053447_20250421T053516_001987_003FE6_9043_COG,2025,2025-04-21,descending,66,VH,RFIT_3053,8.285090982,45.36666504,,,,,,,,,,11.0,12921.0,True,True,False,,,,
S1C_IW_GRDH_1SDV_20250421T053447_20250421T053516_001987_003FE6_9043_COG,2025,2025-04-21,descending,66,VH,RFIT_3131,8.132092672,45.37499838,,,,,,,,,,123.0,14106.0,True,True,False,,,,
S1C_IW_GRDH_1SDV_20250421T053447_20250421T053516_001987_003FE6_9043_COG,2025,2025-04-21,descending,66,VH,RFIT_3132,8.143955681,45.37499838,,,,,,,,,,108.0,14015.0,True,True,False,,,,
S1C_IW_GRDH_1SDV_20250421T053447_20250421T053516_001987_003FE6_9043_COG,2025,2025-04-21,descending,66,VH,RFIT_3133,8.15581869,45.37499838,,,,,,,,,,92.0,13925.0,True,True,False,,,,
S1C_IW_GRDH_1SDV_20250421T053447_20250421T053516_001987_003FE6_9043_COG,2025,2025-04-21,descending,66,VH,RFIT_3134,8.167681699,45.37499838,,,,,,,,,,76.0,13834.0,True,True,False,,,,
S1C_IW_GRDH_1SDV_20250421T053447_20250421T053516_001987_003FE6_9043_COG,2025,2025-04-21,descending,66,VH,RFIT_3135,8.179544708,45.37499838,,,,,,,,,,61.0,13744.0,True,True,False,,,,
S1C_IW_GRDH_1SDV_20250421T053447_20250421T053516_001987_003FE6_9043_COG,2025,2025-04-21,descending,66,VH,RFIT_3136,8.191407717,45.37499838,,,,,,,,,,45.0,13653.0,True,True,False,,,,
S1C_IW_GRDH_1SDV_20250421T053447_20250421T053516_001987_003FE6_9043_COG,2025,2025-04-21,descending,66,VH,RFIT_3137,8.203270726,45.37499838,,,,,,,,,,29.0,13563.0,True,True,False,,,,
S1C_IW_GRDH_1SDV_20250421T053447_20250421T053516_001987_003FE6_9043_COG,2025,2025-04-21,descending,66,VH,RFIT_3138,8.215133735,45.37499838,,,,,,,,,,14.0,13472.0,True,True,False,,,,
S1C_IW_GRDH_1SDV_20250421T053447_20250421T053516_001987_003FE6_9043_COG,2025,2025-04-21,descending,66,VH,RFIT_3221,8.133291284,45.38333171,,,,,,,,,,32.0,14113.0,True,True,False,,,,
S1C_IW_GRDH_1SDV_20250421T053447_20250421T053516_001987_003FE6_9043_COG,2025,2025-04-21,descending,66,VH,RFIT_3222,8.145156042,45.38333171,,,,,,,,,,16.0,14023.0,True,True,False,,,,
S1C_IW_GRDH_1SDV_20250421T053447_20250421T053516_001987_003FE6_9043_COG,2025,2025-04-21,descending,66,VH,RFIT_3223,8.157020799,45.38333171,,,,,,,,,,0.0,13932.0,True,True,False,,,,
S1C_IW_GRDH_1SDV_20250421T053447_20250421T053516_001987_003FE6_9043_COG,2025,2025-04-21,descending,66,VV,RFIT_1781,8.694183129,45.24999838,720.0,9548.0,True,True,False,,,,,,,,,,,,,
S1C_IW_GRDH_1SDV_20250421T053447_20250421T053516_001987_003FE6_9043_COG,2025,2025-04-21,descending,66,VV,RFIT_1782,8.706020002,45.24999838,703.0,9457.0,True,True,False,,,,,,,,,,,,,
S1C_IW_GRDH_1SDV_20250421T053447_20250421T053516_001987_003FE6_9043_COG,2025,2025-04-21,descending,66,VV,RFIT_1783,8.717856875,45.24999838,687.0,9366.0,True,True,False,,,,,,,,,,,,,
S1C_IW_GRDH_1SDV_20250421T053447_20250421T053516_001987_003FE6_9043_COG,2025,2025-04-21,descending,66,VV,RFIT_1874,8.63626596,45.25833171,709.0,10010.0,True,True,False,,,,,,,,,,,,,
S1C_IW_GRDH_1SDV_20250421T053447_20250421T053516_001987_003FE6_9043_COG,2025,2025-04-21,descending,66,VV,RFIT_1875,8.64810457,45.25833171,693.0,9919.0,True,True,False,,,,,,,,,,,,,
S1C_IW_GRDH_1SDV_20250421T053447_20250421T053516_001987_003FE6_9043_COG,2025,2025-04-21,descending,66,VV,RFIT_1876,8.659943179,45.25833171,676.0,9828.0,True,True,False,,,,,,,,,,,,,
S1C_IW_GRDH_1SDV_20250421T053447_20250421T053516_001987_003FE6_9043_COG,2025,2025-04-21,descending,66,VV,RFIT_1877,8.671781789,45.25833171,660.0,9737.0,True,True,False,,,,,,,,,,,,,
S1C_IW_GRDH_1SDV_20250421T053447_20250421T053516_001987_003FE6_9043_COG,2025,2025-04-21,descending,66,VV,RFIT_1878,8.683620399,45.25833171,644.0,9647.0,True,True,False,,,,,,,,,,,,,
S1C_IW_GRDH_1SDV_20250421T053447_20250421T053516_001987_003FE6_9043_COG,2025,2025-04-21,descending,66,VV,RFIT_1879,8.695459009,45.25833171,628.0,9556.0,True,True,False,,,,,,,,,,,,,
S1C_IW_GRDH_1SDV_20250421T053447_20250421T053516_001987_003FE6_9043_COG,2025,2025-04-21,descending,66,VV,RFIT_1880,8.707297619,45.25833171,612.0,9465.0,True,True,False,,,,,,,,,,,,,
S1C_IW_GRDH_1SDV_20250421T053447_20250421T053516_001987_003FE6_9043_COG,2025,2025-04-21,descending,66,VV,RFIT_1881,8.719136229,45.25833171,595.0,9374.0,True,True,False,,,,,,,,,,,,,
S1C_IW_GRDH_1SDV_20250421T053447_20250421T053516_001987_003FE6_9043_COG,2025,2025-04-21,descending,66,VV,RFIT_1882,8.754652059,45.25833171,546.0,9102.0,True,True,False,,,,,,,,,,,,,
S1C_IW_GRDH_1SDV_20250421T053447_20250421T053516_001987_003FE6_9043_COG,2025,2025-04-21,descending,66,VV,RFIT_1966,8.566491622,45.26666505,714.0,10562.0,True,True,False,,,,,,,,,,,,,
S1C_IW_GRDH_1SDV_20250421T053447_20250421T053516_001987_003FE6_9043_COG,2025,2025-04-21,descending,66,VV,RFIT_1967,8.57833197,45.26666505,698.0,10471.0,True,True,False,,,,,,,,,,,,,
S1C_IW_GRDH_1SDV_20250421T053447_20250421T053516_001987_003FE6_9043_COG,2025,2025-04-21,descending,66,VV,RFIT_1968,8.590172318,45.26666505,682.0,10381.0,True,True,False,,,,,,,,,,,,,
S1C_IW_GRDH_1SDV_20250421T053447_20250421T053516_001987_003FE6_9043_COG,2025,2025-04-21,descending,66,VV,RFIT_1969,8.602012666,45.26666505,666.0,10290.0,True,True,False,,,,,,,,,,,,,
S1C_IW_GRDH_1SDV_20250421T053447_20250421T053516_001987_003FE6_9043_COG,2025,2025-04-21,descending,66,VV,RFIT_1970,8.613853013,45.26666505,649.0,10199.0,True,True,False,,,,,,,,,,,,,
S1C_IW_GRDH_1SDV_20250421T053447_20250421T053516_001987_003FE6_9043_COG,2025,2025-04-21,descending,66,VV,RFIT_1971,8.625693361,45.26666505,633.0,10108.0,True,True,False,,,,,,,,,,,,,
S1C_IW_GRDH_1SDV_20250421T053447_20250421T053516_001987_003FE6_9043_COG,2025,2025-04-21,descending,66,VV,RFIT_1972,8.637533709,45.26666505,617.0,10018.0,True,True,False,,,,,,,,,,,,,
S1C_IW_GRDH_1SDV_20250421T053447_20250421T053516_001987_003FE6_9043_COG,2025,2025-04-21,descending,66,VV,RFIT_1973,8.649374057,45.26666505,601.0,9927.0,True,True,False,,,,,,,,,,,,,
S1C_IW_GRDH_1SDV_20250421T053447_20250421T053516_001987_003FE6_9043_COG,2025,2025-04-21,descending,66,VV,RFIT_1974,8.661214405,45.26666505,585.0,9836.0,True,True,False,,,,,,,,,,,,,
S1C_IW_GRDH_1SDV_20250421T053447_20250421T053516_001987_003FE6_9043_COG,2025,2025-04-21,descending,66,VV,RFIT_1975,8.673054752,45.26666505,568.0,9745.0,True,True,False,,,,,,,,,,,,,
S1C_IW_GRDH_1SDV_20250421T053447_20250421T053516_001987_003FE6_9043_COG,2025,2025-04-21,descending,66,VV,RFIT_1976,8.6848951,45.26666505,552.0,9654.0,True,True,False,,,,,,,,,,,,,
S1C_IW_GRDH_1SDV_20250421T053447_20250421T053516_001987_003FE6_9043_COG,2025,2025-04-21,descending,66,VV,RFIT_1977,8.696735448,45.26666505,536.0,9564.0,True,True,False,,,,,,,,,,,,,
S1C_IW_GRDH_1SDV_20250421T053447_20250421T053516_001987_003FE6_9043_COG,2025,2025-04-21,descending,66,VV,RFIT_1978,8.708575796,45.26666505,520.0,9473.0,True,True,False,,,,,,,,,,,,,
S1C_IW_GRDH_1SDV_20250421T053447_20250421T053516_001987_003FE6_9043_COG,2025,2025-04-21,descending,66,VV,RFIT_1979,8.720416144,45.26666505,504.0,9382.0,True,True,False,,,,,,,,,,,,,
S1C_IW_GRDH_1SDV_20250421T053447_20250421T053516_001987_003FE6_9043_COG,2025,2025-04-21,descending,66,VV,RFIT_1980,8.732256491,45.26666505,487.0,9291.0,True,True,False,,,,,,,,,,,,,
S1C_IW_GRDH_1SDV_20250421T053447_20250421T053516_001987_003FE6_9043_COG,2025,2025-04-21,descending,66,VV,RFIT_1981,8.744096839,45.26666505,471.0,9200.0,True,True,False,,,,,,,,,,,,,
S1C_IW_GRDH_1SDV_20250421T053447_20250421T053516_001987_003FE6_9043_COG,2025,2025-04-21,descending,66,VV,RFIT_1982,8.755937187,45.26666505,455.0,9109.0,True,True,False,,,,,,,,,,,,,
S1C_IW_GRDH_1SDV_20250421T053447_20250421T053516_001987_003FE6_9043_COG,2025,2025-04-21,descending,66,VV,RFIT_2065,8.496696977,45.27499838,718.0,11114.0,True,True,False,,,,,,,,,,,,,
S1C_IW_GRDH_1SDV_20250421T053447_20250421T053516_001987_003FE6_9043_COG,2025,2025-04-21,descending,66,VV,RFIT_2066,8.508539063,45.27499838,702.0,11024.0,True,True,False,,,,,,,,,,,,,
S1C_IW_GRDH_1SDV_20250421T053447_20250421T053516_001987_003FE6_9043_COG,2025,2025-04-21,descending,66,VV,RFIT_2067,8.52038115,45.27499838,686.0,10933.0,True,True,False,,,,,,,,,,,,,
S1C_IW_GRDH_1SDV_20250421T053447_20250421T053516_001987_003FE6_9043_COG,2025,2025-04-21,descending,66,VV,RFIT_2068,8.532223236,45.27499838,670.0,10842.0,True,True,False,,,,,,,,,,,,,
S1C_IW_GRDH_1SDV_20250421T053447_20250421T053516_001987_003FE6_9043_COG,2025,2025-04-21,descending,66,VV,RFIT_2069,8.555907409,45.27499838,638.0,10661.0,True,True,False,,,,,,,,,,,,,
S1C_IW_GRDH_1SDV_20250421T053447_20250421T053516_001987_003FE6_9043_COG,2025,2025-04-21,descending,66,VV,RFIT_2070,8.567749495,45.27499838,622.0,10570.0,True,True,False,,,,,,,,,,,,,
S1C_IW_GRDH_1SDV_20250421T053447_20250421T053516_001987_003FE6_9043_COG,2025,2025-04-21,descending,66,VV,RFIT_2071,8.579591582,45.27499838,606.0,10479.0,True,True,False,,,,,,,,,,,,,
S1C_IW_GRDH_1SDV_20250421T053447_20250421T053516_001987_003FE6_9043_COG,2025,2025-04-21,descending,66,VV,RFIT_2072,8.591433668,45.27499838,590.0,10388.0,True,True,False,,,,,,,,,,,,,
S1C_IW_GRDH_1SDV_20250421T053447_20250421T053516_001987_003FE6_9043_COG,2025,2025-04-21,descending,66,VV,RFIT_2073,8.603275754,45.27499838,574.0,10298.0,True,True,False,,,,,,,,,,,,,
S1C_IW_GRDH_1SDV_20250421T053447_20250421T053516_001987_003FE6_9043_COG,2025,2025-04-21,descending,66,VV,RFIT_2074,8.615117841,45.27499838,558.0,10207.0,True,True,False,,,,,,,,,,,,,
S1C_IW_GRDH_1SDV_20250421T053447_20250421T053516_001987_003FE6_9043_COG,2025,2025-04-21,descending,66,VV,RFIT_2075,8.626959927,45.27499838,541.0,10116.0,True,True,False,,,,,,,,,,,,,
S1C_IW_GRDH_1SDV_20250421T053447_20250421T053516_001987_003FE6_9043_COG,2025,2025-04-21,descending,66,VV,RFIT_2076,8.638802014,45.27499838,525.0,10025.0,True,True,False,,,,,,,,,,,,,
S1C_IW_GRDH_1SDV_20250421T053447_20250421T053516_001987_003FE6_9043_COG,2025,2025-04-21,descending,66,VV,RFIT_2077,8.6506441,45.27499838,509.0,9934.0,True,True,False,,,,,,,,,,,,,
S1C_IW_GRDH_1SDV_20250421T053447_20250421T053516_001987_003FE6_9043_COG,2025,2025-04-21,descending,66,VV,RFIT_2078,8.662486186,45.27499838,493.0,9844.0,True,True,False,,,,,,,,,,,,,
S1C_IW_GRDH_1SDV_20250421T053447_20250421T053516_001987_003FE6_9043_COG,2025,2025-04-21,descending,66,VV,RFIT_2079,8.674328273,45.27499838,477.0,9753.0,True,True,False,,,,,,,,,,,,,
S1C_IW_GRDH_1SDV_20250421T053447_20250421T053516_001987_003FE6_9043_COG,2025,2025-04-21,descending,66,VV,RFIT_2080,8.686170359,45.27499838,461.0,9662.0,True,True,False,,,,,,,,,,,,,
S1C_IW_GRDH_1SDV_20250421T053447_20250421T053516_001987_003FE6_9043_COG,2025,2025-04-21,descending,66,VV,RFIT_2081,8.698012445,45.27499838,444.0,9571.0,True,True,False,,,,,,,,,,,,,
S1C_IW_GRDH_1SDV_20250421T053447_20250421T053516_001987_003FE6_9043_COG,2025,2025-04-21,descending,66,VV,RFIT_2082,8.709854532,45.27499838,428.0,9480.0,True,True,False,,,,,,,,,,,,,
S1C_IW_GRDH_1SDV_20250421T053447_20250421T053516_001987_003FE6_9043_COG,2025,2025-04-21,descending,66,VV,RFIT_2083,8.721696618,45.27499838,412.0,9390.0,True,True,False,,,,,,,,,,,,,
S1C_IW_GRDH_1SDV_20250421T053447_20250421T053516_001987_003FE6_9043_COG,2025,2025-04-21,descending,66,VV,RFIT_2084,8.733538705,45.27499838,396.0,9299.0,True,True,False,,,,,,,,,,,,,
S1C_IW_GRDH_1SDV_20250421T053447_20250421T053516_001987_003FE6_9043_COG,2025,2025-04-21,descending,66,VV,RFIT_2085,8.745380791,45.27499838,379.0,9208.0,True,True,False,,,,,,,,,,,,,
S1C_IW_GRDH_1SDV_20250421T053447_20250421T053516_001987_003FE6_9043_COG,2025,2025-04-21,descending,66,VV,RFIT_2160,8.438725836,45.28333171,707.0,11576.0,True,True,False,,,,,,,,,,,,,
S1C_IW_GRDH_1SDV_20250421T053447_20250421T053516_001987_003FE6_9043_COG,2025,2025-04-21,descending,66,VV,RFIT_2161,8.450569662,45.28333171,691.0,11485.0,True,True,False,,,,,,,,,,,,,
S1C_IW_GRDH_1SDV_20250421T053447_20250421T053516_001987_003FE6_9043_COG,2025,2025-04-21,descending,66,VV,RFIT_2162,8.462413487,45.28333171,675.0,11394.0,True,True,False,,,,,,,,,,,,,
S1C_IW_GRDH_1SDV_20250421T053447_20250421T053516_001987_003FE6_9043_COG,2025,2025-04-21,descending,66,VV,RFIT_2163,8.474257313,45.28333171,659.0,11303.0,True,True,False,,,,,,,,,,,,,
S1C_IW_GRDH_1SDV_20250421T053447_20250421T053516_001987_003FE6_9043_COG,2025,2025-04-21,descending,66,VV,RFIT_2164,8.486101139,45.28333171,643.0,11213.0,True,True,False,,,,,,,,,,,,,
S1C_IW_GRDH_1SDV_20250421T053447_20250421T053516_001987_003FE6_9043_COG,2025,2025-04-21,descending,66,VV,RFIT_2165,8.497944965,45.28333171,627.0,11122.0,True,True,False,,,,,,,,,,,,,
S1C_IW_GRDH_1SDV_20250421T053447_20250421T053516_001987_003FE6_9043_COG,2025,2025-04-21,descending,66,VV,RFIT_2166,8.50978879,45.28333171,611.0,11031.0,True,True,False,,,,,,,,,,,,,
S1C_IW_GRDH_1SDV_20250421T053447_20250421T053516_001987_003FE6_9043_COG,2025,2025-04-21,descending,66,VV,RFIT_2167,8.521632616,45.28333171,595.0,10941.0,True,True,False,,,,,,,,,,,,,
S1C_IW_GRDH_1SDV_20250421T053447_20250421T053516_001987_003FE6_9043_COG,2025,2025-04-21,descending,66,VV,RFIT_2168,8.545320268,45.28333171,563.0,10759.0,True,True,False,,,,,,,,,,,,,
S1C_IW_GRDH_1SDV_20250421T053447_20250421T053516_001987_003FE6_9043_COG,2025,2025-04-21,descending,66,VV,RFIT_2169,8.557164093,45.28333171,546.0,10668.0,True,True,False,,,,,,,,,,,,,
S1C_IW_GRDH_1SDV_20250421T053447_20250421T053516_001987_003FE6_9043_COG,2025,2025-04-21,descending,66,VV,RFIT_2170,8.569007919,45.28333171,530.0,10578.0,True,True,False,,,,,,,,,,,,,
S1C_IW_GRDH_1SDV_20250421T053447_20250421T053516_001987_003FE6_9043_COG,2025,2025-04-21,descending,66,VV,RFIT_2171,8.580851745,45.28333171,514.0,10487.0,True,True,False,,,,,,,,,,,,,
S1C_IW_GRDH_1SDV_20250421T053447_20250421T053516_001987_003FE6_9043_COG,2025,2025-04-21,descending,66,VV,RFIT_2172,8.604539396,45.28333171,482.0,10305.0,True,True,False,,,,,,,,,,,,,
S1C_IW_GRDH_1SDV_20250421T053447_20250421T053516_001987_003FE6_9043_COG,2025,2025-04-21,descending,66,VV,RFIT_2173,8.616383222,45.28333171,466.0,10215.0,True,True,False,,,,,,,,,,,,,
S1C_IW_GRDH_1SDV_20250421T053447_20250421T053516_001987_003FE6_9043_COG,2025,2025-04-21,descending,66,VV,RFIT_2174,8.628227048,45.28333171,450.0,10124.0,True,True,False,,,,,,,,,,,,,
S1C_IW_GRDH_1SDV_20250421T053447_20250421T053516_001987_003FE6_9043_COG,2025,2025-04-21,descending,66,VV,RFIT_2175,8.640070873,45.28333171,434.0,10033.0,True,True,False,,,,,,,,,,,,,
S1C_IW_GRDH_1SDV_20250421T053447_20250421T053516_001987_003FE6_9043_COG,2025,2025-04-21,descending,66,VV,RFIT_2176,8.651914699,45.28333171,417.0,9942.0,True,True,False,,,,,,,,,,,,,
S1C_IW_GRDH_1SDV_20250421T053447_20250421T053516_001987_003FE6_9043_COG,2025,2025-04-21,descending,66,VV,RFIT_2177,8.663758525,45.28333171,401.0,9851.0,True,True,False,,,,,,,,,,,,,
S1C_IW_GRDH_1SDV_20250421T053447_20250421T053516_001987_003FE6_9043_COG,2025,2025-04-21,descending,66,VV,RFIT_2178,8.675602351,45.28333171,385.0,9761.0,True,True,False,,,,,,,,,,,,,
S1C_IW_GRDH_1SDV_20250421T053447_20250421T053516_001987_003FE6_9043_COG,2025,2025-04-21,descending,66,VV,RFIT_2179,8.687446176,45.28333171,369.0,9670.0,True,True,False,,,,,,,,,,,,,
S1C_IW_GRDH_1SDV_20250421T053447_20250421T053516_001987_003FE6_9043_COG,2025,2025-04-21,descending,66,VV,RFIT_2180,8.699290002,45.28333171,353.0,9579.0,True,True,False,,,,,,,,,,,,,
S1C_IW_GRDH_1SDV_20250421T053447_20250421T053516_001987_003FE6_9043_COG,2025,2025-04-21,descending,66,VV,RFIT_2181,8.711133828,45.28333171,336.0,9488.0,True,True,False,,,,,,,,,,,,,
S1C_IW_GRDH_1SDV_20250421T053447_20250421T053516_001987_003FE6_9043_COG,2025,2025-04-21,descending,66,VV,RFIT_2182,8.722977654,45.28333171,320.0,9397.0,True,True,False,,,,,,,,,,,,,
S1C_IW_GRDH_1SDV_20250421T053447_20250421T053516_001987_003FE6_9043_COG,2025,2025-04-21,descending,66,VV,RFIT_2183,8.734821479,45.28333171,304.0,9306.0,True,True,False,,,,,,,,,,,,,
S1C_IW_GRDH_1SDV_20250421T053447_20250421T053516_001987_003FE6_9043_COG,2025,2025-04-21,descending,66,VV,RFIT_2184,8.746665305,45.28333171,288.0,9216.0,True,True,False,,,,,,,,,,,,,
S1C_IW_GRDH_1SDV_20250421T053447_20250421T053516_001987_003FE6_9043_COG,2025,2025-04-21,descending,66,VV,RFIT_2252,8.368892274,45.29166505,710.0,12127.0,True,True,False,,,,,,,,,,,,,
S1C_IW_GRDH_1SDV_20250421T053447_20250421T053516_001987_003FE6_9043_COG,2025,2025-04-21,descending,66,VV,RFIT_2253,8.38073784,45.29166505,694.0,12037.0,True,True,False,,,,,,,,,,,,,
S1C_IW_GRDH_1SDV_20250421T053447_20250421T053516_001987_003FE6_9043_COG,2025,2025-04-21,descending,66,VV,RFIT_2254,8.392583406,45.29166505,679.0,11946.0,True,True,False,,,,,,,,,,,,,
S1C_IW_GRDH_1SDV_20250421T053447_20250421T053516_001987_003FE6_9043_COG,2025,2025-04-21,descending,66,VV,RFIT_2255,8.404428972,45.29166505,663.0,11855.0,True,True,False,,,,,,,,,,,,,
S1C_IW_GRDH_1SDV_20250421T053447_20250421T053516_001987_003FE6_9043_COG,2025,2025-04-21,descending,66,VV,RFIT_2256,8.416274538,45.29166505,647.0,11765.0,True,True,False,,,,,,,,,,,,,
S1C_IW_GRDH_1SDV_20250421T053447_20250421T053516_001987_003FE6_9043_COG,2025,2025-04-21,descending,66,VV,RFIT_2257,8.428120104,45.29166505,631.0,11674.0,True,True,False,,,,,,,,,,,,,
S1C_IW_GRDH_1SDV_20250421T053447_20250421T053516_001987_003FE6_9043_COG,2025,2025-04-21,descending,66,VV,RFIT_2258,8.439965669,45.29166505,615.0,11583.0,True,True,False,,,,,,,,,,,,,
S1C_IW_GRDH_1SDV_20250421T053447_20250421T053516_001987_003FE6_9043_COG,2025,2025-04-21,descending,66,VV,RFIT_2259,8.451811235,45.29166505,599.0,11493.0,True,True,False,,,,,,,,,,,,,
S1C_IW_GRDH_1SDV_20250421T053447_20250421T053516_001987_003FE6_9043_COG,2025,2025-04-21,descending,66,VV,RFIT_2260,8.463656801,45.29166505,583.0,11402.0,True,True,False,,,,,,,,,,,,,
S1C_IW_GRDH_1SDV_20250421T053447_20250421T053516_001987_003FE6_9043_COG,2025,2025-04-21,descending,66,VV,RFIT_2261,8.475502367,45.29166505,567.0,11311.0,True,True,False,,,,,,,,,,,,,
S1C_IW_GRDH_1SDV_20250421T053447_20250421T053516_001987_003FE6_9043_COG,2025,2025-04-21,descending,66,VV,RFIT_2262,8.487347933,45.29166505,551.0,11220.0,True,True,False,,,,,,,,,,,,,
S1C_IW_GRDH_1SDV_20250421T053447_20250421T053516_001987_003FE6_9043_COG,2025,2025-04-21,descending,66,VV,RFIT_2263,8.499193499,45.29166505,535.0,11130.0,True,True,False,,,,,,,,,,,,,
S1C_IW_GRDH_1SDV_20250421T053447_20250421T053516_001987_003FE6_9043_COG,2025,2025-04-21,descending,66,VV,RFIT_2264,8.511039065,45.29166505,519.0,11039.0,True,True,False,,,,,,,,,,,,,
S1C_IW_GRDH_1SDV_20250421T053447_20250421T053516_001987_003FE6_9043_COG,2025,2025-04-21,descending,66,VV,RFIT_2265,8.534730196,45.29166505,487.0,10858.0,True,True,False,,,,,,,,,,,,,
S1C_IW_GRDH_1SDV_20250421T053447_20250421T053516_001987_003FE6_9043_COG,2025,2025-04-21,descending,66,VV,RFIT_2266,8.546575762,45.29166505,471.0,10767.0,True,True,False,,,,,,,,,,,,,
S1C_IW_GRDH_1SDV_20250421T053447_20250421T053516_001987_003FE6_9043_COG,2025,2025-04-21,descending,66,VV,RFIT_2267,8.558421328,45.29166505,455.0,10676.0,True,True,False,,,,,,,,,,,,,
S1C_IW_GRDH_1SDV_20250421T053447_20250421T053516_001987_003FE6_9043_COG,2025,2025-04-21,descending,66,VV,RFIT_2268,8.570266894,45.29166505,439.0,10585.0,True,True,False,,,,,,,,,,,,,
S1C_IW_GRDH_1SDV_20250421T053447_20250421T053516_001987_003FE6_9043_COG,2025,2025-04-21,descending,66,VV,RFIT_2269,8.605803591,45.29166505,390.0,10313.0,True,True,False,,,,,,,,,,,,,
S1C_IW_GRDH_1SDV_20250421T053447_20250421T053516_001987_003FE6_9043_COG,2025,2025-04-21,descending,66,VV,RFIT_2270,8.617649157,45.29166505,374.0,10222.0,True,True,False,,,,,,,,,,,,,
S1C_IW_GRDH_1SDV_20250421T053447_20250421T053516_001987_003FE6_9043_COG,2025,2025-04-21,descending,66,VV,RFIT_2271,8.629494723,45.29166505,358.0,10131.0,True,True,False,,,,,,,,,,,,,
S1C_IW_GRDH_1SDV_20250421T053447_20250421T053516_001987_003FE6_9043_COG,2025,2025-04-21,descending,66,VV,RFIT_2272,8.641340289,45.29166505,342.0,10041.0,True,True,False,,,,,,,,,,,,,
S1C_IW_GRDH_1SDV_20250421T053447_20250421T053516_001987_003FE6_9043_COG,2025,2025-04-21,descending,66,VV,RFIT_2273,8.653185855,45.29166505,326.0,9950.0,True,True,False,,,,,,,,,,,,,
S1C_IW_GRDH_1SDV_20250421T053447_20250421T053516_001987_003FE6_9043_COG,2025,2025-04-21,descending,66,VV,RFIT_2274,8.665031421,45.29166505,310.0,9859.0,True,True,False,,,,,,,,,,,,,
S1C_IW_GRDH_1SDV_20250421T053447_20250421T053516_001987_003FE6_9043_COG,2025,2025-04-21,descending,66,VV,RFIT_2275,8.676876986,45.29166505,293.0,9768.0,True,True,False,,,,,,,,,,,,,
S1C_IW_GRDH_1SDV_20250421T053447_20250421T053516_001987_003FE6_9043_COG,2025,2025-04-21,descending,66,VV,RFIT_2276,8.688722552,45.29166505,277.0,9677.0,True,True,False,,,,,,,,,,,,,
S1C_IW_GRDH_1SDV_20250421T053447_20250421T053516_001987_003FE6_9043_COG,2025,2025-04-21,descending,66,VV,RFIT_2277,8.700568118,45.29166505,261.0,9587.0,True,True,False,,,,,,,,,,,,,
S1C_IW_GRDH_1SDV_20250421T053447_20250421T053516_001987_003FE6_9043_COG,2025,2025-04-21,descending,66,VV,RFIT_2278,8.712413684,45.29166505,245.0,9496.0,True,True,False,,,,,,,,,,,,,
S1C_IW_GRDH_1SDV_20250421T053447_20250421T053516_001987_003FE6_9043_COG,2025,2025-04-21,descending,66,VV,RFIT_2279,8.72425925,45.29166505,228.0,9405.0,True,True,False,,,,,,,,,,,,,
S1C_IW_GRDH_1SDV_20250421T053447_20250421T053516_001987_003FE6_9043_COG,2025,2025-04-21,descending,66,VV,RFIT_2280,8.736104816,45.29166505,212.0,9314.0,True,True,False,,,,,,,,,,,,,
S1C_IW_GRDH_1SDV_20250421T053447_20250421T053516_001987_003FE6_9043_COG,2025,2025-04-21,descending,66,VV,RFIT_2281,8.747950382,45.29166505,196.0,9223.0,True,True,False,,,,,,,,,,,,,
S1C_IW_GRDH_1SDV_20250421T053447_20250421T053516_001987_003FE6_9043_COG,2025,2025-04-21,descending,66,VV,RFIT_2341,8.299038365,45.29999838,714.0,12679.0,True,True,False,,,,,,,,,,,,,
S1C_IW_GRDH_1SDV_20250421T053447_20250421T053516_001987_003FE6_9043_COG,2025,2025-04-21,descending,66,VV,RFIT_2342,8.310885672,45.29999838,698.0,12588.0,True,True,False,,,,,,,,,,,,,
S1C_IW_GRDH_1SDV_20250421T053447_20250421T053516_001987_003FE6_9043_COG,2025,2025-04-21,descending,66,VV,RFIT_2343,8.322732979,45.29999838,682.0,12497.0,True,True,False,,,,,,,,,,,,,
S1C_IW_GRDH_1SDV_20250421T053447_20250421T053516_001987_003FE6_9043_COG,2025,2025-04-21,descending,66,VV,RFIT_2344,8.334580285,45.29999838,666.0,12407.0,True,True,False,,,,,,,,,,,,,
S1C_IW_GRDH_1SDV_20250421T053447_20250421T053516_001987_003FE6_9043_COG,2025,2025-04-21,descending,66,VV,RFIT_2345,8.346427592,45.29999838,650.0,12316.0,True,True,False,,,,,,,,,,,,,
S1C_IW_GRDH_1SDV_20250421T053447_20250421T053516_001987_003FE6_9043_COG,2025,2025-04-21,descending,66,VV,RFIT_2346,8.358274899,45.29999838,635.0,12226.0,True,True,False,,,,,,,,,,,,,
S1C_IW_GRDH_1SDV_20250421T053447_20250421T053516_001987_003FE6_9043_COG,2025,2025-04-21,descending,66,VV,RFIT_2347,8.370122205,45.29999838,619.0,12135.0,True,True,False,,,,,,,,,,,,,
S1C_IW_GRDH_1SDV_20250421T053447_20250421T053516_001987_003FE6_9043_COG,2025,2025-04-21,descending,66,VV,RFIT_2348,8.381969512,45.29999838,603.0,12044.0,True,True,False,,,,,,,,,,,,,
S1C_IW_GRDH_1SDV_20250421T053447_20250421T053516_001987_003FE6_9043_COG,2025,2025-04-21,descending,66,VV,RFIT_2349,8.393816819,45.29999838,587.0,11954.0,True,True,False,,,,,,,,,,,,,
S1C_IW_GRDH_1SDV_20250421T053447_20250421T053516_001987_003FE6_9043_COG,2025,2025-04-21,descending,66,VV,RFIT_2350,8.405664126,45.29999838,571.0,11863.0,True,True,False,,,,,,,,,,,,,
S1C_IW_GRDH_1SDV_20250421T053447_20250421T053516_001987_003FE6_9043_COG,2025,2025-04-21,descending,66,VV,RFIT_2351,8.417511432,45.29999838,555.0,11772.0,True,True,False,,,,,,,,,,,,,
S1C_IW_GRDH_1SDV_20250421T053447_20250421T053516_001987_003FE6_9043_COG,2025,2025-04-21,descending,66,VV,RFIT_2352,8.429358739,45.29999838,539.0,11682.0,True,True,False,,,,,,,,,,,,,
S1C_IW_GRDH_1SDV_20250421T053447_20250421T053516_001987_003FE6_9043_COG,2025,2025-04-21,descending,66,VV,RFIT_2353,8.441206046,45.29999838,523.0,11591.0,True,True,False,,,,,,,,,,,,,
S1C_IW_GRDH_1SDV_20250421T053447_20250421T053516_001987_003FE6_9043_COG,2025,2025-04-21,descending,66,VV,RFIT_2354,8.453053353,45.29999838,507.0,11500.0,True,True,False,,,,,,,,,,,,,
S1C_IW_GRDH_1SDV_20250421T053447_20250421T053516_001987_003FE6_9043_COG,2025,2025-04-21,descending,66,VV,RFIT_2355,8.464900659,45.29999838,491.0,11409.0,True,True,False,,,,,,,,,,,,,
S1C_IW_GRDH_1SDV_20250421T053447_20250421T053516_001987_003FE6_9043_COG,2025,2025-04-21,descending,66,VV,RFIT_2356,8.524137193,45.29999838,411.0,10956.0,True,True,False,,,,,,,,,,,,,
S1C_IW_GRDH_1SDV_20250421T053447_20250421T053516_001987_003FE6_9043_COG,2025,2025-04-21,descending,66,VV,RFIT_2357,8.547831806,45.29999838,379.0,10774.0,True,True,False,,,,,,,,,,,,,
S1C_IW_GRDH_1SDV_20250421T053447_20250421T053516_001987_003FE6_9043_COG,2025,2025-04-21,descending,66,VV,RFIT_2358,8.559679113,45.29999838,363.0,10684.0,True,True,False,,,,,,,,,,,,,
S1C_IW_GRDH_1SDV_20250421T053447_20250421T053516_001987_003FE6_9043_COG,2025,2025-04-21,descending,66,VV,RFIT_2359,8.57152642,45.29999838,347.0,10593.0,True,True,False,,,,,,,,,,,,,
S1C_IW_GRDH_1SDV_20250421T053447_20250421T053516_001987_003FE6_9043_COG,2025,2025-04-21,descending,66,VV,RFIT_2360,8.583373727,45.29999838,331.0,10502.0,True,True,False,,,,,,,,,,,,,
S1C_IW_GRDH_1SDV_20250421T053447_20250421T053516_001987_003FE6_9043_COG,2025,2025-04-21,descending,66,VV,RFIT_2361,8.595221033,45.29999838,315.0,10411.0,True,True,False,,,,,,,,,,,,,
S1C_IW_GRDH_1SDV_20250421T053447_20250421T053516_001987_003FE6_9043_COG,2025,2025-04-21,descending,66,VV,RFIT_2362,8.60706834,45.29999838,299.0,10321.0,True,True,False,,,,,,,,,,,,,
S1C_IW_GRDH_1SDV_20250421T053447_20250421T053516_001987_003FE6_9043_COG,2025,2025-04-21,descending,66,VV,RFIT_2363,8.618915647,45.29999838,282.0,10230.0,True,True,False,,,,,,,,,,,,,
S1C_IW_GRDH_1SDV_20250421T053447_20250421T053516_001987_003FE6_9043_COG,2025,2025-04-21,descending,66,VV,RFIT_2364,8.630762954,45.29999838,266.0,10139.0,True,True,False,,,,,,,,,,,,,
S1C_IW_GRDH_1SDV_20250421T053447_20250421T053516_001987_003FE6_9043_COG,2025,2025-04-21,descending,66,VV,RFIT_2365,8.64261026,45.29999838,250.0,10048.0,True,True,False,,,,,,,,,,,,,
S1C_IW_GRDH_1SDV_20250421T053447_20250421T053516_001987_003FE6_9043_COG,2025,2025-04-21,descending,66,VV,RFIT_2366,8.654457567,45.29999838,234.0,9958.0,True,True,False,,,,,,,,,,,,,
S1C_IW_GRDH_1SDV_20250421T053447_20250421T053516_001987_003FE6_9043_COG,2025,2025-04-21,descending,66,VV,RFIT_2367,8.666304874,45.29999838,218.0,9867.0,True,True,False,,,,,,,,,,,,,
S1C_IW_GRDH_1SDV_20250421T053447_20250421T053516_001987_003FE6_9043_COG,2025,2025-04-21,descending,66,VV,RFIT_2368,8.678152181,45.29999838,202.0,9776.0,True,True,False,,,,,,,,,,,,,
S1C_IW_GRDH_1SDV_20250421T053447_20250421T053516_001987_003FE6_9043_COG,2025,2025-04-21,descending,66,VV,RFIT_2369,8.689999487,45.29999838,185.0,9685.0,True,True,False,,,,,,,,,,,,,
S1C_IW_GRDH_1SDV_20250421T053447_20250421T053516_001987_003FE6_9043_COG,2025,2025-04-21,descending,66,VV,RFIT_2370,8.701846794,45.29999838,169.0,9594.0,True,True,False,,,,,,,,,,,,,
S1C_IW_GRDH_1SDV_20250421T053447_20250421T053516_001987_003FE6_9043_COG,2025,2025-04-21,descending,66,VV,RFIT_2371,8.713694101,45.29999838,153.0,9504.0,True,True,False,,,,,,,,,,,,,
S1C_IW_GRDH_1SDV_20250421T053447_20250421T053516_001987_003FE6_9043_COG,2025,2025-04-21,descending,66,VV,RFIT_2372,8.725541407,45.29999838,137.0,9413.0,True,True,False,,,,,,,,,,,,,
S1C_IW_GRDH_1SDV_20250421T053447_20250421T053516_001987_003FE6_9043_COG,2025,2025-04-21,descending,66,VV,RFIT_2373,8.737388714,45.29999838,120.0,9322.0,True,True,False,,,,,,,,,,,,,
S1C_IW_GRDH_1SDV_20250421T053447_20250421T053516_001987_003FE6_9043_COG,2025,2025-04-21,descending,66,VV,RFIT_2429,8.229164095,45.30833171,717.0,13230.0,True,True,False,,,,,,,,,,,,,
S1C_IW_GRDH_1SDV_20250421T053447_20250421T053516_001987_003FE6_9043_COG,2025,2025-04-21,descending,66,VV,RFIT_2430,8.241013143,45.30833171,701.0,13139.0,True,True,False,,,,,,,,,,,,,
S1C_IW_GRDH_1SDV_20250421T053447_20250421T053516_001987_003FE6_9043_COG,2025,2025-04-21,descending,66,VV,RFIT_2431,8.252862192,45.30833171,685.0,13049.0,True,True,False,,,,,,,,,,,,,
S1C_IW_GRDH_1SDV_20250421T053447_20250421T053516_001987_003FE6_9043_COG,2025,2025-04-21,descending,66,VV,RFIT_2432,8.26471124,45.30833171,669.0,12958.0,True,True,False,,,,,,,,,,,,,
S1C_IW_GRDH_1SDV_20250421T053447_20250421T053516_001987_003FE6_9043_COG,2025,2025-04-21,descending,66,VV,RFIT_2433,8.276560288,45.30833171,654.0,12868.0,True,True,False,,,,,,,,,,,,,
S1C_IW_GRDH_1SDV_20250421T053447_20250421T053516_001987_003FE6_9043_COG,2025,2025-04-21,descending,66,VV,RFIT_2434,8.288409337,45.30833171,638.0,12777.0,True,True,False,,,,,,,,,,,,,
S1C_IW_GRDH_1SDV_20250421T053447_20250421T053516_001987_003FE6_9043_COG,2025,2025-04-21,descending,66,VV,RFIT_2435,8.300258385,45.30833171,622.0,12686.0,True,True,False,,,,,,,,,,,,,
S1C_IW_GRDH_1SDV_20250421T053447_20250421T053516_001987_003FE6_9043_COG,2025,2025-04-21,descending,66,VV,RFIT_2436,8.312107433,45.30833171,606.0,12596.0,True,True,False,,,,,,,,,,,,,
S1C_IW_GRDH_1SDV_20250421T053447_20250421T053516_001987_003FE6_9043_COG,2025,2025-04-21,descending,66,VV,RFIT_2437,8.323956482,45.30833171,590.0,12505.0,True,True,False,,,,,,,,,,,,,
S1C_IW_GRDH_1SDV_20250421T053447_20250421T053516_001987_003FE6_9043_COG,2025,2025-04-21,descending,66,VV,RFIT_2438,8.33580553,45.30833171,574.0,12414.0,True,True,False,,,,,,,,,,,,,
S1C_IW_GRDH_1SDV_20250421T053447_20250421T053516_001987_003FE6_9043_COG,2025,2025-04-21,descending,66,VV,RFIT_2439,8.347654579,45.30833171,559.0,12324.0,True,True,False,,,,,,,,,,,,,
S1C_IW_GRDH_1SDV_20250421T053447_20250421T053516_001987_003FE6_9043_COG,2025,2025-04-21,descending,66,VV,RFIT_2440,8.359503627,45.30833171,543.0,12233.0,True,True,False,,,,,,,,,,,,,
S1C_IW_GRDH_1SDV_20250421T053447_20250421T053516_001987_003FE6_9043_COG,2025,2025-04-21,descending,66,VV,RFIT_2441,8.371352675,45.30833171,527.0,12143.0,True,True,False,,,,,,,,,,,,,
S1C_IW_GRDH_1SDV_20250421T053447_20250421T053516_001987_003FE6_9043_COG,2025,2025-04-21,descending,66,VV,RFIT_2442,8.383201724,45.30833171,511.0,12052.0,True,True,False,,,,,,,,,,,,,
S1C_IW_GRDH_1SDV_20250421T053447_20250421T053516_001987_003FE6_9043_COG,2025,2025-04-21,descending,66,VV,RFIT_2443,8.395050772,45.30833171,495.0,11961.0,True,True,False,,,,,,,,,,,,,
S1C_IW_GRDH_1SDV_20250421T053447_20250421T053516_001987_003FE6_9043_COG,2025,2025-04-21,descending,66,VV,RFIT_2444,8.40689982,45.30833171,479.0,11871.0,True,True,False,,,,,,,,,,,,,
S1C_IW_GRDH_1SDV_20250421T053447_20250421T053516_001987_003FE6_9043_COG,2025,2025-04-21,descending,66,VV,RFIT_2445,8.418748869,45.30833171,463.0,11780.0,True,True,False,,,,,,,,,,,,,
S1C_IW_GRDH_1SDV_20250421T053447_20250421T053516_001987_003FE6_9043_COG,2025,2025-04-21,descending,66,VV,RFIT_2446,8.477994111,45.30833171,383.0,11326.0,True,True,False,,,,,,,,,,,,,
S1C_IW_GRDH_1SDV_20250421T053447_20250421T053516_001987_003FE6_9043_COG,2025,2025-04-21,descending,66,VV,RFIT_2447,8.489843159,45.30833171,367.0,11236.0,True,True,False,,,,,,,,,,,,,
S1C_IW_GRDH_1SDV_20250421T053447_20250421T053516_001987_003FE6_9043_COG,2025,2025-04-21,descending,66,VV,RFIT_2448,8.501692207,45.30833171,351.0,11145.0,True,True,False,,,,,,,,,,,,,
S1C_IW_GRDH_1SDV_20250421T053447_20250421T053516_001987_003FE6_9043_COG,2025,2025-04-21,descending,66,VV,RFIT_2449,8.513541256,45.30833171,335.0,11054.0,True,True,False,,,,,,,,,,,,,
S1C_IW_GRDH_1SDV_20250421T053447_20250421T053516_001987_003FE6_9043_COG,2025,2025-04-21,descending,66,VV,RFIT_2450,8.525390304,45.30833171,319.0,10964.0,True,True,False,,,,,,,,,,,,,
S1C_IW_GRDH_1SDV_20250421T053447_20250421T053516_001987_003FE6_9043_COG,2025,2025-04-21,descending,66,VV,RFIT_2451,8.537239353,45.30833171,303.0,10873.0,True,True,False,,,,,,,,,,,,,
S1C_IW_GRDH_1SDV_20250421T053447_20250421T053516_001987_003FE6_9043_COG,2025,2025-04-21,descending,66,VV,RFIT_2452,8.549088401,45.30833171,287.0,10782.0,True,True,False,,,,,,,,,,,,,
S1C_IW_GRDH_1SDV_20250421T053447_20250421T053516_001987_003FE6_9043_COG,2025,2025-04-21,descending,66,VV,RFIT_2453,8.560937449,45.30833171,271.0,10691.0,True,True,False,,,,,,,,,,,,,
S1C_IW_GRDH_1SDV_20250421T053447_20250421T053516_001987_003FE6_9043_COG,2025,2025-04-21,descending,66,VV,RFIT_2454,8.572786498,45.30833171,255.0,10601.0,True,True,False,,,,,,,,,,,,,
S1C_IW_GRDH_1SDV_20250421T053447_20250421T053516_001987_003FE6_9043_COG,2025,2025-04-21,descending,66,VV,RFIT_2455,8.584635546,45.30833171,239.0,10510.0,True,True,False,,,,,,,,,,,,,
S1C_IW_GRDH_1SDV_20250421T053447_20250421T053516_001987_003FE6_9043_COG,2025,2025-04-21,descending,66,VV,RFIT_2456,8.596484594,45.30833171,223.0,10419.0,True,True,False,,,,,,,,,,,,,
S1C_IW_GRDH_1SDV_20250421T053447_20250421T053516_001987_003FE6_9043_COG,2025,2025-04-21,descending,66,VV,RFIT_2457,8.608333643,45.30833171,207.0,10328.0,True,True,False,,,,,,,,,,,,,
S1C_IW_GRDH_1SDV_20250421T053447_20250421T053516_001987_003FE6_9043_COG,2025,2025-04-21,descending,66,VV,RFIT_2458,8.620182691,45.30833171,191.0,10238.0,True,True,False,,,,,,,,,,,,,
S1C_IW_GRDH_1SDV_20250421T053447_20250421T053516_001987_003FE6_9043_COG,2025,2025-04-21,descending,66,VV,RFIT_2459,8.63203174,45.30833171,175.0,10147.0,True,True,False,,,,,,,,,,,,,
S1C_IW_GRDH_1SDV_20250421T053447_20250421T053516_001987_003FE6_9043_COG,2025,2025-04-21,descending,66,VV,RFIT_2460,8.643880788,45.30833171,158.0,10056.0,True,True,False,,,,,,,,,,,,,
S1C_IW_GRDH_1SDV_20250421T053447_20250421T053516_001987_003FE6_9043_COG,2025,2025-04-21,descending,66,VV,RFIT_2461,8.655729836,45.30833171,142.0,9965.0,True,True,False,,,,,,,,,,,,,
S1C_IW_GRDH_1SDV_20250421T053447_20250421T053516_001987_003FE6_9043_COG,2025,2025-04-21,descending,66,VV,RFIT_2462,8.667578885,45.30833171,126.0,9875.0,True,True,False,,,,,,,,,,,,,
S1C_IW_GRDH_1SDV_20250421T053447_20250421T053516_001987_003FE6_9043_COG,2025,2025-04-21,descending,66,VV,RFIT_2463,8.679427933,45.30833171,110.0,9784.0,True,True,False,,,,,,,,,,,,,
S1C_IW_GRDH_1SDV_20250421T053447_20250421T053516_001987_003FE6_9043_COG,2025,2025-04-21,descending,66,VV,RFIT_2464,8.691276981,45.30833171,94.0,9693.0,True,True,False,,,,,,,,,,,,,
S1C_IW_GRDH_1SDV_20250421T053447_20250421T053516_001987_003FE6_9043_COG,2025,2025-04-21,descending,66,VV,RFIT_2465,8.70312603,45.30833171,77.0,9602.0,True,True,False,,,,,,,,,,,,,
S1C_IW_GRDH_1SDV_20250421T053447_20250421T053516_001987_003FE6_9043_COG,2025,2025-04-21,descending,66,VV,RFIT_2466,8.714975078,45.30833171,61.0,9511.0,True,True,False,,,,,,,,,,,,,
S1C_IW_GRDH_1SDV_20250421T053447_20250421T053516_001987_003FE6_9043_COG,2025,2025-04-21,descending,66,VV,RFIT_2467,8.726824127,45.30833171,45.0,9420.0,True,True,False,,,,,,,,,,,,,
S1C_IW_GRDH_1SDV_20250421T053447_20250421T053516_001987_003FE6_9043_COG,2025,2025-04-21,descending,66,VV,RFIT_2516,8.15926945,45.31666505,719.0,13781.0,True,True,False,,,,,,,,,,,,,
S1C_IW_GRDH_1SDV_20250421T053447_20250421T053516_001987_003FE6_9043_COG,2025,2025-04-21,descending,66,VV,RFIT_2517,8.171120241,45.31666505,703.0,13690.0,True,True,False,,,,,,,,,,,,,
S1C_IW_GRDH_1SDV_20250421T053447_20250421T053516_001987_003FE6_9043_COG,2025,2025-04-21,descending,66,VV,RFIT_2518,8.182971032,45.31666505,688.0,13600.0,True,True,False,,,,,,,,,,,,,
S1C_IW_GRDH_1SDV_20250421T053447_20250421T053516_001987_003FE6_9043_COG,2025,2025-04-21,descending,66,VV,RFIT_2519,8.194821822,45.31666505,672.0,13509.0,True,True,False,,,,,,,,,,,,,
S1C_IW_GRDH_1SDV_20250421T053447_20250421T053516_001987_003FE6_9043_COG,2025,2025-04-21,descending,66,VV,RFIT_2520,8.206672613,45.31666505,656.0,13419.0,True,True,False,,,,,,,,,,,,,
S1C_IW_GRDH_1SDV_20250421T053447_20250421T053516_001987_003FE6_9043_COG,2025,2025-04-21,descending,66,VV,RFIT_2521,8.218523404,45.31666505,640.0,13328.0,True,True,False,,,,,,,,,,,,,
S1C_IW_GRDH_1SDV_20250421T053447_20250421T053516_001987_003FE6_9043_COG,2025,2025-04-21,descending,66,VV,RFIT_2522,8.230374195,45.31666505,625.0,13237.0,True,True,False,,,,,,,,,,,,,
S1C_IW_GRDH_1SDV_20250421T053447_20250421T053516_001987_003FE6_9043_COG,2025,2025-04-21,descending,66,VV,RFIT_2523,8.242224986,45.31666505,609.0,13147.0,True,True,False,,,,,,,,,,,,,
S1C_IW_GRDH_1SDV_20250421T053447_20250421T053516_001987_003FE6_9043_COG,2025,2025-04-21,descending,66,VV,RFIT_2524,8.254075776,45.31666505,593.0,13056.0,True,True,False,,,,,,,,,,,,,
S1C_IW_GRDH_1SDV_20250421T053447_20250421T053516_001987_003FE6_9043_COG,2025,2025-04-21,descending,66,VV,RFIT_2525,8.265926567,45.31666505,578.0,12966.0,True,True,False,,,,,,,,,,,,,
S1C_IW_GRDH_1SDV_20250421T053447_20250421T053516_001987_003FE6_9043_COG,2025,2025-04-21,descending,66,VV,RFIT_2526,8.277777358,45.31666505,562.0,12875.0,True,True,False,,,,,,,,,,,,,
S1C_IW_GRDH_1SDV_20250421T053447_20250421T053516_001987_003FE6_9043_COG,2025,2025-04-21,descending,66,VV,RFIT_2527,8.289628149,45.31666505,546.0,12785.0,True,True,False,,,,,,,,,,,,,
S1C_IW_GRDH_1SDV_20250421T053447_20250421T053516_001987_003FE6_9043_COG,2025,2025-04-21,descending,66,VV,RFIT_2528,8.301478939,45.31666505,530.0,12694.0,True,True,False,,,,,,,,,,,,,
S1C_IW_GRDH_1SDV_20250421T053447_20250421T053516_001987_003FE6_9043_COG,2025,2025-04-21,descending,66,VV,RFIT_2529,8.31332973,45.31666505,514.0,12603.0,True,True,False,,,,,,,,,,,,,
S1C_IW_GRDH_1SDV_20250421T053447_20250421T053516_001987_003FE6_9043_COG,2025,2025-04-21,descending,66,VV,RFIT_2530,8.325180521,45.31666505,499.0,12513.0,True,True,False,,,,,,,,,,,,,
S1C_IW_GRDH_1SDV_20250421T053447_20250421T053516_001987_003FE6_9043_COG,2025,2025-04-21,descending,66,VV,RFIT_2531,8.337031312,45.31666505,483.0,12422.0,True,True,False,,,,,,,,,,,,,
S1C_IW_GRDH_1SDV_20250421T053447_20250421T053516_001987_003FE6_9043_COG,2025,2025-04-21,descending,66,VV,RFIT_2532,8.348882103,45.31666505,467.0,12331.0,True,True,False,,,,,,,,,,,,,
S1C_IW_GRDH_1SDV_20250421T053447_20250421T053516_001987_003FE6_9043_COG,2025,2025-04-21,descending,66,VV,RFIT_2533,8.360732893,45.31666505,451.0,12241.0,True,True,False,,,,,,,,,,,,,
S1C_IW_GRDH_1SDV_20250421T053447_20250421T053516_001987_003FE6_9043_COG,2025,2025-04-21,descending,66,VV,RFIT_2534,8.372583684,45.31666505,435.0,12150.0,True,True,False,,,,,,,,,,,,,
S1C_IW_GRDH_1SDV_20250421T053447_20250421T053516_001987_003FE6_9043_COG,2025,2025-04-21,descending,66,VV,RFIT_2535,8.384434475,45.31666505,419.0,12060.0,True,True,False,,,,,,,,,,,,,
S1C_IW_GRDH_1SDV_20250421T053447_20250421T053516_001987_003FE6_9043_COG,2025,2025-04-21,descending,66,VV,RFIT_2536,8.396285266,45.31666505,403.0,11969.0,True,True,False,,,,,,,,,,,,,
S1C_IW_GRDH_1SDV_20250421T053447_20250421T053516_001987_003FE6_9043_COG,2025,2025-04-21,descending,66,VV,RFIT_2537,8.443688429,45.31666505,340.0,11606.0,True,True,False,,,,,,,,,,,,,
S1C_IW_GRDH_1SDV_20250421T053447_20250421T053516_001987_003FE6_9043_COG,2025,2025-04-21,descending,66,VV,RFIT_2538,8.45553922,45.31666505,324.0,11516.0,True,True,False,,,,,,,,,,,,,
S1C_IW_GRDH_1SDV_20250421T053447_20250421T053516_001987_003FE6_9043_COG,2025,2025-04-21,descending,66,VV,RFIT_2539,8.46739001,45.31666505,308.0,11425.0,True,True,False,,,,,,,,,,,,,
S1C_IW_GRDH_1SDV_20250421T053447_20250421T053516_001987_003FE6_9043_COG,2025,2025-04-21,descending,66,VV,RFIT_2540,8.479240801,45.31666505,292.0,11334.0,True,True,False,,,,,,,,,,,,,
S1C_IW_GRDH_1SDV_20250421T053447_20250421T053516_001987_003FE6_9043_COG,2025,2025-04-21,descending,66,VV,RFIT_2541,8.491091592,45.31666505,276.0,11243.0,True,True,False,,,,,,,,,,,,,
S1C_IW_GRDH_1SDV_20250421T053447_20250421T053516_001987_003FE6_9043_COG,2025,2025-04-21,descending,66,VV,RFIT_2542,8.502942383,45.31666505,260.0,11153.0,True,True,False,,,,,,,,,,,,,
S1C_IW_GRDH_1SDV_20250421T053447_20250421T053516_001987_003FE6_9043_COG,2025,2025-04-21,descending,66,VV,RFIT_2543,8.514793173,45.31666505,244.0,11062.0,True,True,False,,,,,,,,,,,,,
S1C_IW_GRDH_1SDV_20250421T053447_20250421T053516_001987_003FE6_9043_COG,2025,2025-04-21,descending,66,VV,RFIT_2544,8.526643964,45.31666505,228.0,10971.0,True,True,False,,,,,,,,,,,,,
S1C_IW_GRDH_1SDV_20250421T053447_20250421T053516_001987_003FE6_9043_COG,2025,2025-04-21,descending,66,VV,RFIT_2545,8.538494755,45.31666505,212.0,10881.0,True,True,False,,,,,,,,,,,,,
S1C_IW_GRDH_1SDV_20250421T053447_20250421T053516_001987_003FE6_9043_COG,2025,2025-04-21,descending,66,VV,RFIT_2546,8.550345546,45.31666505,196.0,10790.0,True,True,False,,,,,,,,,,,,,
S1C_IW_GRDH_1SDV_20250421T053447_20250421T053516_001987_003FE6_9043_COG,2025,2025-04-21,descending,66,VV,RFIT_2547,8.562196337,45.31666505,180.0,10699.0,True,True,False,,,,,,,,,,,,,
S1C_IW_GRDH_1SDV_20250421T053447_20250421T053516_001987_003FE6_9043_COG,2025,2025-04-21,descending,66,VV,RFIT_2548,8.574047127,45.31666505,163.0,10608.0,True,True,False,,,,,,,,,,,,,
S1C_IW_GRDH_1SDV_20250421T053447_20250421T053516_001987_003FE6_9043_COG,2025,2025-04-21,descending,66,VV,RFIT_2549,8.585897918,45.31666505,147.0,10518.0,True,True,False,,,,,,,,,,,,,
S1C_IW_GRDH_1SDV_20250421T053447_20250421T053516_001987_003FE6_9043_COG,2025,2025-04-21,descending,66,VV,RFIT_2550,8.597748709,45.31666505,131.0,10427.0,True,True,False,,,,,,,,,,,,,
S1C_IW_GRDH_1SDV_20250421T053447_20250421T053516_001987_003FE6_9043_COG,2025,2025-04-21,descending,66,VV,RFIT_2551,8.6095995,45.31666505,115.0,10336.0,True,True,False,,,,,,,,,,,,,
S1C_IW_GRDH_1SDV_20250421T053447_20250421T053516_001987_003FE6_9043_COG,2025,2025-04-21,descending,66,VV,RFIT_2552,8.62145029,45.31666505,99.0,10245.0,True,True,False,,,,,,,,,,,,,
S1C_IW_GRDH_1SDV_20250421T053447_20250421T053516_001987_003FE6_9043_COG,2025,2025-04-21,descending,66,VV,RFIT_2553,8.633301081,45.31666505,83.0,10155.0,True,True,False,,,,,,,,,,,,,
S1C_IW_GRDH_1SDV_20250421T053447_20250421T053516_001987_003FE6_9043_COG,2025,2025-04-21,descending,66,VV,RFIT_2554,8.645151872,45.31666505,67.0,10064.0,True,True,False,,,,,,,,,,,,,
S1C_IW_GRDH_1SDV_20250421T053447_20250421T053516_001987_003FE6_9043_COG,2025,2025-04-21,descending,66,VV,RFIT_2555,8.657002663,45.31666505,50.0,9973.0,True,True,False,,,,,,,,,,,,,
S1C_IW_GRDH_1SDV_20250421T053447_20250421T053516_001987_003FE6_9043_COG,2025,2025-04-21,descending,66,VV,RFIT_2556,8.668853454,45.31666505,34.0,9882.0,True,True,False,,,,,,,,,,,,,
S1C_IW_GRDH_1SDV_20250421T053447_20250421T053516_001987_003FE6_9043_COG,2025,2025-04-21,descending,66,VV,RFIT_2557,8.680704244,45.31666505,18.0,9791.0,True,True,False,,,,,,,,,,,,,
S1C_IW_GRDH_1SDV_20250421T053447_20250421T053516_001987_003FE6_9043_COG,2025,2025-04-21,descending,66,VV,RFIT_2558,8.692555035,45.31666505,2.0,9701.0,True,True,False,,,,,,,,,,,,,
S1C_IW_GRDH_1SDV_20250421T053447_20250421T053516_001987_003FE6_9043_COG,2025,2025-04-21,descending,66,VV,RFIT_2598,8.101206951,45.32499838,705.0,14241.0,True,True,False,,,,,,,,,,,,,
S1C_IW_GRDH_1SDV_20250421T053447_20250421T053516_001987_003FE6_9043_COG,2025,2025-04-21,descending,66,VV,RFIT_2599,8.113059485,45.32499838,690.0,14151.0,True,True,False,,,,,,,,,,,,,
S1C_IW_GRDH_1SDV_20250421T053447_20250421T053516_001987_003FE6_9043_COG,2025,2025-04-21,descending,66,VV,RFIT_2600,8.124912019,45.32499838,674.0,14060.0,True,True,False,,,,,,,,,,,,,
S1C_IW_GRDH_1SDV_20250421T053447_20250421T053516_001987_003FE6_9043_COG,2025,2025-04-21,descending,66,VV,RFIT_2601,8.136764553,45.32499838,658.0,13970.0,True,True,False,,,,,,,,,,,,,
S1C_IW_GRDH_1SDV_20250421T053447_20250421T053516_001987_003FE6_9043_COG,2025,2025-04-21,descending,66,VV,RFIT_2602,8.148617087,45.32499838,643.0,13879.0,True,True,False,,,,,,,,,,,,,
S1C_IW_GRDH_1SDV_20250421T053447_20250421T053516_001987_003FE6_9043_COG,2025,2025-04-21,descending,66,VV,RFIT_2603,8.160469621,45.32499838,627.0,13788.0,True,True,False,,,,,,,,,,,,,
S1C_IW_GRDH_1SDV_20250421T053447_20250421T053516_001987_003FE6_9043_COG,2025,2025-04-21,descending,66,VV,RFIT_2604,8.172322155,45.32499838,611.0,13698.0,True,True,False,,,,,,,,,,,,,
S1C_IW_GRDH_1SDV_20250421T053447_20250421T053516_001987_003FE6_9043_COG,2025,2025-04-21,descending,66,VV,RFIT_2605,8.184174689,45.32499838,596.0,13607.0,True,True,False,,,,,,,,,,,,,
S1C_IW_GRDH_1SDV_20250421T053447_20250421T053516_001987_003FE6_9043_COG,2025,2025-04-21,descending,66,VV,RFIT_2606,8.196027223,45.32499838,580.0,13517.0,True,True,False,,,,,,,,,,,,,
S1C_IW_GRDH_1SDV_20250421T053447_20250421T053516_001987_003FE6_9043_COG,2025,2025-04-21,descending,66,VV,RFIT_2607,8.207879757,45.32499838,564.0,13426.0,True,True,False,,,,,,,,,,,,,
S1C_IW_GRDH_1SDV_20250421T053447_20250421T053516_001987_003FE6_9043_COG,2025,2025-04-21,descending,66,VV,RFIT_2608,8.219732291,45.32499838,549.0,13336.0,True,True,False,,,,,,,,,,,,,
S1C_IW_GRDH_1SDV_20250421T053447_20250421T053516_001987_003FE6_9043_COG,2025,2025-04-21,descending,66,VV,RFIT_2609,8.231584825,45.32499838,533.0,13245.0,True,True,False,,,,,,,,,,,,,
S1C_IW_GRDH_1SDV_20250421T053447_20250421T053516_001987_003FE6_9043_COG,2025,2025-04-21,descending,66,VV,RFIT_2610,8.243437359,45.32499838,517.0,13155.0,True,True,False,,,,,,,,,,,,,
S1C_IW_GRDH_1SDV_20250421T053447_20250421T053516_001987_003FE6_9043_COG,2025,2025-04-21,descending,66,VV,RFIT_2611,8.255289893,45.32499838,502.0,13064.0,True,True,False,,,,,,,,,,,,,
S1C_IW_GRDH_1SDV_20250421T053447_20250421T053516_001987_003FE6_9043_COG,2025,2025-04-21,descending,66,VV,RFIT_2612,8.267142427,45.32499838,486.0,12973.0,True,True,False,,,,,,,,,,,,,
S1C_IW_GRDH_1SDV_20250421T053447_20250421T053516_001987_003FE6_9043_COG,2025,2025-04-21,descending,66,VV,RFIT_2613,8.278994961,45.32499838,470.0,12883.0,True,True,False,,,,,,,,,,,,,
S1C_IW_GRDH_1SDV_20250421T053447_20250421T053516_001987_003FE6_9043_COG,2025,2025-04-21,descending,66,VV,RFIT_2614,8.290847495,45.32499838,454.0,12792.0,True,True,False,,,,,,,,,,,,,
S1C_IW_GRDH_1SDV_20250421T053447_20250421T053516_001987_003FE6_9043_COG,2025,2025-04-21,descending,66,VV,RFIT_2615,8.302700029,45.32499838,438.0,12702.0,True,True,False,,,,,,,,,,,,,
S1C_IW_GRDH_1SDV_20250421T053447_20250421T053516_001987_003FE6_9043_COG,2025,2025-04-21,descending,66,VV,RFIT_2616,8.314552563,45.32499838,423.0,12611.0,True,True,False,,,,,,,,,,,,,
S1C_IW_GRDH_1SDV_20250421T053447_20250421T053516_001987_003FE6_9043_COG,2025,2025-04-21,descending,66,VV,RFIT_2617,8.326405096,45.32499838,407.0,12520.0,True,True,False,,,,,,,,,,,,,
S1C_IW_GRDH_1SDV_20250421T053447_20250421T053516_001987_003FE6_9043_COG,2025,2025-04-21,descending,66,VV,RFIT_2618,8.33825763,45.32499838,391.0,12430.0,True,True,False,,,,,,,,,,,,,
S1C_IW_GRDH_1SDV_20250421T053447_20250421T053516_001987_003FE6_9043_COG,2025,2025-04-21,descending,66,VV,RFIT_2619,8.350110164,45.32499838,375.0,12339.0,True,True,False,,,,,,,,,,,,,
S1C_IW_GRDH_1SDV_20250421T053447_20250421T053516_001987_003FE6_9043_COG,2025,2025-04-21,descending,66,VV,RFIT_2620,8.361962698,45.32499838,359.0,12248.0,True,True,False,,,,,,,,,,,,,
S1C_IW_GRDH_1SDV_20250421T053447_20250421T053516_001987_003FE6_9043_COG,2025,2025-04-21,descending,66,VV,RFIT_2621,8.373815232,45.32499838,343.0,12158.0,True,True,False,,,,,,,,,,,,,
S1C_IW_GRDH_1SDV_20250421T053447_20250421T053516_001987_003FE6_9043_COG,2025,2025-04-21,descending,66,VV,RFIT_2622,8.385667766,45.32499838,327.0,12067.0,True,True,False,,,,,,,,,,,,,
S1C_IW_GRDH_1SDV_20250421T053447_20250421T053516_001987_003FE6_9043_COG,2025,2025-04-21,descending,66,VV,RFIT_2623,8.444930436,45.32499838,248.0,11614.0,True,True,False,,,,,,,,,,,,,
S1C_IW_GRDH_1SDV_20250421T053447_20250421T053516_001987_003FE6_9043_COG,2025,2025-04-21,descending,66,VV,RFIT_2624,8.45678297,45.32499838,232.0,11523.0,True,True,False,,,,,,,,,,,,,
S1C_IW_GRDH_1SDV_20250421T053447_20250421T053516_001987_003FE6_9043_COG,2025,2025-04-21,descending,66,VV,RFIT_2625,8.468635504,45.32499838,216.0,11433.0,True,True,False,,,,,,,,,,,,,
S1C_IW_GRDH_1SDV_20250421T053447_20250421T053516_001987_003FE6_9043_COG,2025,2025-04-21,descending,66,VV,RFIT_2626,8.480488038,45.32499838,200.0,11342.0,True,True,False,,,,,,,,,,,,,
S1C_IW_GRDH_1SDV_20250421T053447_20250421T053516_001987_003FE6_9043_COG,2025,2025-04-21,descending,66,VV,RFIT_2627,8.492340572,45.32499838,184.0,11251.0,True,True,False,,,,,,,,,,,,,
S1C_IW_GRDH_1SDV_20250421T053447_20250421T053516_001987_003FE6_9043_COG,2025,2025-04-21,descending,66,VV,RFIT_2628,8.504193106,45.32499838,168.0,11160.0,True,True,False,,,,,,,,,,,,,
S1C_IW_GRDH_1SDV_20250421T053447_20250421T053516_001987_003FE6_9043_COG,2025,2025-04-21,descending,66,VV,RFIT_2629,8.51604564,45.32499838,152.0,11070.0,True,True,False,,,,,,,,,,,,,
S1C_IW_GRDH_1SDV_20250421T053447_20250421T053516_001987_003FE6_9043_COG,2025,2025-04-21,descending,66,VV,RFIT_2630,8.527898174,45.32499838,136.0,10979.0,True,True,False,,,,,,,,,,,,,
S1C_IW_GRDH_1SDV_20250421T053447_20250421T053516_001987_003FE6_9043_COG,2025,2025-04-21,descending,66,VV,RFIT_2631,8.539750707,45.32499838,120.0,10888.0,True,True,False,,,,,,,,,,,,,
S1C_IW_GRDH_1SDV_20250421T053447_20250421T053516_001987_003FE6_9043_COG,2025,2025-04-21,descending,66,VV,RFIT_2632,8.551603241,45.32499838,104.0,10798.0,True,True,False,,,,,,,,,,,,,
S1C_IW_GRDH_1SDV_20250421T053447_20250421T053516_001987_003FE6_9043_COG,2025,2025-04-21,descending,66,VV,RFIT_2633,8.563455775,45.32499838,88.0,10707.0,True,True,False,,,,,,,,,,,,,
S1C_IW_GRDH_1SDV_20250421T053447_20250421T053516_001987_003FE6_9043_COG,2025,2025-04-21,descending,66,VV,RFIT_2634,8.575308309,45.32499838,72.0,10616.0,True,True,False,,,,,,,,,,,,,
S1C_IW_GRDH_1SDV_20250421T053447_20250421T053516_001987_003FE6_9043_COG,2025,2025-04-21,descending,66,VV,RFIT_2635,8.587160843,45.32499838,56.0,10525.0,True,True,False,,,,,,,,,,,,,
S1C_IW_GRDH_1SDV_20250421T053447_20250421T053516_001987_003FE6_9043_COG,2025,2025-04-21,descending,66,VV,RFIT_2636,8.599013377,45.32499838,39.0,10435.0,True,True,False,,,,,,,,,,,,,
S1C_IW_GRDH_1SDV_20250421T053447_20250421T053516_001987_003FE6_9043_COG,2025,2025-04-21,descending,66,VV,RFIT_2637,8.610865911,45.32499838,23.0,10344.0,True,True,False,,,,,,,,,,,,,
S1C_IW_GRDH_1SDV_20250421T053447_20250421T053516_001987_003FE6_9043_COG,2025,2025-04-21,descending,66,VV,RFIT_2638,8.622718445,45.32499838,7.0,10253.0,True,True,False,,,,,,,,,,,,,
S1C_IW_GRDH_1SDV_20250421T053447_20250421T053516_001987_003FE6_9043_COG,2025,2025-04-21,descending,66,VV,RFIT_2684,8.126107484,45.33333171,582.0,14068.0,True,True,False,,,,,,,,,,,,,
S1C_IW_GRDH_1SDV_20250421T053447_20250421T053516_001987_003FE6_9043_COG,2025,2025-04-21,descending,66,VV,RFIT_2685,8.137961762,45.33333171,567.0,13977.0,True,True,False,,,,,,,,,,,,,
S1C_IW_GRDH_1SDV_20250421T053447_20250421T053516_001987_003FE6_9043_COG,2025,2025-04-21,descending,66,VV,RFIT_2686,8.14981604,45.33333171,551.0,13887.0,True,True,False,,,,,,,,,,,,,
S1C_IW_GRDH_1SDV_20250421T053447_20250421T053516_001987_003FE6_9043_COG,2025,2025-04-21,descending,66,VV,RFIT_2687,8.161670318,45.33333171,535.0,13796.0,True,True,False,,,,,,,,,,,,,
S1C_IW_GRDH_1SDV_20250421T053447_20250421T053516_001987_003FE6_9043_COG,2025,2025-04-21,descending,66,VV,RFIT_2688,8.173524596,45.33333171,520.0,13706.0,True,True,False,,,,,,,,,,,,,
S1C_IW_GRDH_1SDV_20250421T053447_20250421T053516_001987_003FE6_9043_COG,2025,2025-04-21,descending,66,VV,RFIT_2689,8.185378874,45.33333171,504.0,13615.0,True,True,False,,,,,,,,,,,,,
S1C_IW_GRDH_1SDV_20250421T053447_20250421T053516_001987_003FE6_9043_COG,2025,2025-04-21,descending,66,VV,RFIT_2690,8.197233152,45.33333171,488.0,13524.0,True,True,False,,,,,,,,,,,,,
S1C_IW_GRDH_1SDV_20250421T053447_20250421T053516_001987_003FE6_9043_COG,2025,2025-04-21,descending,66,VV,RFIT_2691,8.20908743,45.33333171,473.0,13434.0,True,True,False,,,,,,,,,,,,,
S1C_IW_GRDH_1SDV_20250421T053447_20250421T053516_001987_003FE6_9043_COG,2025,2025-04-21,descending,66,VV,RFIT_2692,8.220941707,45.33333171,457.0,13343.0,True,True,False,,,,,,,,,,,,,
S1C_IW_GRDH_1SDV_20250421T053447_20250421T053516_001987_003FE6_9043_COG,2025,2025-04-21,descending,66,VV,RFIT_2693,8.232795985,45.33333171,441.0,13253.0,True,True,False,,,,,,,,,,,,,
S1C_IW_GRDH_1SDV_20250421T053447_20250421T053516_001987_003FE6_9043_COG,2025,2025-04-21,descending,66,VV,RFIT_2694,8.244650263,45.33333171,425.0,13162.0,True,True,False,,,,,,,,,,,,,
S1C_IW_GRDH_1SDV_20250421T053447_20250421T053516_001987_003FE6_9043_COG,2025,2025-04-21,descending,66,VV,RFIT_2695,8.256504541,45.33333171,410.0,13072.0,True,True,False,,,,,,,,,,,,,
S1C_IW_GRDH_1SDV_20250421T053447_20250421T053516_001987_003FE6_9043_COG,2025,2025-04-21,descending,66,VV,RFIT_2696,8.268358819,45.33333171,394.0,12981.0,True,True,False,,,,,,,,,,,,,
S1C_IW_GRDH_1SDV_20250421T053447_20250421T053516_001987_003FE6_9043_COG,2025,2025-04-21,descending,66,VV,RFIT_2697,8.280213097,45.33333171,378.0,12890.0,True,True,False,,,,,,,,,,,,,
S1C_IW_GRDH_1SDV_20250421T053447_20250421T053516_001987_003FE6_9043_COG,2025,2025-04-21,descending,66,VV,RFIT_2698,8.292067375,45.33333171,362.0,12800.0,True,True,False,,,,,,,,,,,,,
S1C_IW_GRDH_1SDV_20250421T053447_20250421T053516_001987_003FE6_9043_COG,2025,2025-04-21,descending,66,VV,RFIT_2699,8.303921653,45.33333171,347.0,12709.0,True,True,False,,,,,,,,,,,,,
S1C_IW_GRDH_1SDV_20250421T053447_20250421T053516_001987_003FE6_9043_COG,2025,2025-04-21,descending,66,VV,RFIT_2700,8.31577593,45.33333171,331.0,12619.0,True,True,False,,,,,,,,,,,,,
S1C_IW_GRDH_1SDV_20250421T053447_20250421T053516_001987_003FE6_9043_COG,2025,2025-04-21,descending,66,VV,RFIT_2701,8.327630208,45.33333171,315.0,12528.0,True,True,False,,,,,,,,,,,,,
S1C_IW_GRDH_1SDV_20250421T053447_20250421T053516_001987_003FE6_9043_COG,2025,2025-04-21,descending,66,VV,RFIT_2702,8.339484486,45.33333171,299.0,12437.0,True,True,False,,,,,,,,,,,,,
S1C_IW_GRDH_1SDV_20250421T053447_20250421T053516_001987_003FE6_9043_COG,2025,2025-04-21,descending,66,VV,RFIT_2703,8.351338764,45.33333171,283.0,12347.0,True,True,False,,,,,,,,,,,,,
S1C_IW_GRDH_1SDV_20250421T053447_20250421T053516_001987_003FE6_9043_COG,2025,2025-04-21,descending,66,VV,RFIT_2704,8.363193042,45.33333171,267.0,12256.0,True,True,False,,,,,,,,,,,,,
S1C_IW_GRDH_1SDV_20250421T053447_20250421T053516_001987_003FE6_9043_COG,2025,2025-04-21,descending,66,VV,RFIT_2705,8.37504732,45.33333171,252.0,12166.0,True,True,False,,,,,,,,,,,,,
S1C_IW_GRDH_1SDV_20250421T053447_20250421T053516_001987_003FE6_9043_COG,2025,2025-04-21,descending,66,VV,RFIT_2706,8.386901598,45.33333171,236.0,12075.0,True,True,False,,,,,,,,,,,,,
S1C_IW_GRDH_1SDV_20250421T053447_20250421T053516_001987_003FE6_9043_COG,2025,2025-04-21,descending,66,VV,RFIT_2707,8.398755876,45.33333171,220.0,11984.0,True,True,False,,,,,,,,,,,,,
S1C_IW_GRDH_1SDV_20250421T053447_20250421T053516_001987_003FE6_9043_COG,2025,2025-04-21,descending,66,VV,RFIT_2708,8.458027265,45.33333171,140.0,11531.0,True,True,False,,,,,,,,,,,,,
S1C_IW_GRDH_1SDV_20250421T053447_20250421T053516_001987_003FE6_9043_COG,2025,2025-04-21,descending,66,VV,RFIT_2709,8.469881543,45.33333171,124.0,11440.0,True,True,False,,,,,,,,,,,,,
S1C_IW_GRDH_1SDV_20250421T053447_20250421T053516_001987_003FE6_9043_COG,2025,2025-04-21,descending,66,VV,RFIT_2710,8.481735821,45.33333171,108.0,11350.0,True,True,False,,,,,,,,,,,,,
S1C_IW_GRDH_1SDV_20250421T053447_20250421T053516_001987_003FE6_9043_COG,2025,2025-04-21,descending,66,VV,RFIT_2711,8.493590099,45.33333171,92.0,11259.0,True,True,False,,,,,,,,,,,,,
S1C_IW_GRDH_1SDV_20250421T053447_20250421T053516_001987_003FE6_9043_COG,2025,2025-04-21,descending,66,VV,RFIT_2712,8.505444377,45.33333171,76.0,11168.0,True,True,False,,,,,,,,,,,,,
S1C_IW_GRDH_1SDV_20250421T053447_20250421T053516_001987_003FE6_9043_COG,2025,2025-04-21,descending,66,VV,RFIT_2713,8.517298654,45.33333171,60.0,11077.0,True,True,False,,,,,,,,,,,,,
S1C_IW_GRDH_1SDV_20250421T053447_20250421T053516_001987_003FE6_9043_COG,2025,2025-04-21,descending,66,VV,RFIT_2714,8.529152932,45.33333171,44.0,10987.0,True,True,False,,,,,,,,,,,,,
S1C_IW_GRDH_1SDV_20250421T053447_20250421T053516_001987_003FE6_9043_COG,2025,2025-04-21,descending,66,VV,RFIT_2715,8.54100721,45.33333171,28.0,10896.0,True,True,False,,,,,,,,,,,,,
S1C_IW_GRDH_1SDV_20250421T053447_20250421T053516_001987_003FE6_9043_COG,2025,2025-04-21,descending,66,VV,RFIT_2769,8.127303473,45.34166505,490.0,14075.0,True,True,False,,,,,,,,,,,,,
S1C_IW_GRDH_1SDV_20250421T053447_20250421T053516_001987_003FE6_9043_COG,2025,2025-04-21,descending,66,VV,RFIT_2770,8.139159496,45.34166505,475.0,13985.0,True,True,False,,,,,,,,,,,,,
S1C_IW_GRDH_1SDV_20250421T053447_20250421T053516_001987_003FE6_9043_COG,2025,2025-04-21,descending,66,VV,RFIT_2771,8.151015518,45.34166505,459.0,13894.0,True,True,False,,,,,,,,,,,,,
S1C_IW_GRDH_1SDV_20250421T053447_20250421T053516_001987_003FE6_9043_COG,2025,2025-04-21,descending,66,VV,RFIT_2772,8.162871541,45.34166505,444.0,13804.0,True,True,False,,,,,,,,,,,,,
S1C_IW_GRDH_1SDV_20250421T053447_20250421T053516_001987_003FE6_9043_COG,2025,2025-04-21,descending,66,VV,RFIT_2773,8.186583586,45.34166505,412.0,13623.0,True,True,False,,,,,,,,,,,,,
S1C_IW_GRDH_1SDV_20250421T053447_20250421T053516_001987_003FE6_9043_COG,2025,2025-04-21,descending,66,VV,RFIT_2774,8.198439609,45.34166505,397.0,13532.0,True,True,False,,,,,,,,,,,,,
S1C_IW_GRDH_1SDV_20250421T053447_20250421T053516_001987_003FE6_9043_COG,2025,2025-04-21,descending,66,VV,RFIT_2775,8.210295631,45.34166505,381.0,13442.0,True,True,False,,,,,,,,,,,,,
S1C_IW_GRDH_1SDV_20250421T053447_20250421T053516_001987_003FE6_9043_COG,2025,2025-04-21,descending,66,VV,RFIT_2776,8.222151654,45.34166505,365.0,13351.0,True,True,False,,,,,,,,,,,,,
S1C_IW_GRDH_1SDV_20250421T053447_20250421T053516_001987_003FE6_9043_COG,2025,2025-04-21,descending,66,VV,RFIT_2777,8.234007676,45.34166505,349.0,13260.0,True,True,False,,,,,,,,,,,,,
S1C_IW_GRDH_1SDV_20250421T053447_20250421T053516_001987_003FE6_9043_COG,2025,2025-04-21,descending,66,VV,RFIT_2778,8.245863699,45.34166505,334.0,13170.0,True,True,False,,,,,,,,,,,,,
S1C_IW_GRDH_1SDV_20250421T053447_20250421T053516_001987_003FE6_9043_COG,2025,2025-04-21,descending,66,VV,RFIT_2779,8.257719722,45.34166505,318.0,13079.0,True,True,False,,,,,,,,,,,,,
S1C_IW_GRDH_1SDV_20250421T053447_20250421T053516_001987_003FE6_9043_COG,2025,2025-04-21,descending,66,VV,RFIT_2780,8.269575744,45.34166505,302.0,12989.0,True,True,False,,,,,,,,,,,,,
S1C_IW_GRDH_1SDV_20250421T053447_20250421T053516_001987_003FE6_9043_COG,2025,2025-04-21,descending,66,VV,RFIT_2781,8.281431767,45.34166505,286.0,12898.0,True,True,False,,,,,,,,,,,,,
S1C_IW_GRDH_1SDV_20250421T053447_20250421T053516_001987_003FE6_9043_COG,2025,2025-04-21,descending,66,VV,RFIT_2782,8.293287789,45.34166505,271.0,12808.0,True,True,False,,,,,,,,,,,,,
S1C_IW_GRDH_1SDV_20250421T053447_20250421T053516_001987_003FE6_9043_COG,2025,2025-04-21,descending,66,VV,RFIT_2783,8.305143812,45.34166505,255.0,12717.0,True,True,False,,,,,,,,,,,,,
S1C_IW_GRDH_1SDV_20250421T053447_20250421T053516_001987_003FE6_9043_COG,2025,2025-04-21,descending,66,VV,RFIT_2784,8.316999834,45.34166505,239.0,12626.0,True,True,False,,,,,,,,,,,,,
S1C_IW_GRDH_1SDV_20250421T053447_20250421T053516_001987_003FE6_9043_COG,2025,2025-04-21,descending,66,VV,RFIT_2785,8.328855857,45.34166505,223.0,12536.0,True,True,False,,,,,,,,,,,,,
S1C_IW_GRDH_1SDV_20250421T053447_20250421T053516_001987_003FE6_9043_COG,2025,2025-04-21,descending,66,VV,RFIT_2786,8.34071188,45.34166505,207.0,12445.0,True,True,False,,,,,,,,,,,,,
S1C_IW_GRDH_1SDV_20250421T053447_20250421T053516_001987_003FE6_9043_COG,2025,2025-04-21,descending,66,VV,RFIT_2787,8.352567902,45.34166505,192.0,12354.0,True,True,False,,,,,,,,,,,,,
S1C_IW_GRDH_1SDV_20250421T053447_20250421T053516_001987_003FE6_9043_COG,2025,2025-04-21,descending,66,VV,RFIT_2788,8.364423925,45.34166505,176.0,12264.0,True,True,False,,,,,,,,,,,,,
S1C_IW_GRDH_1SDV_20250421T053447_20250421T053516_001987_003FE6_9043_COG,2025,2025-04-21,descending,66,VV,RFIT_2789,8.376279947,45.34166505,160.0,12173.0,True,True,False,,,,,,,,,,,,,
S1C_IW_GRDH_1SDV_20250421T053447_20250421T053516_001987_003FE6_9043_COG,2025,2025-04-21,descending,66,VV,RFIT_2790,8.38813597,45.34166505,144.0,12083.0,True,True,False,,,,,,,,,,,,,
S1C_IW_GRDH_1SDV_20250421T053447_20250421T053516_001987_003FE6_9043_COG,2025,2025-04-21,descending,66,VV,RFIT_2791,8.399991992,45.34166505,128.0,11992.0,True,True,False,,,,,,,,,,,,,
S1C_IW_GRDH_1SDV_20250421T053447_20250421T053516_001987_003FE6_9043_COG,2025,2025-04-21,descending,66,VV,RFIT_2792,8.411848015,45.34166505,112.0,11901.0,True,True,False,,,,,,,,,,,,,
S1C_IW_GRDH_1SDV_20250421T053447_20250421T053516_001987_003FE6_9043_COG,2025,2025-04-21,descending,66,VV,RFIT_2793,8.423704038,45.34166505,96.0,11811.0,True,True,False,,,,,,,,,,,,,
S1C_IW_GRDH_1SDV_20250421T053447_20250421T053516_001987_003FE6_9043_COG,2025,2025-04-21,descending,66,VV,RFIT_2794,8.447416083,45.34166505,64.0,11629.0,True,True,False,,,,,,,,,,,,,
S1C_IW_GRDH_1SDV_20250421T053447_20250421T053516_001987_003FE6_9043_COG,2025,2025-04-21,descending,66,VV,RFIT_2795,8.459272105,45.34166505,48.0,11539.0,True,True,False,,,,,,,,,,,,,
S1C_IW_GRDH_1SDV_20250421T053447_20250421T053516_001987_003FE6_9043_COG,2025,2025-04-21,descending,66,VV,RFIT_2796,8.471128128,45.34166505,32.0,11448.0,True,True,False,,,,,,,,,,,,,
S1C_IW_GRDH_1SDV_20250421T053447_20250421T053516_001987_003FE6_9043_COG,2025,2025-04-21,descending,66,VV,RFIT_2797,8.48298415,45.34166505,16.0,11357.0,True,True,False,,,,,,,,,,,,,
S1C_IW_GRDH_1SDV_20250421T053447_20250421T053516_001987_003FE6_9043_COG,2025,2025-04-21,descending,66,VV,RFIT_2798,8.494840173,45.34166505,0.0,11267.0,True,True,False,,,,,,,,,,,,,
S1C_IW_GRDH_1SDV_20250421T053447_20250421T053516_001987_003FE6_9043_COG,2025,2025-04-21,descending,66,VV,RFIT_2862,8.128499986,45.34999838,399.0,14083.0,True,True,False,,,,,,,,,,,,,
S1C_IW_GRDH_1SDV_20250421T053447_20250421T053516_001987_003FE6_9043_COG,2025,2025-04-21,descending,66,VV,RFIT_2863,8.140357754,45.34999838,383.0,13992.0,True,True,False,,,,,,,,,,,,,
S1C_IW_GRDH_1SDV_20250421T053447_20250421T053516_001987_003FE6_9043_COG,2025,2025-04-21,descending,66,VV,RFIT_2864,8.152215522,45.34999838,367.0,13902.0,True,True,False,,,,,,,,,,,,,
S1C_IW_GRDH_1SDV_20250421T053447_20250421T053516_001987_003FE6_9043_COG,2025,2025-04-21,descending,66,VV,RFIT_2865,8.16407329,45.34999838,352.0,13811.0,True,True,False,,,,,,,,,,,,,
S1C_IW_GRDH_1SDV_20250421T053447_20250421T053516_001987_003FE6_9043_COG,2025,2025-04-21,descending,66,VV,RFIT_2866,8.175931058,45.34999838,336.0,13721.0,True,True,False,,,,,,,,,,,,,
S1C_IW_GRDH_1SDV_20250421T053447_20250421T053516_001987_003FE6_9043_COG,2025,2025-04-21,descending,66,VV,RFIT_2867,8.187788826,45.34999838,320.0,13630.0,True,True,False,,,,,,,,,,,,,
S1C_IW_GRDH_1SDV_20250421T053447_20250421T053516_001987_003FE6_9043_COG,2025,2025-04-21,descending,66,VV,RFIT_2868,8.199646594,45.34999838,305.0,13540.0,True,True,False,,,,,,,,,,,,,
S1C_IW_GRDH_1SDV_20250421T053447_20250421T053516_001987_003FE6_9043_COG,2025,2025-04-21,descending,66,VV,RFIT_2869,8.211504362,45.34999838,289.0,13449.0,True,True,False,,,,,,,,,,,,,
S1C_IW_GRDH_1SDV_20250421T053447_20250421T053516_001987_003FE6_9043_COG,2025,2025-04-21,descending,66,VV,RFIT_2870,8.22336213,45.34999838,273.0,13359.0,True,True,False,,,,,,,,,,,,,
S1C_IW_GRDH_1SDV_20250421T053447_20250421T053516_001987_003FE6_9043_COG,2025,2025-04-21,descending,66,VV,RFIT_2871,8.235219899,45.34999838,258.0,13268.0,True,True,False,,,,,,,,,,,,,
S1C_IW_GRDH_1SDV_20250421T053447_20250421T053516_001987_003FE6_9043_COG,2025,2025-04-21,descending,66,VV,RFIT_2872,8.258935435,45.34999838,226.0,13087.0,True,True,False,,,,,,,,,,,,,
S1C_IW_GRDH_1SDV_20250421T053447_20250421T053516_001987_003FE6_9043_COG,2025,2025-04-21,descending,66,VV,RFIT_2873,8.270793203,45.34999838,210.0,12996.0,True,True,False,,,,,,,,,,,,,
S1C_IW_GRDH_1SDV_20250421T053447_20250421T053516_001987_003FE6_9043_COG,2025,2025-04-21,descending,66,VV,RFIT_2874,8.282650971,45.34999838,195.0,12906.0,True,True,False,,,,,,,,,,,,,
S1C_IW_GRDH_1SDV_20250421T053447_20250421T053516_001987_003FE6_9043_COG,2025,2025-04-21,descending,66,VV,RFIT_2875,8.294508739,45.34999838,179.0,12815.0,True,True,False,,,,,,,,,,,,,
S1C_IW_GRDH_1SDV_20250421T053447_20250421T053516_001987_003FE6_9043_COG,2025,2025-04-21,descending,66,VV,RFIT_2876,8.306366507,45.34999838,163.0,12725.0,True,True,False,,,,,,,,,,,,,
S1C_IW_GRDH_1SDV_20250421T053447_20250421T053516_001987_003FE6_9043_COG,2025,2025-04-21,descending,66,VV,RFIT_2877,8.318224275,45.34999838,147.0,12634.0,True,True,False,,,,,,,,,,,,,
S1C_IW_GRDH_1SDV_20250421T053447_20250421T053516_001987_003FE6_9043_COG,2025,2025-04-21,descending,66,VV,RFIT_2878,8.330082043,45.34999838,131.0,12543.0,True,True,False,,,,,,,,,,,,,
S1C_IW_GRDH_1SDV_20250421T053447_20250421T053516_001987_003FE6_9043_COG,2025,2025-04-21,descending,66,VV,RFIT_2879,8.341939811,45.34999838,116.0,12453.0,True,True,False,,,,,,,,,,,,,
S1C_IW_GRDH_1SDV_20250421T053447_20250421T053516_001987_003FE6_9043_COG,2025,2025-04-21,descending,66,VV,RFIT_2880,8.353797579,45.34999838,100.0,12362.0,True,True,False,,,,,,,,,,,,,
S1C_IW_GRDH_1SDV_20250421T053447_20250421T053516_001987_003FE6_9043_COG,2025,2025-04-21,descending,66,VV,RFIT_2881,8.365655347,45.34999838,84.0,12272.0,True,True,False,,,,,,,,,,,,,
S1C_IW_GRDH_1SDV_20250421T053447_20250421T053516_001987_003FE6_9043_COG,2025,2025-04-21,descending,66,VV,RFIT_2882,8.377513115,45.34999838,68.0,12181.0,True,True,False,,,,,,,,,,,,,
S1C_IW_GRDH_1SDV_20250421T053447_20250421T053516_001987_003FE6_9043_COG,2025,2025-04-21,descending,66,VV,RFIT_2883,8.389370883,45.34999838,52.0,12090.0,True,True,False,,,,,,,,,,,,,
S1C_IW_GRDH_1SDV_20250421T053447_20250421T053516_001987_003FE6_9043_COG,2025,2025-04-21,descending,66,VV,RFIT_2884,8.401228651,45.34999838,36.0,12000.0,True,True,False,,,,,,,,,,,,,
S1C_IW_GRDH_1SDV_20250421T053447_20250421T053516_001987_003FE6_9043_COG,2025,2025-04-21,descending,66,VV,RFIT_2885,8.413086419,45.34999838,20.0,11909.0,True,True,False,,,,,,,,,,,,,
S1C_IW_GRDH_1SDV_20250421T053447_20250421T053516_001987_003FE6_9043_COG,2025,2025-04-21,descending,66,VV,RFIT_2886,8.424944187,45.34999838,5.0,11818.0,True,True,False,,,,,,,,,,,,,
S1C_IW_GRDH_1SDV_20250421T053447_20250421T053516_001987_003FE6_9043_COG,2025,2025-04-21,descending,66,VV,RFIT_2953,8.141556538,45.35833171,291.0,14000.0,True,True,False,,,,,,,,,,,,,
S1C_IW_GRDH_1SDV_20250421T053447_20250421T053516_001987_003FE6_9043_COG,2025,2025-04-21,descending,66,VV,RFIT_2954,8.153416052,45.35833171,276.0,13909.0,True,True,False,,,,,,,,,,,,,
S1C_IW_GRDH_1SDV_20250421T053447_20250421T053516_001987_003FE6_9043_COG,2025,2025-04-21,descending,66,VV,RFIT_2955,8.165275566,45.35833171,260.0,13819.0,True,True,False,,,,,,,,,,,,,
S1C_IW_GRDH_1SDV_20250421T053447_20250421T053516_001987_003FE6_9043_COG,2025,2025-04-21,descending,66,VV,RFIT_2956,8.177135081,45.35833171,244.0,13728.0,True,True,False,,,,,,,,,,,,,
S1C_IW_GRDH_1SDV_20250421T053447_20250421T053516_001987_003FE6_9043_COG,2025,2025-04-21,descending,66,VV,RFIT_2957,8.188994595,45.35833171,229.0,13638.0,True,True,False,,,,,,,,,,,,,
S1C_IW_GRDH_1SDV_20250421T053447_20250421T053516_001987_003FE6_9043_COG,2025,2025-04-21,descending,66,VV,RFIT_2958,8.200854109,45.35833171,213.0,13547.0,True,True,False,,,,,,,,,,,,,
S1C_IW_GRDH_1SDV_20250421T053447_20250421T053516_001987_003FE6_9043_COG,2025,2025-04-21,descending,66,VV,RFIT_2959,8.212713623,45.35833171,197.0,13457.0,True,True,False,,,,,,,,,,,,,
S1C_IW_GRDH_1SDV_20250421T053447_20250421T053516_001987_003FE6_9043_COG,2025,2025-04-21,descending,66,VV,RFIT_2960,8.224573138,45.35833171,182.0,13366.0,True,True,False,,,,,,,,,,,,,
S1C_IW_GRDH_1SDV_20250421T053447_20250421T053516_001987_003FE6_9043_COG,2025,2025-04-21,descending,66,VV,RFIT_2961,8.236432652,45.35833171,166.0,13276.0,True,True,False,,,,,,,,,,,,,
S1C_IW_GRDH_1SDV_20250421T053447_20250421T053516_001987_003FE6_9043_COG,2025,2025-04-21,descending,66,VV,RFIT_2962,8.248292166,45.35833171,150.0,13185.0,True,True,False,,,,,,,,,,,,,
S1C_IW_GRDH_1SDV_20250421T053447_20250421T053516_001987_003FE6_9043_COG,2025,2025-04-21,descending,66,VV,RFIT_2963,8.26015168,45.35833171,134.0,13095.0,True,True,False,,,,,,,,,,,,,
S1C_IW_GRDH_1SDV_20250421T053447_20250421T053516_001987_003FE6_9043_COG,2025,2025-04-21,descending,66,VV,RFIT_2964,8.272011195,45.35833171,119.0,13004.0,True,True,False,,,,,,,,,,,,,
S1C_IW_GRDH_1SDV_20250421T053447_20250421T053516_001987_003FE6_9043_COG,2025,2025-04-21,descending,66,VV,RFIT_2965,8.283870709,45.35833171,103.0,12913.0,True,True,False,,,,,,,,,,,,,
S1C_IW_GRDH_1SDV_20250421T053447_20250421T053516_001987_003FE6_9043_COG,2025,2025-04-21,descending,66,VV,RFIT_2966,8.295730223,45.35833171,87.0,12823.0,True,True,False,,,,,,,,,,,,,
S1C_IW_GRDH_1SDV_20250421T053447_20250421T053516_001987_003FE6_9043_COG,2025,2025-04-21,descending,66,VV,RFIT_2967,8.307589737,45.35833171,71.0,12732.0,True,True,False,,,,,,,,,,,,,
S1C_IW_GRDH_1SDV_20250421T053447_20250421T053516_001987_003FE6_9043_COG,2025,2025-04-21,descending,66,VV,RFIT_2968,8.319449252,45.35833171,56.0,12642.0,True,True,False,,,,,,,,,,,,,
S1C_IW_GRDH_1SDV_20250421T053447_20250421T053516_001987_003FE6_9043_COG,2025,2025-04-21,descending,66,VV,RFIT_2969,8.331308766,45.35833171,40.0,12551.0,True,True,False,,,,,,,,,,,,,
S1C_IW_GRDH_1SDV_20250421T053447_20250421T053516_001987_003FE6_9043_COG,2025,2025-04-21,descending,66,VV,RFIT_2970,8.34316828,45.35833171,24.0,12460.0,True,True,False,,,,,,,,,,,,,
S1C_IW_GRDH_1SDV_20250421T053447_20250421T053516_001987_003FE6_9043_COG,2025,2025-04-21,descending,66,VV,RFIT_2971,8.355027794,45.35833171,8.0,12370.0,True,True,False,,,,,,,,,,,,,
S1C_IW_GRDH_1SDV_20250421T053447_20250421T053516_001987_003FE6_9043_COG,2025,2025-04-21,descending,66,VV,RFIT_3042,8.130894585,45.36666504,215.0,14098.0,True,True,False,,,,,,,,,,,,,
S1C_IW_GRDH_1SDV_20250421T053447_20250421T053516_001987_003FE6_9043_COG,2025,2025-04-21,descending,66,VV,RFIT_3043,8.142755847,45.36666504,200.0,14008.0,True,True,False,,,,,,,,,,,,,
S1C_IW_GRDH_1SDV_20250421T053447_20250421T053516_001987_003FE6_9043_COG,2025,2025-04-21,descending,66,VV,RFIT_3044,8.154617108,45.36666504,184.0,13917.0,True,True,False,,,,,,,,,,,,,
S1C_IW_GRDH_1SDV_20250421T053447_20250421T053516_001987_003FE6_9043_COG,2025,2025-04-21,descending,66,VV,RFIT_3045,8.190200892,45.36666504,137.0,13646.0,True,True,False,,,,,,,,,,,,,
S1C_IW_GRDH_1SDV_20250421T053447_20250421T053516_001987_003FE6_9043_COG,2025,2025-04-21,descending,66,VV,RFIT_3046,8.202062153,45.36666504,121.0,13555.0,True,True,False,,,,,,,,,,,,,
S1C_IW_GRDH_1SDV_20250421T053447_20250421T053516_001987_003FE6_9043_COG,2025,2025-04-21,descending,66,VV,RFIT_3047,8.213923414,45.36666504,106.0,13464.0,True,True,False,,,,,,,,,,,,,
S1C_IW_GRDH_1SDV_20250421T053447_20250421T053516_001987_003FE6_9043_COG,2025,2025-04-21,descending,66,VV,RFIT_3048,8.225784675,45.36666504,90.0,13374.0,True,True,False,,,,,,,,,,,,,
S1C_IW_GRDH_1SDV_20250421T053447_20250421T053516_001987_003FE6_9043_COG,2025,2025-04-21,descending,66,VV,RFIT_3049,8.237645937,45.36666504,74.0,13283.0,True,True,False,,,,,,,,,,,,,
S1C_IW_GRDH_1SDV_20250421T053447_20250421T053516_001987_003FE6_9043_COG,2025,2025-04-21,descending,66,VV,RFIT_3050,8.249507198,45.36666504,58.0,13193.0,True,True,False,,,,,,,,,,,,,
S1C_IW_GRDH_1SDV_20250421T053447_20250421T053516_001987_003FE6_9043_COG,2025,2025-04-21,descending,66,VV,RFIT_3051,8.261368459,45.36666504,43.0,13102.0,True,True,False,,,,,,,,,,,,,
S1C_IW_GRDH_1SDV_20250421T053447_20250421T053516_001987_003FE6_9043_COG,2025,2025-04-21,descending,66,VV,RFIT_3052,8.27322972,45.36666504,27.0,13012.0,True,True,False,,,,,,,,,,,,,
S1C_IW_GRDH_1SDV_20250421T053447_20250421T053516_001987_003FE6_9043_COG,2025,2025-04-21,descending,66,VV,RFIT_3053,8.285090982,45.36666504,11.0,12921.0,True,True,False,,,,,,,,,,,,,
S1C_IW_GRDH_1SDV_20250421T053447_20250421T053516_001987_003FE6_9043_COG,2025,2025-04-21,descending,66,VV,RFIT_3131,8.132092672,45.37499838,123.0,14106.0,True,True,False,,,,,,,,,,,,,
S1C_IW_GRDH_1SDV_20250421T053447_20250421T053516_001987_003FE6_9043_COG,2025,2025-04-21,descending,66,VV,RFIT_3132,8.143955681,45.37499838,108.0,14015.0,True,True,False,,,,,,,,,,,,,
S1C_IW_GRDH_1SDV_20250421T053447_20250421T053516_001987_003FE6_9043_COG,2025,2025-04-21,descending,66,VV,RFIT_3133,8.15581869,45.37499838,92.0,13925.0,True,True,False,,,,,,,,,,,,,
S1C_IW_GRDH_1SDV_20250421T053447_20250421T053516_001987_003FE6_9043_COG,2025,2025-04-21,descending,66,VV,RFIT_3134,8.167681699,45.37499838,76.0,13834.0,True,True,False,,,,,,,,,,,,,
S1C_IW_GRDH_1SDV_20250421T053447_20250421T053516_001987_003FE6_9043_COG,2025,2025-04-21,descending,66,VV,RFIT_3135,8.179544708,45.37499838,61.0,13744.0,True,True,False,,,,,,,,,,,,,
S1C_IW_GRDH_1SDV_20250421T053447_20250421T053516_001987_003FE6_9043_COG,2025,2025-04-21,descending,66,VV,RFIT_3136,8.191407717,45.37499838,45.0,13653.0,True,True,False,,,,,,,,,,,,,
S1C_IW_GRDH_1SDV_20250421T053447_20250421T053516_001987_003FE6_9043_COG,2025,2025-04-21,descending,66,VV,RFIT_3137,8.203270726,45.37499838,29.0,13563.0,True,True,False,,,,,,,,,,,,,
S1C_IW_GRDH_1SDV_20250421T053447_20250421T053516_001987_003FE6_9043_COG,2025,2025-04-21,descending,66,VV,RFIT_3138,8.215133735,45.37499838,14.0,13472.0,True,True,False,,,,,,,,,,,,,
S1C_IW_GRDH_1SDV_20250421T053447_20250421T053516_001987_003FE6_9043_COG,2025,2025-04-21,descending,66,VV,RFIT_3221,8.133291284,45.38333171,32.0,14113.0,True,True,False,,,,,,,,,,,,,
S1C_IW_GRDH_1SDV_20250421T053447_20250421T053516_001987_003FE6_9043_COG,2025,2025-04-21,descending,66,VV,RFIT_3222,8.145156042,45.38333171,16.0,14023.0,True,True,False,,,,,,,,,,,,,
S1C_IW_GRDH_1SDV_20250421T053447_20250421T053516_001987_003FE6_9043_COG,2025,2025-04-21,descending,66,VV,RFIT_3223,8.157020799,45.38333171,0.0,13932.0,True,True,False,,,,,,,,,,,,,
