scene_id,checkpoint_path,checkpoint_read_ok,checkpoint_read_error,year,acquisition_date,orbit_state,relative_orbit,platform,rows_n,zero_support_checkpoint,scene_id_values_n,scene_id_matches_filename,support_ids_n,duplicate_support_rows_n,vv_raster_inside_n,vv_calibration_fail_n,vv_noise_fail_n,vv_nonpositive_n,vv_valid_corrected_sigma0_n,vh_raster_inside_n,vh_calibration_fail_n,vh_noise_fail_n,vh_nonpositive_n,vh_valid_corrected_sigma0_n
S1A_IW_GRDH_1SDV_20150403T052645_20150403T052710_005315_006BAF_A1B7_COG,outputs\diagnostics\design_c\c2v\scene_checkpoints\primary\S1A_IW_GRDH_1SDV_20150403T052645_20150403T052710_005315_006BAF_A1B7_COG.csv.gz,True,,2015,2015-04-03,descending,168,sentinel-1a,2310,False,1,True,2310,0,2310,0,0,130,2180,2310,0,0,133,2177
S1A_IW_GRDH_1SDV_20150403T052710_20150403T052735_005315_006BAF_18BD_COG,outputs\diagnostics\design_c\c2v\scene_checkpoints\primary\S1A_IW_GRDH_1SDV_20150403T052710_20150403T052735_005315_006BAF_18BD_COG.csv.gz,True,,2015,2015-04-03,descending,168,sentinel-1a,0,True,0,True,0,0,0,0,0,0,0,0,0,0,0,0
S1A_IW_GRDH_1SDV_20150404T171422_20150404T171447_005337_006C3A_D8EE_COG,outputs\diagnostics\design_c\c2v\scene_checkpoints\primary\S1A_IW_GRDH_1SDV_20150404T171422_20150404T171447_005337_006C3A_D8EE_COG.csv.gz,True,,2015,2015-04-04,ascending,15,sentinel-1a,4331,False,1,True,4331,0,4331,0,0,0,4331,4331,0,0,0,4331
S1A_IW_GRDH_1SDV_20150415T052640_20150415T052705_005490_007029_3A38_COG,outputs\diagnostics\design_c\c2v\scene_checkpoints\primary\S1A_IW_GRDH_1SDV_20150415T052640_20150415T052705_005490_007029_3A38_COG.csv.gz,True,,2015,2015-04-15,descending,168,sentinel-1a,616,False,1,True,616,0,616,0,0,49,567,616,0,0,50,566
S1A_IW_GRDH_1SDV_20150415T052705_20150415T052730_005490_007029_EBC9_COG,outputs\diagnostics\design_c\c2v\scene_checkpoints\primary\S1A_IW_GRDH_1SDV_20150415T052705_20150415T052730_005490_007029_EBC9_COG.csv.gz,True,,2015,2015-04-15,descending,168,sentinel-1a,1692,False,1,True,1692,0,1692,0,0,78,1614,1692,0,0,82,1610
S1A_IW_GRDH_1SDV_20150416T171423_20150416T171448_005512_00709D_38D0_COG,outputs\diagnostics\design_c\c2v\scene_checkpoints\primary\S1A_IW_GRDH_1SDV_20150416T171423_20150416T171448_005512_00709D_38D0_COG.csv.gz,True,,2015,2015-04-16,ascending,15,sentinel-1a,4331,False,1,True,4331,0,4331,0,0,0,4331,4331,0,0,0,4331
S1A_IW_GRDH_1SDV_20150421T172237_20150421T172302_005585_007258_FE7B_COG,outputs\diagnostics\design_c\c2v\scene_checkpoints\primary\S1A_IW_GRDH_1SDV_20150421T172237_20150421T172302_005585_007258_FE7B_COG.csv.gz,True,,2015,2015-04-21,ascending,88,sentinel-1a,3827,False,1,True,3827,0,3827,0,0,89,3738,3827,0,0,90,3737
S1A_IW_GRDH_1SDV_20150427T052641_20150427T052706_005665_007448_066B_COG,outputs\diagnostics\design_c\c2v\scene_checkpoints\primary\S1A_IW_GRDH_1SDV_20150427T052641_20150427T052706_005665_007448_066B_COG.csv.gz,True,,2015,2015-04-27,descending,168,sentinel-1a,616,False,1,True,616,0,616,0,0,51,565,616,0,0,52,564
S1A_IW_GRDH_1SDV_20150427T052706_20150427T052731_005665_007448_072D_COG,outputs\diagnostics\design_c\c2v\scene_checkpoints\primary\S1A_IW_GRDH_1SDV_20150427T052706_20150427T052731_005665_007448_072D_COG.csv.gz,True,,2015,2015-04-27,descending,168,sentinel-1a,1690,False,1,True,1690,0,1690,0,0,79,1611,1690,0,0,83,1607
S1A_IW_GRDH_1SDV_20150428T171438_20150428T171510_005687_0074BD_CDC0_COG,outputs\diagnostics\design_c\c2v\scene_checkpoints\primary\S1A_IW_GRDH_1SDV_20150428T171438_20150428T171510_005687_0074BD_CDC0_COG.csv.gz,True,,2015,2015-04-28,ascending,15,sentinel-1a,3101,False,1,True,3101,0,3101,0,0,0,3101,3101,0,0,0,3101
S1A_IW_GRDH_1SDV_20150502T053449_20150502T053518_005738_0075E4_6258_COG,outputs\diagnostics\design_c\c2v\scene_checkpoints\primary\S1A_IW_GRDH_1SDV_20150502T053449_20150502T053518_005738_0075E4_6258_COG.csv.gz,True,,2015,2015-05-02,descending,66,sentinel-1a,2817,False,1,True,2817,0,2817,0,0,0,2817,2817,0,0,0,2817
S1A_IW_GRDH_1SDV_20150502T053518_20150502T053543_005738_0075E4_5FF8_COG,outputs\diagnostics\design_c\c2v\scene_checkpoints\primary\S1A_IW_GRDH_1SDV_20150502T053518_20150502T053543_005738_0075E4_5FF8_COG.csv.gz,True,,2015,2015-05-02,descending,66,sentinel-1a,1514,False,1,True,1514,0,1514,0,0,0,1514,1514,0,0,0,1514
S1A_IW_GRDH_1SDV_20150509T052653_20150509T052718_005840_007841_A5F8_COG,outputs\diagnostics\design_c\c2v\scene_checkpoints\primary\S1A_IW_GRDH_1SDV_20150509T052653_20150509T052718_005840_007841_A5F8_COG.csv.gz,True,,2015,2015-05-09,descending,168,sentinel-1a,2343,False,1,True,2343,0,2343,0,0,143,2200,2343,0,0,147,2196
S1A_IW_GRDH_1SDV_20150514T053449_20150514T053518_005913_0079E8_64A1_COG,outputs\diagnostics\design_c\c2v\scene_checkpoints\primary\S1A_IW_GRDH_1SDV_20150514T053449_20150514T053518_005913_0079E8_64A1_COG.csv.gz,True,,2015,2015-05-14,descending,66,sentinel-1a,2812,False,1,True,2812,0,2812,0,0,0,2812,2812,0,0,0,2812
S1A_IW_GRDH_1SDV_20150514T053518_20150514T053543_005913_0079E8_0FAE_COG,outputs\diagnostics\design_c\c2v\scene_checkpoints\primary\S1A_IW_GRDH_1SDV_20150514T053518_20150514T053543_005913_0079E8_0FAE_COG.csv.gz,True,,2015,2015-05-14,descending,66,sentinel-1a,1519,False,1,True,1519,0,1519,0,0,0,1519,1519,0,0,0,1519
S1A_IW_GRDH_1SDV_20150515T172239_20150515T172304_005935_007A51_F1D6_COG,outputs\diagnostics\design_c\c2v\scene_checkpoints\primary\S1A_IW_GRDH_1SDV_20150515T172239_20150515T172304_005935_007A51_F1D6_COG.csv.gz,True,,2015,2015-05-15,ascending,88,sentinel-1a,3873,False,1,True,3873,0,3873,0,0,114,3759,3873,0,0,118,3755
S1A_IW_GRDH_1SDV_20150521T052640_20150521T052709_006015_007C1A_4BDE_COG,outputs\diagnostics\design_c\c2v\scene_checkpoints\primary\S1A_IW_GRDH_1SDV_20150521T052640_20150521T052709_006015_007C1A_4BDE_COG.csv.gz,True,,2015,2015-05-21,descending,168,sentinel-1a,1284,False,1,True,1284,0,1284,0,0,47,1237,1284,0,0,47,1237
S1A_IW_GRDH_1SDV_20150521T052709_20150521T052734_006015_007C1A_DA90_COG,outputs\diagnostics\design_c\c2v\scene_checkpoints\primary\S1A_IW_GRDH_1SDV_20150521T052709_20150521T052734_006015_007C1A_DA90_COG.csv.gz,True,,2015,2015-05-21,descending,168,sentinel-1a,906,False,1,True,906,0,906,0,0,27,879,906,0,0,27,879
S1A_IW_GRDH_1SDV_20150522T171425_20150522T171450_006037_007CBA_4DE2_COG,outputs\diagnostics\design_c\c2v\scene_checkpoints\primary\S1A_IW_GRDH_1SDV_20150522T171425_20150522T171450_006037_007CBA_4DE2_COG.csv.gz,True,,2015,2015-05-22,ascending,15,sentinel-1a,4331,False,1,True,4331,0,4331,0,0,0,4331,4331,0,0,0,4331
S1A_IW_GRDH_1SDV_20150603T171426_20150603T171451_006212_0081AF_101C_COG,outputs\diagnostics\design_c\c2v\scene_checkpoints\primary\S1A_IW_GRDH_1SDV_20150603T171426_20150603T171451_006212_0081AF_101C_COG.csv.gz,True,,2015,2015-06-03,ascending,15,sentinel-1a,4331,False,1,True,4331,0,4331,0,0,0,4331,4331,0,0,0,4331
S1A_IW_GRDH_1SDV_20150607T053451_20150607T053520_006263_008344_BC7D_COG,outputs\diagnostics\design_c\c2v\scene_checkpoints\primary\S1A_IW_GRDH_1SDV_20150607T053451_20150607T053520_006263_008344_BC7D_COG.csv.gz,True,,2015,2015-06-07,descending,66,sentinel-1a,2815,False,1,True,2815,0,2815,0,0,0,2815,2815,0,0,0,2815
S1A_IW_GRDH_1SDV_20150607T053520_20150607T053545_006263_008344_2741_COG,outputs\diagnostics\design_c\c2v\scene_checkpoints\primary\S1A_IW_GRDH_1SDV_20150607T053520_20150607T053545_006263_008344_2741_COG.csv.gz,True,,2015,2015-06-07,descending,66,sentinel-1a,1516,False,1,True,1516,0,1516,0,0,0,1516,1516,0,0,0,1516
S1A_IW_GRDH_1SDV_20150614T052642_20150614T052710_006365_00862F_7CF0_COG,outputs\diagnostics\design_c\c2v\scene_checkpoints\primary\S1A_IW_GRDH_1SDV_20150614T052642_20150614T052710_006365_00862F_7CF0_COG.csv.gz,True,,2015,2015-06-14,descending,168,sentinel-1a,1272,False,1,True,1272,0,1272,0,0,31,1241,1272,0,0,31,1241
S1A_IW_GRDH_1SDV_20150615T171426_20150615T171451_006387_0086C9_677D_COG,outputs\diagnostics\design_c\c2v\scene_checkpoints\primary\S1A_IW_GRDH_1SDV_20150615T171426_20150615T171451_006387_0086C9_677D_COG.csv.gz,True,,2015,2015-06-15,ascending,15,sentinel-1a,4331,False,1,True,4331,0,4331,0,0,0,4331,4331,0,0,0,4331
S1A_IW_GRDH_1SDV_20150619T053452_20150619T053521_006438_008841_0C7C_COG,outputs\diagnostics\design_c\c2v\scene_checkpoints\primary\S1A_IW_GRDH_1SDV_20150619T053452_20150619T053521_006438_008841_0C7C_COG.csv.gz,True,,2015,2015-06-19,descending,66,sentinel-1a,2815,False,1,True,2815,0,2815,0,0,0,2815,2815,0,0,0,2815
S1A_IW_GRDH_1SDV_20150626T052642_20150626T052711_006540_008B28_6BB4_COG,outputs\diagnostics\design_c\c2v\scene_checkpoints\primary\S1A_IW_GRDH_1SDV_20150626T052642_20150626T052711_006540_008B28_6BB4_COG.csv.gz,True,,2015,2015-06-26,descending,168,sentinel-1a,1270,False,1,True,1270,0,1270,0,0,30,1240,1270,0,0,30,1240
S1A_IW_GRDH_1SDV_20150627T171427_20150627T171452_006562_008BB6_62AA_COG,outputs\diagnostics\design_c\c2v\scene_checkpoints\primary\S1A_IW_GRDH_1SDV_20150627T171427_20150627T171452_006562_008BB6_62AA_COG.csv.gz,True,,2015,2015-06-27,ascending,15,sentinel-1a,4331,False,1,True,4331,0,4331,0,0,0,4331,4331,0,0,0,4331
S1A_IW_GRDH_1SDV_20150701T053452_20150701T053521_006613_008D1C_BA62_COG,outputs\diagnostics\design_c\c2v\scene_checkpoints\primary\S1A_IW_GRDH_1SDV_20150701T053452_20150701T053521_006613_008D1C_BA62_COG.csv.gz,True,,2015,2015-07-01,descending,66,sentinel-1a,2819,False,1,True,2819,0,2819,0,0,0,2819,2819,0,0,0,2819
S1A_IW_GRDH_1SDV_20150701T053521_20150701T053546_006613_008D1C_4F50_COG,outputs\diagnostics\design_c\c2v\scene_checkpoints\primary\S1A_IW_GRDH_1SDV_20150701T053521_20150701T053546_006613_008D1C_4F50_COG.csv.gz,True,,2015,2015-07-01,descending,66,sentinel-1a,1512,False,1,True,1512,0,1512,0,0,0,1512,1512,0,0,0,1512
S1A_IW_GRDH_1SDV_20150702T172241_20150702T172306_006635_008DA4_BB6D_COG,outputs\diagnostics\design_c\c2v\scene_checkpoints\primary\S1A_IW_GRDH_1SDV_20150702T172241_20150702T172306_006635_008DA4_BB6D_COG.csv.gz,True,,2015,2015-07-02,ascending,88,sentinel-1a,3870,False,1,True,3870,0,3870,0,0,114,3756,3870,0,0,114,3756
S1A_IW_GRDH_1SDV_20150708T052642_20150708T052717_006715_008FD3_506E_COG,outputs\diagnostics\design_c\c2v\scene_checkpoints\primary\S1A_IW_GRDH_1SDV_20150708T052642_20150708T052717_006715_008FD3_506E_COG.csv.gz,True,,2015,2015-07-08,descending,168,sentinel-1a,2116,False,1,True,2116,0,2116,0,0,7,2109,2116,0,0,10,2106
S1A_IW_GRDH_1SDV_20150709T171426_20150709T171451_006737_009069_C5EF_COG,outputs\diagnostics\design_c\c2v\scene_checkpoints\primary\S1A_IW_GRDH_1SDV_20150709T171426_20150709T171451_006737_009069_C5EF_COG.csv.gz,True,,2015,2015-07-09,ascending,15,sentinel-1a,4331,False,1,True,4331,0,4331,0,0,0,4331,4331,0,0,7,4324
S1A_IW_GRDH_1SDV_20150713T053452_20150713T053521_006788_0091FF_470D_COG,outputs\diagnostics\design_c\c2v\scene_checkpoints\primary\S1A_IW_GRDH_1SDV_20150713T053452_20150713T053521_006788_0091FF_470D_COG.csv.gz,True,,2015,2015-07-13,descending,66,sentinel-1a,2815,False,1,True,2815,0,2815,0,0,0,2815,2815,0,0,5,2810
S1A_IW_GRDH_1SDV_20150713T053521_20150713T053546_006788_0091FF_45DD_COG,outputs\diagnostics\design_c\c2v\scene_checkpoints\primary\S1A_IW_GRDH_1SDV_20150713T053521_20150713T053546_006788_0091FF_45DD_COG.csv.gz,True,,2015,2015-07-13,descending,66,sentinel-1a,1516,False,1,True,1516,0,1516,0,0,0,1516,1516,0,0,4,1512
S1A_IW_GRDH_1SDV_20150714T172242_20150714T172307_006810_0092A3_18D0_COG,outputs\diagnostics\design_c\c2v\scene_checkpoints\primary\S1A_IW_GRDH_1SDV_20150714T172242_20150714T172307_006810_0092A3_18D0_COG.csv.gz,True,,2015,2015-07-14,ascending,88,sentinel-1a,3872,False,1,True,3872,0,3872,0,0,160,3712,3872,0,0,162,3710
S1A_IW_GRDH_1SDV_20150720T052637_20150720T052706_006890_0094E5_8481_COG,outputs\diagnostics\design_c\c2v\scene_checkpoints\primary\S1A_IW_GRDH_1SDV_20150720T052637_20150720T052706_006890_0094E5_8481_COG.csv.gz,True,,2015,2015-07-20,descending,168,sentinel-1a,0,True,0,True,0,0,0,0,0,0,0,0,0,0,0,0
S1A_IW_GRDH_1SDV_20150720T052706_20150720T052731_006890_0094E5_47E5_COG,outputs\diagnostics\design_c\c2v\scene_checkpoints\primary\S1A_IW_GRDH_1SDV_20150720T052706_20150720T052731_006890_0094E5_47E5_COG.csv.gz,True,,2015,2015-07-20,descending,168,sentinel-1a,2151,False,1,True,2151,0,2151,0,0,33,2118,2151,0,0,33,2118
S1A_IW_GRDH_1SDV_20150721T171427_20150721T171452_006912_00957B_A420_COG,outputs\diagnostics\design_c\c2v\scene_checkpoints\primary\S1A_IW_GRDH_1SDV_20150721T171427_20150721T171452_006912_00957B_A420_COG.csv.gz,True,,2015,2015-07-21,ascending,15,sentinel-1a,4331,False,1,True,4331,0,4331,0,0,0,4331,4331,0,0,6,4325
S1A_IW_GRDH_1SDV_20150725T053453_20150725T053522_006963_009700_FC29_COG,outputs\diagnostics\design_c\c2v\scene_checkpoints\primary\S1A_IW_GRDH_1SDV_20150725T053453_20150725T053522_006963_009700_FC29_COG.csv.gz,True,,2015,2015-07-25,descending,66,sentinel-1a,2816,False,1,True,2816,0,2816,0,0,0,2816,2816,0,0,0,2816
S1A_IW_GRDH_1SDV_20150725T053522_20150725T053547_006963_009700_911F_COG,outputs\diagnostics\design_c\c2v\scene_checkpoints\primary\S1A_IW_GRDH_1SDV_20150725T053522_20150725T053547_006963_009700_911F_COG.csv.gz,True,,2015,2015-07-25,descending,66,sentinel-1a,1514,False,1,True,1514,0,1514,0,0,0,1514,1514,0,0,1,1513
S1A_IW_GRDH_1SDV_20150726T172242_20150726T172307_006985_009792_1DD8_COG,outputs\diagnostics\design_c\c2v\scene_checkpoints\primary\S1A_IW_GRDH_1SDV_20150726T172242_20150726T172307_006985_009792_1DD8_COG.csv.gz,True,,2015,2015-07-26,ascending,88,sentinel-1a,3867,False,1,True,3867,0,3867,0,0,159,3708,3867,0,0,161,3706
S1A_IW_GRDH_1SDV_20150801T052643_20150801T052712_007065_0099D0_71BA_COG,outputs\diagnostics\design_c\c2v\scene_checkpoints\primary\S1A_IW_GRDH_1SDV_20150801T052643_20150801T052712_007065_0099D0_71BA_COG.csv.gz,True,,2015,2015-08-01,descending,168,sentinel-1a,1261,False,1,True,1261,0,1261,0,0,25,1236,1261,0,0,25,1236
S1A_IW_GRDH_1SDV_20150802T171443_20150802T171509_007087_009A61_BC34_COG,outputs\diagnostics\design_c\c2v\scene_checkpoints\primary\S1A_IW_GRDH_1SDV_20150802T171443_20150802T171509_007087_009A61_BC34_COG.csv.gz,True,,2015,2015-08-02,ascending,15,sentinel-1a,3100,False,1,True,3100,0,3100,0,0,0,3100,3100,0,0,4,3096
S1A_IW_GRDH_1SDV_20150806T053448_20150806T053517_007138_009BD3_9AB9_COG,outputs\diagnostics\design_c\c2v\scene_checkpoints\primary\S1A_IW_GRDH_1SDV_20150806T053448_20150806T053517_007138_009BD3_9AB9_COG.csv.gz,True,,2015,2015-08-06,descending,66,sentinel-1a,0,True,0,True,0,0,0,0,0,0,0,0,0,0,0,0
S1A_IW_GRDH_1SDV_20150806T053517_20150806T053542_007138_009BD3_F254_COG,outputs\diagnostics\design_c\c2v\scene_checkpoints\primary\S1A_IW_GRDH_1SDV_20150806T053517_20150806T053542_007138_009BD3_F254_COG.csv.gz,True,,2015,2015-08-06,descending,66,sentinel-1a,4331,False,1,True,4331,0,4331,0,0,0,4331,4331,0,0,3,4328
S1A_IW_GRDH_1SDV_20150807T172245_20150807T172310_007160_009C69_1064_COG,outputs\diagnostics\design_c\c2v\scene_checkpoints\primary\S1A_IW_GRDH_1SDV_20150807T172245_20150807T172310_007160_009C69_1064_COG.csv.gz,True,,2015,2015-08-07,ascending,88,sentinel-1a,3861,False,1,True,3861,0,3861,0,0,152,3709,3861,0,0,152,3709
S1A_IW_GRDH_1SDV_20150813T052644_20150813T052713_007240_009E8F_0E9C_COG,outputs\diagnostics\design_c\c2v\scene_checkpoints\primary\S1A_IW_GRDH_1SDV_20150813T052644_20150813T052713_007240_009E8F_0E9C_COG.csv.gz,True,,2015,2015-08-13,descending,168,sentinel-1a,1259,False,1,True,1259,0,1259,0,0,23,1236,1259,0,0,23,1236
S1A_IW_GRDH_1SDV_20150813T052713_20150813T052738_007240_009E8F_2926_COG,outputs\diagnostics\design_c\c2v\scene_checkpoints\primary\S1A_IW_GRDH_1SDV_20150813T052713_20150813T052738_007240_009E8F_2926_COG.csv.gz,True,,2015,2015-08-13,descending,168,sentinel-1a,889,False,1,True,889,0,889,0,0,12,877,889,0,0,13,876
S1A_IW_GRDH_1SDV_20150814T171429_20150814T171454_007262_009F26_14CE_COG,outputs\diagnostics\design_c\c2v\scene_checkpoints\primary\S1A_IW_GRDH_1SDV_20150814T171429_20150814T171454_007262_009F26_14CE_COG.csv.gz,True,,2015,2015-08-14,ascending,15,sentinel-1a,4331,False,1,True,4331,0,4331,0,0,0,4331,4331,0,0,1,4330
S1A_IW_GRDH_1SDV_20150818T053449_20150818T053518_007313_00A098_4D22_COG,outputs\diagnostics\design_c\c2v\scene_checkpoints\primary\S1A_IW_GRDH_1SDV_20150818T053449_20150818T053518_007313_00A098_4D22_COG.csv.gz,True,,2015,2015-08-18,descending,66,sentinel-1a,0,True,0,True,0,0,0,0,0,0,0,0,0,0,0,0
S1A_IW_GRDH_1SDV_20150818T053518_20150818T053543_007313_00A098_2B61_COG,outputs\diagnostics\design_c\c2v\scene_checkpoints\primary\S1A_IW_GRDH_1SDV_20150818T053518_20150818T053543_007313_00A098_2B61_COG.csv.gz,True,,2015,2015-08-18,descending,66,sentinel-1a,4331,False,1,True,4331,0,4331,0,0,0,4331,4331,0,0,1,4330
S1A_IW_GRDH_1SDV_20150819T172246_20150819T172311_007335_00A12A_2900_COG,outputs\diagnostics\design_c\c2v\scene_checkpoints\primary\S1A_IW_GRDH_1SDV_20150819T172246_20150819T172311_007335_00A12A_2900_COG.csv.gz,True,,2015,2015-08-19,ascending,88,sentinel-1a,3863,False,1,True,3863,0,3863,0,0,152,3711,3863,0,0,156,3707
S1A_IW_GRDH_1SDV_20150825T052645_20150825T052714_007415_00A34E_2F41_COG,outputs\diagnostics\design_c\c2v\scene_checkpoints\primary\S1A_IW_GRDH_1SDV_20150825T052645_20150825T052714_007415_00A34E_2F41_COG.csv.gz,True,,2015,2015-08-25,descending,168,sentinel-1a,1259,False,1,True,1259,0,1259,0,0,22,1237,1259,0,0,22,1237
S1A_IW_GRDH_1SDV_20150826T171429_20150826T171454_007437_00A3E8_5198_COG,outputs\diagnostics\design_c\c2v\scene_checkpoints\primary\S1A_IW_GRDH_1SDV_20150826T171429_20150826T171454_007437_00A3E8_5198_COG.csv.gz,True,,2015,2015-08-26,ascending,15,sentinel-1a,4331,False,1,True,4331,0,4331,0,0,0,4331,4331,0,0,1,4330
S1A_IW_GRDH_1SDV_20150830T053449_20150830T053518_007488_00A55C_50E8_COG,outputs\diagnostics\design_c\c2v\scene_checkpoints\primary\S1A_IW_GRDH_1SDV_20150830T053449_20150830T053518_007488_00A55C_50E8_COG.csv.gz,True,,2015,2015-08-30,descending,66,sentinel-1a,0,True,0,True,0,0,0,0,0,0,0,0,0,0,0,0
S1A_IW_GRDH_1SDV_20150830T053518_20150830T053543_007488_00A55C_E5D2_COG,outputs\diagnostics\design_c\c2v\scene_checkpoints\primary\S1A_IW_GRDH_1SDV_20150830T053518_20150830T053543_007488_00A55C_E5D2_COG.csv.gz,True,,2015,2015-08-30,descending,66,sentinel-1a,4331,False,1,True,4331,0,4331,0,0,0,4331,4331,0,0,0,4331
S1A_IW_GRDH_1SDV_20150831T172246_20150831T172311_007510_00A5F7_FAD4_COG,outputs\diagnostics\design_c\c2v\scene_checkpoints\primary\S1A_IW_GRDH_1SDV_20150831T172246_20150831T172311_007510_00A5F7_FAD4_COG.csv.gz,True,,2015,2015-08-31,ascending,88,sentinel-1a,3865,False,1,True,3865,0,3865,0,0,152,3713,3865,0,0,152,3713
S1A_IW_GRDH_1SDV_20150906T052645_20150906T052714_007590_00A81D_5CB3_COG,outputs\diagnostics\design_c\c2v\scene_checkpoints\primary\S1A_IW_GRDH_1SDV_20150906T052645_20150906T052714_007590_00A81D_5CB3_COG.csv.gz,True,,2015,2015-09-06,descending,168,sentinel-1a,1256,False,1,True,1256,0,1256,0,0,21,1235,1256,0,0,21,1235
S1A_IW_GRDH_1SDV_20150907T171430_20150907T171455_007612_00A8B1_49BA_COG,outputs\diagnostics\design_c\c2v\scene_checkpoints\primary\S1A_IW_GRDH_1SDV_20150907T171430_20150907T171455_007612_00A8B1_49BA_COG.csv.gz,True,,2015,2015-09-07,ascending,15,sentinel-1a,4331,False,1,True,4331,0,4331,0,0,0,4331,4331,0,0,4,4327
S1A_IW_GRDH_1SDV_20150911T053450_20150911T053519_007663_00AA27_A71D_COG,outputs\diagnostics\design_c\c2v\scene_checkpoints\primary\S1A_IW_GRDH_1SDV_20150911T053450_20150911T053519_007663_00AA27_A71D_COG.csv.gz,True,,2015,2015-09-11,descending,66,sentinel-1a,0,True,0,True,0,0,0,0,0,0,0,0,0,0,0,0
S1A_IW_GRDH_1SDV_20150911T053519_20150911T053544_007663_00AA27_574A_COG,outputs\diagnostics\design_c\c2v\scene_checkpoints\primary\S1A_IW_GRDH_1SDV_20150911T053519_20150911T053544_007663_00AA27_574A_COG.csv.gz,True,,2015,2015-09-11,descending,66,sentinel-1a,4331,False,1,True,4331,0,4331,0,0,0,4331,4331,0,0,4,4327
S1A_IW_GRDH_1SDV_20150912T172246_20150912T172311_007685_00AAB1_02BD_COG,outputs\diagnostics\design_c\c2v\scene_checkpoints\primary\S1A_IW_GRDH_1SDV_20150912T172246_20150912T172311_007685_00AAB1_02BD_COG.csv.gz,True,,2015,2015-09-12,ascending,88,sentinel-1a,3865,False,1,True,3865,0,3865,0,0,152,3713,3865,0,0,152,3713
S1A_IW_GRDH_1SDV_20150918T052645_20150918T052714_007765_00ACC0_513F_COG,outputs\diagnostics\design_c\c2v\scene_checkpoints\primary\S1A_IW_GRDH_1SDV_20150918T052645_20150918T052714_007765_00ACC0_513F_COG.csv.gz,True,,2015,2015-09-18,descending,168,sentinel-1a,1257,False,1,True,1257,0,1257,0,0,22,1235,1257,0,0,22,1235
S1A_IW_GRDH_1SDV_20150919T171430_20150919T171455_007787_00AD57_3475_COG,outputs\diagnostics\design_c\c2v\scene_checkpoints\primary\S1A_IW_GRDH_1SDV_20150919T171430_20150919T171455_007787_00AD57_3475_COG.csv.gz,True,,2015,2015-09-19,ascending,15,sentinel-1a,4331,False,1,True,4331,0,4331,0,0,0,4331,4331,0,0,2,4329
S1A_IW_GRDH_1SDV_20150923T053450_20150923T053519_007838_00AEBF_C1A1_COG,outputs\diagnostics\design_c\c2v\scene_checkpoints\primary\S1A_IW_GRDH_1SDV_20150923T053450_20150923T053519_007838_00AEBF_C1A1_COG.csv.gz,True,,2015,2015-09-23,descending,66,sentinel-1a,0,True,0,True,0,0,0,0,0,0,0,0,0,0,0,0
S1A_IW_GRDH_1SDV_20150923T053519_20150923T053544_007838_00AEBF_4476_COG,outputs\diagnostics\design_c\c2v\scene_checkpoints\primary\S1A_IW_GRDH_1SDV_20150923T053519_20150923T053544_007838_00AEBF_4476_COG.csv.gz,True,,2015,2015-09-23,descending,66,sentinel-1a,4331,False,1,True,4331,0,4331,0,0,0,4331,4331,0,0,1,4330
S1A_IW_GRDH_1SDV_20150924T172247_20150924T172312_007860_00AF57_E989_COG,outputs\diagnostics\design_c\c2v\scene_checkpoints\primary\S1A_IW_GRDH_1SDV_20150924T172247_20150924T172312_007860_00AF57_E989_COG.csv.gz,True,,2015,2015-09-24,ascending,88,sentinel-1a,3863,False,1,True,3863,0,3863,0,0,152,3711,3863,0,0,152,3711
S1A_IW_GRDH_1SDV_20150930T052646_20150930T052715_007940_00B17D_D429_COG,outputs\diagnostics\design_c\c2v\scene_checkpoints\primary\S1A_IW_GRDH_1SDV_20150930T052646_20150930T052715_007940_00B17D_D429_COG.csv.gz,True,,2015,2015-09-30,descending,168,sentinel-1a,1257,False,1,True,1257,0,1257,0,0,21,1236,1257,0,0,22,1235
S1A_IW_GRDH_1SDV_20160402T053507_20160402T053532_010638_00FD7A_79D1_COG,outputs\diagnostics\design_c\c2v\scene_checkpoints\primary\S1A_IW_GRDH_1SDV_20160402T053507_20160402T053532_010638_00FD7A_79D1_COG.csv.gz,True,,2016,2016-04-02,descending,66,sentinel-1a,4331,False,1,True,4331,0,4331,0,0,2,4329,4331,0,0,22,4309
S1A_IW_GRDH_1SDV_20160403T172232_20160403T172257_010660_00FE19_AAB5_COG,outputs\diagnostics\design_c\c2v\scene_checkpoints\primary\S1A_IW_GRDH_1SDV_20160403T172232_20160403T172257_010660_00FE19_AAB5_COG.csv.gz,True,,2016,2016-04-03,ascending,88,sentinel-1a,3138,False,1,True,3138,0,3138,0,0,161,2977,3138,0,0,169,2969
S1A_IW_GRDH_1SDV_20160403T172257_20160403T172322_010660_00FE19_37E9_COG,outputs\diagnostics\design_c\c2v\scene_checkpoints\primary\S1A_IW_GRDH_1SDV_20160403T172257_20160403T172322_010660_00FE19_37E9_COG.csv.gz,True,,2016,2016-04-03,ascending,88,sentinel-1a,736,False,1,True,736,0,736,0,0,0,736,736,0,0,0,736
S1A_IW_GRDH_1SDV_20160409T052643_20160409T052708_010740_01007E_0970_COG,outputs\diagnostics\design_c\c2v\scene_checkpoints\primary\S1A_IW_GRDH_1SDV_20160409T052643_20160409T052708_010740_01007E_0970_COG.csv.gz,True,,2016,2016-04-09,descending,168,sentinel-1a,1,False,1,True,1,0,1,0,0,1,0,1,0,0,1,0
S1A_IW_GRDH_1SDV_20160409T052708_20160409T052733_010740_01007E_8152_COG,outputs\diagnostics\design_c\c2v\scene_checkpoints\primary\S1A_IW_GRDH_1SDV_20160409T052708_20160409T052733_010740_01007E_8152_COG.csv.gz,True,,2016,2016-04-09,descending,168,sentinel-1a,2286,False,1,True,2286,0,2286,0,0,168,2118,2286,0,0,187,2099
S1A_IW_GRDH_1SDV_20160410T171423_20160410T171448_010762_010122_E46B_COG,outputs\diagnostics\design_c\c2v\scene_checkpoints\primary\S1A_IW_GRDH_1SDV_20160410T171423_20160410T171448_010762_010122_E46B_COG.csv.gz,True,,2016,2016-04-10,ascending,15,sentinel-1a,3775,False,1,True,3775,0,3775,0,0,0,3775,3775,0,0,57,3718
S1A_IW_GRDH_1SDV_20160410T171448_20160410T171513_010762_010122_3076_COG,outputs\diagnostics\design_c\c2v\scene_checkpoints\primary\S1A_IW_GRDH_1SDV_20160410T171448_20160410T171513_010762_010122_3076_COG.csv.gz,True,,2016,2016-04-10,ascending,15,sentinel-1a,556,False,1,True,556,0,556,0,0,0,556,556,0,0,10,546
S1A_IW_GRDH_1SDV_20160414T053453_20160414T053518_010813_0102C0_C84E_COG,outputs\diagnostics\design_c\c2v\scene_checkpoints\primary\S1A_IW_GRDH_1SDV_20160414T053453_20160414T053518_010813_0102C0_C84E_COG.csv.gz,True,,2016,2016-04-14,descending,66,sentinel-1a,49,False,1,True,49,0,49,0,0,0,49,49,0,0,0,49
S1A_IW_GRDH_1SDV_20160414T053518_20160414T053543_010813_0102C0_9560_COG,outputs\diagnostics\design_c\c2v\scene_checkpoints\primary\S1A_IW_GRDH_1SDV_20160414T053518_20160414T053543_010813_0102C0_9560_COG.csv.gz,True,,2016,2016-04-14,descending,66,sentinel-1a,4282,False,1,True,4282,0,4282,0,0,1,4281,4282,0,0,46,4236
S1A_IW_GRDH_1SDV_20160415T172240_20160415T172305_010835_01035A_BB9E_COG,outputs\diagnostics\design_c\c2v\scene_checkpoints\primary\S1A_IW_GRDH_1SDV_20160415T172240_20160415T172305_010835_01035A_BB9E_COG.csv.gz,True,,2016,2016-04-15,ascending,88,sentinel-1a,3840,False,1,True,3840,0,3840,0,0,132,3708,3840,0,0,145,3695
S1A_IW_GRDH_1SDV_20160421T052655_20160421T052720_010915_0105CD_B13F_COG,outputs\diagnostics\design_c\c2v\scene_checkpoints\primary\S1A_IW_GRDH_1SDV_20160421T052655_20160421T052720_010915_0105CD_B13F_COG.csv.gz,True,,2016,2016-04-21,descending,168,sentinel-1a,2331,False,1,True,2331,0,2331,0,0,219,2112,2331,0,0,250,2081
S1A_IW_GRDH_1SDV_20160422T171424_20160422T171449_010937_010677_D047_COG,outputs\diagnostics\design_c\c2v\scene_checkpoints\primary\S1A_IW_GRDH_1SDV_20160422T171424_20160422T171449_010937_010677_D047_COG.csv.gz,True,,2016,2016-04-22,ascending,15,sentinel-1a,3774,False,1,True,3774,0,3774,0,0,0,3774,3774,0,0,105,3669
S1A_IW_GRDH_1SDV_20160422T171449_20160422T171514_010937_010677_E291_COG,outputs\diagnostics\design_c\c2v\scene_checkpoints\primary\S1A_IW_GRDH_1SDV_20160422T171449_20160422T171514_010937_010677_E291_COG.csv.gz,True,,2016,2016-04-22,ascending,15,sentinel-1a,557,False,1,True,557,0,557,0,0,0,557,557,0,0,10,547
S1A_IW_GRDH_1SDV_20160426T053508_20160426T053533_010988_01081D_1942_COG,outputs\diagnostics\design_c\c2v\scene_checkpoints\primary\S1A_IW_GRDH_1SDV_20160426T053508_20160426T053533_010988_01081D_1942_COG.csv.gz,True,,2016,2016-04-26,descending,66,sentinel-1a,4331,False,1,True,4331,0,4331,0,0,1,4330,4331,0,0,134,4197
S1A_IW_GRDH_1SDV_20160427T172233_20160427T172258_011010_0108C8_1108_COG,outputs\diagnostics\design_c\c2v\scene_checkpoints\primary\S1A_IW_GRDH_1SDV_20160427T172233_20160427T172258_011010_0108C8_1108_COG.csv.gz,True,,2016,2016-04-27,ascending,88,sentinel-1a,3141,False,1,True,3141,0,3141,0,0,164,2977,3141,0,0,202,2939
S1A_IW_GRDH_1SDV_20160427T172258_20160427T172323_011010_0108C8_3D48_COG,outputs\diagnostics\design_c\c2v\scene_checkpoints\primary\S1A_IW_GRDH_1SDV_20160427T172258_20160427T172323_011010_0108C8_3D48_COG.csv.gz,True,,2016,2016-04-27,ascending,88,sentinel-1a,736,False,1,True,736,0,736,0,0,0,736,736,0,0,8,728
S1A_IW_GRDH_1SDV_20160503T052644_20160503T052709_011090_010B55_AD58_COG,outputs\diagnostics\design_c\c2v\scene_checkpoints\primary\S1A_IW_GRDH_1SDV_20160503T052644_20160503T052709_011090_010B55_AD58_COG.csv.gz,True,,2016,2016-05-03,descending,168,sentinel-1a,1,False,1,True,1,0,1,0,0,1,0,1,0,0,1,0
S1A_IW_GRDH_1SDV_20160503T052709_20160503T052734_011090_010B55_61F5_COG,outputs\diagnostics\design_c\c2v\scene_checkpoints\primary\S1A_IW_GRDH_1SDV_20160503T052709_20160503T052734_011090_010B55_61F5_COG.csv.gz,True,,2016,2016-05-03,descending,168,sentinel-1a,2287,False,1,True,2287,0,2287,0,0,170,2117,2287,0,0,187,2100
S1A_IW_GRDH_1SDV_20160504T171424_20160504T171449_011112_010BED_AE0D_COG,outputs\diagnostics\design_c\c2v\scene_checkpoints\primary\S1A_IW_GRDH_1SDV_20160504T171424_20160504T171449_011112_010BED_AE0D_COG.csv.gz,True,,2016,2016-05-04,ascending,15,sentinel-1a,3774,False,1,True,3774,0,3774,0,0,4,3770,3774,0,0,105,3669
S1A_IW_GRDH_1SDV_20160504T171449_20160504T171514_011112_010BED_9188_COG,outputs\diagnostics\design_c\c2v\scene_checkpoints\primary\S1A_IW_GRDH_1SDV_20160504T171449_20160504T171514_011112_010BED_9188_COG.csv.gz,True,,2016,2016-05-04,ascending,15,sentinel-1a,557,False,1,True,557,0,557,0,0,0,557,557,0,0,16,541
S1A_IW_GRDH_1SDV_20160508T053454_20160508T053519_011163_010DA8_361C_COG,outputs\diagnostics\design_c\c2v\scene_checkpoints\primary\S1A_IW_GRDH_1SDV_20160508T053454_20160508T053519_011163_010DA8_361C_COG.csv.gz,True,,2016,2016-05-08,descending,66,sentinel-1a,49,False,1,True,49,0,49,0,0,0,49,49,0,0,0,49
S1A_IW_GRDH_1SDV_20160508T053519_20160508T053544_011163_010DA8_A041_COG,outputs\diagnostics\design_c\c2v\scene_checkpoints\primary\S1A_IW_GRDH_1SDV_20160508T053519_20160508T053544_011163_010DA8_A041_COG.csv.gz,True,,2016,2016-05-08,descending,66,sentinel-1a,4282,False,1,True,4282,0,4282,0,0,3,4279,4282,0,0,141,4141
S1A_IW_GRDH_1SDV_20160509T172241_20160509T172306_011185_010E48_BF9B_COG,outputs\diagnostics\design_c\c2v\scene_checkpoints\primary\S1A_IW_GRDH_1SDV_20160509T172241_20160509T172306_011185_010E48_BF9B_COG.csv.gz,True,,2016,2016-05-09,ascending,88,sentinel-1a,3840,False,1,True,3840,0,3840,0,0,131,3709,3840,0,0,157,3683
S1A_IW_GRDH_1SDV_20160515T052653_20160515T052718_011265_0110E3_0EB6_COG,outputs\diagnostics\design_c\c2v\scene_checkpoints\primary\S1A_IW_GRDH_1SDV_20160515T052653_20160515T052718_011265_0110E3_0EB6_COG.csv.gz,True,,2016,2016-05-15,descending,168,sentinel-1a,2331,False,1,True,2331,0,2331,0,0,221,2110,2331,0,0,237,2094
S1A_IW_GRDH_1SDV_20160515T052718_20160515T052743_011265_0110E3_1A44_COG,outputs\diagnostics\design_c\c2v\scene_checkpoints\primary\S1A_IW_GRDH_1SDV_20160515T052718_20160515T052743_011265_0110E3_1A44_COG.csv.gz,True,,2016,2016-05-15,descending,168,sentinel-1a,0,True,0,True,0,0,0,0,0,0,0,0,0,0,0,0
S1A_IW_GRDH_1SDV_20160516T171425_20160516T171450_011287_011198_16E0_COG,outputs\diagnostics\design_c\c2v\scene_checkpoints\primary\S1A_IW_GRDH_1SDV_20160516T171425_20160516T171450_011287_011198_16E0_COG.csv.gz,True,,2016,2016-05-16,ascending,15,sentinel-1a,3774,False,1,True,3774,0,3774,0,0,4,3770,3774,0,0,75,3699
S1A_IW_GRDH_1SDV_20160516T171450_20160516T171515_011287_011198_BC51_COG,outputs\diagnostics\design_c\c2v\scene_checkpoints\primary\S1A_IW_GRDH_1SDV_20160516T171450_20160516T171515_011287_011198_BC51_COG.csv.gz,True,,2016,2016-05-16,ascending,15,sentinel-1a,557,False,1,True,557,0,557,0,0,0,557,557,0,0,14,543
S1A_IW_GRDH_1SDV_20160520T053512_20160520T053537_011338_01134D_5A10_COG,outputs\diagnostics\design_c\c2v\scene_checkpoints\primary\S1A_IW_GRDH_1SDV_20160520T053512_20160520T053537_011338_01134D_5A10_COG.csv.gz,True,,2016,2016-05-20,descending,66,sentinel-1a,4331,False,1,True,4331,0,4331,0,0,4,4327,4331,0,0,88,4243
S1A_IW_GRDH_1SDV_20160521T172237_20160521T172302_011360_011401_7483_COG,outputs\diagnostics\design_c\c2v\scene_checkpoints\primary\S1A_IW_GRDH_1SDV_20160521T172237_20160521T172302_011360_011401_7483_COG.csv.gz,True,,2016,2016-05-21,ascending,88,sentinel-1a,3872,False,1,True,3872,0,3872,0,0,171,3701,3872,0,0,198,3674
S1A_IW_GRDH_1SDV_20160521T172302_20160521T172327_011360_011401_3DBF_COG,outputs\diagnostics\design_c\c2v\scene_checkpoints\primary\S1A_IW_GRDH_1SDV_20160521T172302_20160521T172327_011360_011401_3DBF_COG.csv.gz,True,,2016,2016-05-21,ascending,88,sentinel-1a,14,False,1,True,14,0,14,0,0,0,14,14,0,0,0,14
S1A_IW_GRDH_1SDV_20160527T052648_20160527T052713_011440_0116A9_EC4B_COG,outputs\diagnostics\design_c\c2v\scene_checkpoints\primary\S1A_IW_GRDH_1SDV_20160527T052648_20160527T052713_011440_0116A9_EC4B_COG.csv.gz,True,,2016,2016-05-27,descending,168,sentinel-1a,579,False,1,True,579,0,579,0,0,51,528,579,0,0,60,519
S1A_IW_GRDH_1SDV_20160527T052713_20160527T052738_011440_0116A9_60F9_COG,outputs\diagnostics\design_c\c2v\scene_checkpoints\primary\S1A_IW_GRDH_1SDV_20160527T052713_20160527T052738_011440_0116A9_60F9_COG.csv.gz,True,,2016,2016-05-27,descending,168,sentinel-1a,1695,False,1,True,1695,0,1695,0,0,111,1584,1695,0,0,142,1553
S1A_IW_GRDH_1SDV_20160528T171423_20160528T171448_011462_011752_45F5_COG,outputs\diagnostics\design_c\c2v\scene_checkpoints\primary\S1A_IW_GRDH_1SDV_20160528T171423_20160528T171448_011462_011752_45F5_COG.csv.gz,True,,2016,2016-05-28,ascending,15,sentinel-1a,2366,False,1,True,2366,0,2366,0,0,1,2365,2366,0,0,75,2291
S1A_IW_GRDH_1SDV_20160528T171448_20160528T171513_011462_011752_D223_COG,outputs\diagnostics\design_c\c2v\scene_checkpoints\primary\S1A_IW_GRDH_1SDV_20160528T171448_20160528T171513_011462_011752_D223_COG.csv.gz,True,,2016,2016-05-28,ascending,15,sentinel-1a,1965,False,1,True,1965,0,1965,0,0,1,1964,1965,0,0,48,1917
S1A_IW_GRDH_1SDV_20160601T053455_20160601T053520_011513_011906_6FE6_COG,outputs\diagnostics\design_c\c2v\scene_checkpoints\primary\S1A_IW_GRDH_1SDV_20160601T053455_20160601T053520_011513_011906_6FE6_COG.csv.gz,True,,2016,2016-06-01,descending,66,sentinel-1a,15,False,1,True,15,0,15,0,0,0,15,15,0,0,0,15
S1A_IW_GRDH_1SDV_20160601T053520_20160601T053545_011513_011906_48A5_COG,outputs\diagnostics\design_c\c2v\scene_checkpoints\primary\S1A_IW_GRDH_1SDV_20160601T053520_20160601T053545_011513_011906_48A5_COG.csv.gz,True,,2016,2016-06-01,descending,66,sentinel-1a,4316,False,1,True,4316,0,4316,0,0,2,4314,4316,0,0,71,4245
S1A_IW_GRDH_1SDV_20160602T172240_20160602T172305_011535_0119AA_EEC9_COG,outputs\diagnostics\design_c\c2v\scene_checkpoints\primary\S1A_IW_GRDH_1SDV_20160602T172240_20160602T172305_011535_0119AA_EEC9_COG.csv.gz,True,,2016,2016-06-02,ascending,88,sentinel-1a,3883,False,1,True,3883,0,3883,0,0,171,3712,3883,0,0,207,3676
S1A_IW_GRDH_1SDV_20160602T172305_20160602T172330_011535_0119AA_75D4_COG,outputs\diagnostics\design_c\c2v\scene_checkpoints\primary\S1A_IW_GRDH_1SDV_20160602T172305_20160602T172330_011535_0119AA_75D4_COG.csv.gz,True,,2016,2016-06-02,ascending,88,sentinel-1a,0,True,0,True,0,0,0,0,0,0,0,0,0,0,0,0
S1A_IW_GRDH_1SDV_20160608T052703_20160608T052728_011615_011C21_D117_COG,outputs\diagnostics\design_c\c2v\scene_checkpoints\primary\S1A_IW_GRDH_1SDV_20160608T052703_20160608T052728_011615_011C21_D117_COG.csv.gz,True,,2016,2016-06-08,descending,168,sentinel-1a,2605,False,1,True,2605,0,2605,0,0,495,2110,2605,0,0,504,2101
S1A_IW_GRDH_1SDV_20160609T171424_20160609T171449_011637_011CD1_1065_COG,outputs\diagnostics\design_c\c2v\scene_checkpoints\primary\S1A_IW_GRDH_1SDV_20160609T171424_20160609T171449_011637_011CD1_1065_COG.csv.gz,True,,2016,2016-06-09,ascending,15,sentinel-1a,2366,False,1,True,2366,0,2366,0,0,1,2365,2366,0,0,36,2330
S1A_IW_GRDH_1SDV_20160609T171449_20160609T171514_011637_011CD1_EE7D_COG,outputs\diagnostics\design_c\c2v\scene_checkpoints\primary\S1A_IW_GRDH_1SDV_20160609T171449_20160609T171514_011637_011CD1_EE7D_COG.csv.gz,True,,2016,2016-06-09,ascending,15,sentinel-1a,1965,False,1,True,1965,0,1965,0,0,3,1962,1965,0,0,38,1927
S1A_IW_GRDH_1SDV_20160613T053516_20160613T053546_011688_011E7E_4770_COG,outputs\diagnostics\design_c\c2v\scene_checkpoints\primary\S1A_IW_GRDH_1SDV_20160613T053516_20160613T053546_011688_011E7E_4770_COG.csv.gz,True,,2016,2016-06-13,descending,66,sentinel-1a,4331,False,1,True,4331,0,4331,0,0,3,4328,4331,0,0,74,4257
S1A_IW_GRDH_1SDV_20160614T172241_20160614T172306_011710_011F26_C679_COG,outputs\diagnostics\design_c\c2v\scene_checkpoints\primary\S1A_IW_GRDH_1SDV_20160614T172241_20160614T172306_011710_011F26_C679_COG.csv.gz,True,,2016,2016-06-14,ascending,88,sentinel-1a,3882,False,1,True,3882,0,3882,0,0,172,3710,3882,0,0,183,3699
S1A_IW_GRDH_1SDV_20160614T172306_20160614T172331_011710_011F26_0FB0_COG,outputs\diagnostics\design_c\c2v\scene_checkpoints\primary\S1A_IW_GRDH_1SDV_20160614T172306_20160614T172331_011710_011F26_0FB0_COG.csv.gz,True,,2016,2016-06-14,ascending,88,sentinel-1a,0,True,0,True,0,0,0,0,0,0,0,0,0,0,0,0
S1A_IW_GRDH_1SDV_20160707T053457_20160707T053522_012038_0129AA_ADAE_COG,outputs\diagnostics\design_c\c2v\scene_checkpoints\primary\S1A_IW_GRDH_1SDV_20160707T053457_20160707T053522_012038_0129AA_ADAE_COG.csv.gz,True,,2016,2016-07-07,descending,66,sentinel-1a,15,False,1,True,15,0,15,0,0,0,15,15,0,0,0,15
S1A_IW_GRDH_1SDV_20160707T053522_20160707T053547_012038_0129AA_6543_COG,outputs\diagnostics\design_c\c2v\scene_checkpoints\primary\S1A_IW_GRDH_1SDV_20160707T053522_20160707T053547_012038_0129AA_6543_COG.csv.gz,True,,2016,2016-07-07,descending,66,sentinel-1a,4316,False,1,True,4316,0,4316,0,0,0,4316,4316,0,0,9,4307
S1A_IW_GRDH_1SDV_20160708T172243_20160708T172308_012060_012A5B_614E_COG,outputs\diagnostics\design_c\c2v\scene_checkpoints\primary\S1A_IW_GRDH_1SDV_20160708T172243_20160708T172308_012060_012A5B_614E_COG.csv.gz,True,,2016,2016-07-08,ascending,88,sentinel-1a,3799,False,1,True,3799,0,3799,0,0,89,3710,3799,0,0,90,3709
S1A_IW_GRDH_1SDV_20160708T172308_20160708T172333_012060_012A5B_B97B_COG,outputs\diagnostics\design_c\c2v\scene_checkpoints\primary\S1A_IW_GRDH_1SDV_20160708T172308_20160708T172333_012060_012A5B_B97B_COG.csv.gz,True,,2016,2016-07-08,ascending,88,sentinel-1a,0,True,0,True,0,0,0,0,0,0,0,0,0,0,0,0
S1A_IW_GRDH_1SDV_20160714T052704_20160714T052729_012140_012CF8_C92F_COG,outputs\diagnostics\design_c\c2v\scene_checkpoints\primary\S1A_IW_GRDH_1SDV_20160714T052704_20160714T052729_012140_012CF8_C92F_COG.csv.gz,True,,2016,2016-07-14,descending,168,sentinel-1a,2600,False,1,True,2600,0,2600,0,0,496,2104,2600,0,0,499,2101
S1A_IW_GRDH_1SDV_20160715T171425_20160715T171450_012162_012DA2_DDCF_COG,outputs\diagnostics\design_c\c2v\scene_checkpoints\primary\S1A_IW_GRDH_1SDV_20160715T171425_20160715T171450_012162_012DA2_DDCF_COG.csv.gz,True,,2016,2016-07-15,ascending,15,sentinel-1a,2368,False,1,True,2368,0,2368,0,0,0,2368,2368,0,0,5,2363
S1A_IW_GRDH_1SDV_20160715T171450_20160715T171515_012162_012DA2_E64B_COG,outputs\diagnostics\design_c\c2v\scene_checkpoints\primary\S1A_IW_GRDH_1SDV_20160715T171450_20160715T171515_012162_012DA2_E64B_COG.csv.gz,True,,2016,2016-07-15,ascending,15,sentinel-1a,1963,False,1,True,1963,0,1963,0,0,0,1963,1963,0,0,2,1961
S1A_IW_GRDH_1SDV_20160719T053458_20160719T053523_012213_012F5D_2EA9_COG,outputs\diagnostics\design_c\c2v\scene_checkpoints\primary\S1A_IW_GRDH_1SDV_20160719T053458_20160719T053523_012213_012F5D_2EA9_COG.csv.gz,True,,2016,2016-07-19,descending,66,sentinel-1a,15,False,1,True,15,0,15,0,0,0,15,15,0,0,0,15
S1A_IW_GRDH_1SDV_20160719T053523_20160719T053548_012213_012F5D_34D3_COG,outputs\diagnostics\design_c\c2v\scene_checkpoints\primary\S1A_IW_GRDH_1SDV_20160719T053523_20160719T053548_012213_012F5D_34D3_COG.csv.gz,True,,2016,2016-07-19,descending,66,sentinel-1a,4316,False,1,True,4316,0,4316,0,0,2,4314,4316,0,0,5,4311
S1A_IW_GRDH_1SDV_20160720T172243_20160720T172308_012235_013003_A2C7_COG,outputs\diagnostics\design_c\c2v\scene_checkpoints\primary\S1A_IW_GRDH_1SDV_20160720T172243_20160720T172308_012235_013003_A2C7_COG.csv.gz,True,,2016,2016-07-20,ascending,88,sentinel-1a,3885,False,1,True,3885,0,3885,0,0,172,3713,3885,0,0,175,3710
S1A_IW_GRDH_1SDV_20160720T172308_20160720T172333_012235_013003_368E_COG,outputs\diagnostics\design_c\c2v\scene_checkpoints\primary\S1A_IW_GRDH_1SDV_20160720T172308_20160720T172333_012235_013003_368E_COG.csv.gz,True,,2016,2016-07-20,ascending,88,sentinel-1a,0,True,0,True,0,0,0,0,0,0,0,0,0,0,0,0
S1A_IW_GRDH_1SDV_20160726T052705_20160726T052730_012315_0132A1_5F97_COG,outputs\diagnostics\design_c\c2v\scene_checkpoints\primary\S1A_IW_GRDH_1SDV_20160726T052705_20160726T052730_012315_0132A1_5F97_COG.csv.gz,True,,2016,2016-07-26,descending,168,sentinel-1a,2601,False,1,True,2601,0,2601,0,0,495,2106,2601,0,0,497,2104
S1A_IW_GRDH_1SDV_20160727T171426_20160727T171451_012337_013359_BCD8_COG,outputs\diagnostics\design_c\c2v\scene_checkpoints\primary\S1A_IW_GRDH_1SDV_20160727T171426_20160727T171451_012337_013359_BCD8_COG.csv.gz,True,,2016,2016-07-27,ascending,15,sentinel-1a,2366,False,1,True,2366,0,2366,0,0,0,2366,2366,0,0,5,2361
S1A_IW_GRDH_1SDV_20160727T171451_20160727T171516_012337_013359_5189_COG,outputs\diagnostics\design_c\c2v\scene_checkpoints\primary\S1A_IW_GRDH_1SDV_20160727T171451_20160727T171516_012337_013359_5189_COG.csv.gz,True,,2016,2016-07-27,ascending,15,sentinel-1a,1965,False,1,True,1965,0,1965,0,0,0,1965,1965,0,0,2,1963
S1A_IW_GRDH_1SDV_20160731T053508_20160731T053537_012388_013519_3993_COG,outputs\diagnostics\design_c\c2v\scene_checkpoints\primary\S1A_IW_GRDH_1SDV_20160731T053508_20160731T053537_012388_013519_3993_COG.csv.gz,True,,2016,2016-07-31,descending,66,sentinel-1a,4331,False,1,True,4331,0,4331,0,0,0,4331,4331,0,0,3,4328
S1A_IW_GRDH_1SDV_20160801T172244_20160801T172309_012410_0135D4_01F7_COG,outputs\diagnostics\design_c\c2v\scene_checkpoints\primary\S1A_IW_GRDH_1SDV_20160801T172244_20160801T172309_012410_0135D4_01F7_COG.csv.gz,True,,2016,2016-08-01,ascending,88,sentinel-1a,3883,False,1,True,3883,0,3883,0,0,173,3710,3883,0,0,174,3709
S1A_IW_GRDH_1SDV_20160801T172309_20160801T172334_012410_0135D4_D960_COG,outputs\diagnostics\design_c\c2v\scene_checkpoints\primary\S1A_IW_GRDH_1SDV_20160801T172309_20160801T172334_012410_0135D4_D960_COG.csv.gz,True,,2016,2016-08-01,ascending,88,sentinel-1a,0,True,0,True,0,0,0,0,0,0,0,0,0,0,0,0
S1A_IW_GRDH_1SDV_20160807T052650_20160807T052719_012490_013884_E979_COG,outputs\diagnostics\design_c\c2v\scene_checkpoints\primary\S1A_IW_GRDH_1SDV_20160807T052650_20160807T052719_012490_013884_E979_COG.csv.gz,True,,2016,2016-08-07,descending,168,sentinel-1a,1318,False,1,True,1318,0,1318,0,0,36,1282,1318,0,0,38,1280
S1A_IW_GRDH_1SDV_20160807T052719_20160807T052744_012490_013884_8578_COG,outputs\diagnostics\design_c\c2v\scene_checkpoints\primary\S1A_IW_GRDH_1SDV_20160807T052719_20160807T052744_012490_013884_8578_COG.csv.gz,True,,2016,2016-08-07,descending,168,sentinel-1a,853,False,1,True,853,0,853,0,0,21,832,853,0,0,23,830
S1A_IW_GRDH_1SDV_20160808T171427_20160808T171452_012512_01392E_C14A_COG,outputs\diagnostics\design_c\c2v\scene_checkpoints\primary\S1A_IW_GRDH_1SDV_20160808T171427_20160808T171452_012512_01392E_C14A_COG.csv.gz,True,,2016,2016-08-08,ascending,15,sentinel-1a,2368,False,1,True,2368,0,2368,0,0,0,2368,2368,0,0,4,2364
S1A_IW_GRDH_1SDV_20160808T171452_20160808T171517_012512_01392E_EBF8_COG,outputs\diagnostics\design_c\c2v\scene_checkpoints\primary\S1A_IW_GRDH_1SDV_20160808T171452_20160808T171517_012512_01392E_EBF8_COG.csv.gz,True,,2016,2016-08-08,ascending,15,sentinel-1a,1963,False,1,True,1963,0,1963,0,0,0,1963,1963,0,0,1,1962
S1A_IW_GRDH_1SDV_20160812T053459_20160812T053524_012563_013AED_7222_COG,outputs\diagnostics\design_c\c2v\scene_checkpoints\primary\S1A_IW_GRDH_1SDV_20160812T053459_20160812T053524_012563_013AED_7222_COG.csv.gz,True,,2016,2016-08-12,descending,66,sentinel-1a,15,False,1,True,15,0,15,0,0,0,15,15,0,0,0,15
S1A_IW_GRDH_1SDV_20160812T053524_20160812T053549_012563_013AED_4FC5_COG,outputs\diagnostics\design_c\c2v\scene_checkpoints\primary\S1A_IW_GRDH_1SDV_20160812T053524_20160812T053549_012563_013AED_4FC5_COG.csv.gz,True,,2016,2016-08-12,descending,66,sentinel-1a,4316,False,1,True,4316,0,4316,0,0,0,4316,4316,0,0,2,4314
S1A_IW_GRDH_1SDV_20160813T172245_20160813T172310_012585_013B95_2D55_COG,outputs\diagnostics\design_c\c2v\scene_checkpoints\primary\S1A_IW_GRDH_1SDV_20160813T172245_20160813T172310_012585_013B95_2D55_COG.csv.gz,True,,2016,2016-08-13,ascending,88,sentinel-1a,3883,False,1,True,3883,0,3883,0,0,173,3710,3883,0,0,175,3708
S1A_IW_GRDH_1SDV_20160813T172310_20160813T172335_012585_013B95_5BA5_COG,outputs\diagnostics\design_c\c2v\scene_checkpoints\primary\S1A_IW_GRDH_1SDV_20160813T172310_20160813T172335_012585_013B95_5BA5_COG.csv.gz,True,,2016,2016-08-13,ascending,88,sentinel-1a,0,True,0,True,0,0,0,0,0,0,0,0,0,0,0,0
S1A_IW_GRDH_1SDV_20160819T052707_20160819T052732_012665_013E40_BCA9_COG,outputs\diagnostics\design_c\c2v\scene_checkpoints\primary\S1A_IW_GRDH_1SDV_20160819T052707_20160819T052732_012665_013E40_BCA9_COG.csv.gz,True,,2016,2016-08-19,descending,168,sentinel-1a,2608,False,1,True,2608,0,2608,0,0,495,2113,2608,0,0,496,2112
S1A_IW_GRDH_1SDV_20160824T053500_20160824T053525_012738_0140C6_B897_COG,outputs\diagnostics\design_c\c2v\scene_checkpoints\primary\S1A_IW_GRDH_1SDV_20160824T053500_20160824T053525_012738_0140C6_B897_COG.csv.gz,True,,2016,2016-08-24,descending,66,sentinel-1a,15,False,1,True,15,0,15,0,0,0,15,15,0,0,0,15
S1A_IW_GRDH_1SDV_20160824T053525_20160824T053550_012738_0140C6_4728_COG,outputs\diagnostics\design_c\c2v\scene_checkpoints\primary\S1A_IW_GRDH_1SDV_20160824T053525_20160824T053550_012738_0140C6_4728_COG.csv.gz,True,,2016,2016-08-24,descending,66,sentinel-1a,4316,False,1,True,4316,0,4316,0,0,0,4316,4316,0,0,3,4313
S1A_IW_GRDH_1SDV_20160825T172246_20160825T172311_012760_014184_1231_COG,outputs\diagnostics\design_c\c2v\scene_checkpoints\primary\S1A_IW_GRDH_1SDV_20160825T172246_20160825T172311_012760_014184_1231_COG.csv.gz,True,,2016,2016-08-25,ascending,88,sentinel-1a,3804,False,1,True,3804,0,3804,0,0,96,3708,3804,0,0,97,3707
S1A_IW_GRDH_1SDV_20160831T052707_20160831T052732_012840_014434_DF80_COG,outputs\diagnostics\design_c\c2v\scene_checkpoints\primary\S1A_IW_GRDH_1SDV_20160831T052707_20160831T052732_012840_014434_DF80_COG.csv.gz,True,,2016,2016-08-31,descending,168,sentinel-1a,2600,False,1,True,2600,0,2600,0,0,496,2104,2600,0,0,495,2105
S1A_IW_GRDH_1SDV_20160901T171428_20160901T171453_012862_0144E3_B4E0_COG,outputs\diagnostics\design_c\c2v\scene_checkpoints\primary\S1A_IW_GRDH_1SDV_20160901T171428_20160901T171453_012862_0144E3_B4E0_COG.csv.gz,True,,2016,2016-09-01,ascending,15,sentinel-1a,2366,False,1,True,2366,0,2366,0,0,0,2366,2366,0,0,4,2362
S1A_IW_GRDH_1SDV_20160901T171453_20160901T171518_012862_0144E3_0F54_COG,outputs\diagnostics\design_c\c2v\scene_checkpoints\primary\S1A_IW_GRDH_1SDV_20160901T171453_20160901T171518_012862_0144E3_0F54_COG.csv.gz,True,,2016,2016-09-01,ascending,15,sentinel-1a,1965,False,1,True,1965,0,1965,0,0,0,1965,1965,0,0,3,1962
S1A_IW_GRDH_1SDV_20160905T053500_20160905T053525_012913_01469F_A2B8_COG,outputs\diagnostics\design_c\c2v\scene_checkpoints\primary\S1A_IW_GRDH_1SDV_20160905T053500_20160905T053525_012913_01469F_A2B8_COG.csv.gz,True,,2016,2016-09-05,descending,66,sentinel-1a,15,False,1,True,15,0,15,0,0,0,15,15,0,0,0,15
S1A_IW_GRDH_1SDV_20160905T053525_20160905T053550_012913_01469F_304E_COG,outputs\diagnostics\design_c\c2v\scene_checkpoints\primary\S1A_IW_GRDH_1SDV_20160905T053525_20160905T053550_012913_01469F_304E_COG.csv.gz,True,,2016,2016-09-05,descending,66,sentinel-1a,4316,False,1,True,4316,0,4316,0,0,0,4316,4316,0,0,9,4307
S1A_IW_GRDH_1SDV_20160906T172245_20160906T172310_012935_014746_75AB_COG,outputs\diagnostics\design_c\c2v\scene_checkpoints\primary\S1A_IW_GRDH_1SDV_20160906T172245_20160906T172310_012935_014746_75AB_COG.csv.gz,True,,2016,2016-09-06,ascending,88,sentinel-1a,3871,False,1,True,3871,0,3871,0,0,159,3712,3871,0,0,160,3711
S1A_IW_GRDH_1SDV_20160906T172310_20160906T172335_012935_014746_4725_COG,outputs\diagnostics\design_c\c2v\scene_checkpoints\primary\S1A_IW_GRDH_1SDV_20160906T172310_20160906T172335_012935_014746_4725_COG.csv.gz,True,,2016,2016-09-06,ascending,88,sentinel-1a,0,True,0,True,0,0,0,0,0,0,0,0,0,0,0,0
S1A_IW_GRDH_1SDV_20160912T052707_20160912T052732_013015_0149CC_33A3_COG,outputs\diagnostics\design_c\c2v\scene_checkpoints\primary\S1A_IW_GRDH_1SDV_20160912T052707_20160912T052732_013015_0149CC_33A3_COG.csv.gz,True,,2016,2016-09-12,descending,168,sentinel-1a,2603,False,1,True,2603,0,2603,0,0,496,2107,2603,0,0,496,2107
S1A_IW_GRDH_1SDV_20160913T171428_20160913T171453_013037_014A80_5613_COG,outputs\diagnostics\design_c\c2v\scene_checkpoints\primary\S1A_IW_GRDH_1SDV_20160913T171428_20160913T171453_013037_014A80_5613_COG.csv.gz,True,,2016,2016-09-13,ascending,15,sentinel-1a,2368,False,1,True,2368,0,2368,0,0,0,2368,2368,0,0,4,2364
S1A_IW_GRDH_1SDV_20160913T171453_20160913T171518_013037_014A80_0780_COG,outputs\diagnostics\design_c\c2v\scene_checkpoints\primary\S1A_IW_GRDH_1SDV_20160913T171453_20160913T171518_013037_014A80_0780_COG.csv.gz,True,,2016,2016-09-13,ascending,15,sentinel-1a,1963,False,1,True,1963,0,1963,0,0,0,1963,1963,0,0,4,1959
S1A_IW_GRDH_1SDV_20160917T053501_20160917T053526_013088_014C43_0909_COG,outputs\diagnostics\design_c\c2v\scene_checkpoints\primary\S1A_IW_GRDH_1SDV_20160917T053501_20160917T053526_013088_014C43_0909_COG.csv.gz,True,,2016,2016-09-17,descending,66,sentinel-1a,15,False,1,True,15,0,15,0,0,0,15,15,0,0,0,15
S1A_IW_GRDH_1SDV_20160917T053526_20160917T053551_013088_014C43_2FDD_COG,outputs\diagnostics\design_c\c2v\scene_checkpoints\primary\S1A_IW_GRDH_1SDV_20160917T053526_20160917T053551_013088_014C43_2FDD_COG.csv.gz,True,,2016,2016-09-17,descending,66,sentinel-1a,4316,False,1,True,4316,0,4316,0,0,0,4316,4316,0,0,1,4315
S1A_IW_GRDH_1SDV_20160918T172246_20160918T172311_013110_014CF7_4B9B_COG,outputs\diagnostics\design_c\c2v\scene_checkpoints\primary\S1A_IW_GRDH_1SDV_20160918T172246_20160918T172311_013110_014CF7_4B9B_COG.csv.gz,True,,2016,2016-09-18,ascending,88,sentinel-1a,3872,False,1,True,3872,0,3872,0,0,160,3712,3872,0,0,160,3712
S1A_IW_GRDH_1SDV_20160918T172311_20160918T172336_013110_014CF7_4BD1_COG,outputs\diagnostics\design_c\c2v\scene_checkpoints\primary\S1A_IW_GRDH_1SDV_20160918T172311_20160918T172336_013110_014CF7_4BD1_COG.csv.gz,True,,2016,2016-09-18,ascending,88,sentinel-1a,0,True,0,True,0,0,0,0,0,0,0,0,0,0,0,0
S1A_IW_GRDH_1SDV_20160924T052708_20160924T052733_013190_014FA5_2701_COG,outputs\diagnostics\design_c\c2v\scene_checkpoints\primary\S1A_IW_GRDH_1SDV_20160924T052708_20160924T052733_013190_014FA5_2701_COG.csv.gz,True,,2016,2016-09-24,descending,168,sentinel-1a,2603,False,1,True,2603,0,2603,0,0,496,2107,2603,0,0,496,2107
S1A_IW_GRDH_1SDV_20160925T171429_20160925T171454_013212_015050_3F58_COG,outputs\diagnostics\design_c\c2v\scene_checkpoints\primary\S1A_IW_GRDH_1SDV_20160925T171429_20160925T171454_013212_015050_3F58_COG.csv.gz,True,,2016,2016-09-25,ascending,15,sentinel-1a,2368,False,1,True,2368,0,2368,0,0,0,2368,2368,0,0,5,2363
S1A_IW_GRDH_1SDV_20160925T171454_20160925T171519_013212_015050_B72E_COG,outputs\diagnostics\design_c\c2v\scene_checkpoints\primary\S1A_IW_GRDH_1SDV_20160925T171454_20160925T171519_013212_015050_B72E_COG.csv.gz,True,,2016,2016-09-25,ascending,15,sentinel-1a,1963,False,1,True,1963,0,1963,0,0,0,1963,1963,0,0,0,1963
S1A_IW_GRDH_1SDV_20160929T053501_20160929T053526_013263_0151F9_9BCB_COG,outputs\diagnostics\design_c\c2v\scene_checkpoints\primary\S1A_IW_GRDH_1SDV_20160929T053501_20160929T053526_013263_0151F9_9BCB_COG.csv.gz,True,,2016,2016-09-29,descending,66,sentinel-1a,15,False,1,True,15,0,15,0,0,0,15,15,0,0,0,15
S1A_IW_GRDH_1SDV_20160929T053526_20160929T053551_013263_0151F9_A618_COG,outputs\diagnostics\design_c\c2v\scene_checkpoints\primary\S1A_IW_GRDH_1SDV_20160929T053526_20160929T053551_013263_0151F9_A618_COG.csv.gz,True,,2016,2016-09-29,descending,66,sentinel-1a,4316,False,1,True,4316,0,4316,0,0,1,4315,4316,0,0,6,4310
S1A_IW_GRDH_1SDV_20160930T172246_20160930T172311_013285_01529D_6CBD_COG,outputs\diagnostics\design_c\c2v\scene_checkpoints\primary\S1A_IW_GRDH_1SDV_20160930T172246_20160930T172311_013285_01529D_6CBD_COG.csv.gz,True,,2016,2016-09-30,ascending,88,sentinel-1a,3873,False,1,True,3873,0,3873,0,0,161,3712,3873,0,0,163,3710
S1A_IW_GRDH_1SDV_20160930T172311_20160930T172336_013285_01529D_E5CC_COG,outputs\diagnostics\design_c\c2v\scene_checkpoints\primary\S1A_IW_GRDH_1SDV_20160930T172311_20160930T172336_013285_01529D_E5CC_COG.csv.gz,True,,2016,2016-09-30,ascending,88,sentinel-1a,0,True,0,True,0,0,0,0,0,0,0,0,0,0,0,0
S1B_IW_GRDH_1SDV_20160930T052629_20160930T052654_002294_003E0C_0CCA_COG,outputs\diagnostics\design_c\c2v\scene_checkpoints\primary\S1B_IW_GRDH_1SDV_20160930T052629_20160930T052654_002294_003E0C_0CCA_COG.csv.gz,True,,2016,2016-09-30,descending,168,sentinel-1b,2576,False,1,True,2576,0,2576,0,0,462,2114,2576,0,0,463,2113
S1B_IW_GRDH_1SDV_20170403T053425_20170403T053450_004992_008BB2_167E_COG,outputs\diagnostics\design_c\c2v\scene_checkpoints\primary\S1B_IW_GRDH_1SDV_20170403T053425_20170403T053450_004992_008BB2_167E_COG.csv.gz,True,,2017,2017-04-03,descending,66,sentinel-1b,4331,False,1,True,4331,0,4331,0,0,0,4331,4331,0,0,6,4325
S1B_IW_GRDH_1SDV_20170403T053450_20170403T053515_004992_008BB2_4958_COG,outputs\diagnostics\design_c\c2v\scene_checkpoints\primary\S1B_IW_GRDH_1SDV_20170403T053450_20170403T053515_004992_008BB2_4958_COG.csv.gz,True,,2017,2017-04-03,descending,66,sentinel-1b,0,True,0,True,0,0,0,0,0,0,0,0,0,0,0,0
S1B_IW_GRDH_1SDV_20170404T172157_20170404T172222_005014_008C4A_D122_COG,outputs\diagnostics\design_c\c2v\scene_checkpoints\primary\S1B_IW_GRDH_1SDV_20170404T172157_20170404T172222_005014_008C4A_D122_COG.csv.gz,True,,2017,2017-04-04,ascending,88,sentinel-1b,3448,False,1,True,3448,0,3448,0,0,170,3278,3448,0,0,175,3273
S1B_IW_GRDH_1SDV_20170404T172222_20170404T172247_005014_008C4A_F7B2_COG,outputs\diagnostics\design_c\c2v\scene_checkpoints\primary\S1B_IW_GRDH_1SDV_20170404T172222_20170404T172247_005014_008C4A_F7B2_COG.csv.gz,True,,2017,2017-04-04,ascending,88,sentinel-1b,433,False,1,True,433,0,433,0,0,0,433,433,0,0,0,433
S1A_IW_GRDH_1SDV_20170404T052705_20170404T052730_015990_01A5FE_EE02_COG,outputs\diagnostics\design_c\c2v\scene_checkpoints\primary\S1A_IW_GRDH_1SDV_20170404T052705_20170404T052730_015990_01A5FE_EE02_COG.csv.gz,True,,2017,2017-04-04,descending,168,sentinel-1a,2605,False,1,True,2605,0,2605,0,0,497,2108,2605,0,0,528,2077
S1A_IW_GRDH_1SDV_20170405T171426_20170405T171451_016012_01A6A3_C219_COG,outputs\diagnostics\design_c\c2v\scene_checkpoints\primary\S1A_IW_GRDH_1SDV_20170405T171426_20170405T171451_016012_01A6A3_C219_COG.csv.gz,True,,2017,2017-04-05,ascending,15,sentinel-1a,2366,False,1,True,2366,0,2366,0,0,0,2366,2366,0,0,25,2341
S1A_IW_GRDH_1SDV_20170405T171451_20170405T171516_016012_01A6A3_A645_COG,outputs\diagnostics\design_c\c2v\scene_checkpoints\primary\S1A_IW_GRDH_1SDV_20170405T171451_20170405T171516_016012_01A6A3_A645_COG.csv.gz,True,,2017,2017-04-05,ascending,15,sentinel-1a,1965,False,1,True,1965,0,1965,0,0,0,1965,1965,0,0,16,1949
S1A_IW_GRDH_1SDV_20170409T053458_20170409T053523_016063_01A842_AF95_COG,outputs\diagnostics\design_c\c2v\scene_checkpoints\primary\S1A_IW_GRDH_1SDV_20170409T053458_20170409T053523_016063_01A842_AF95_COG.csv.gz,True,,2017,2017-04-09,descending,66,sentinel-1a,15,False,1,True,15,0,15,0,0,0,15,15,0,0,0,15
S1A_IW_GRDH_1SDV_20170409T053523_20170409T053548_016063_01A842_18BF_COG,outputs\diagnostics\design_c\c2v\scene_checkpoints\primary\S1A_IW_GRDH_1SDV_20170409T053523_20170409T053548_016063_01A842_18BF_COG.csv.gz,True,,2017,2017-04-09,descending,66,sentinel-1a,4316,False,1,True,4316,0,4316,0,0,4,4312,4316,0,0,61,4255
S1A_IW_GRDH_1SDV_20170410T172243_20170410T172308_016085_01A8EA_12F5_COG,outputs\diagnostics\design_c\c2v\scene_checkpoints\primary\S1A_IW_GRDH_1SDV_20170410T172243_20170410T172308_016085_01A8EA_12F5_COG.csv.gz,True,,2017,2017-04-10,ascending,88,sentinel-1a,3870,False,1,True,3870,0,3870,0,0,160,3710,3870,0,0,189,3681
S1A_IW_GRDH_1SDV_20170410T172308_20170410T172333_016085_01A8EA_8A04_COG,outputs\diagnostics\design_c\c2v\scene_checkpoints\primary\S1A_IW_GRDH_1SDV_20170410T172308_20170410T172333_016085_01A8EA_8A04_COG.csv.gz,True,,2017,2017-04-10,ascending,88,sentinel-1a,0,True,0,True,0,0,0,0,0,0,0,0,0,0,0,0
S1B_IW_GRDH_1SDV_20170410T052621_20170410T052646_005094_008E9F_4080_COG,outputs\diagnostics\design_c\c2v\scene_checkpoints\primary\S1B_IW_GRDH_1SDV_20170410T052621_20170410T052646_005094_008E9F_4080_COG.csv.gz,True,,2017,2017-04-10,descending,168,sentinel-1b,2301,False,1,True,2301,0,2301,0,0,187,2114,2301,0,0,187,2114
S1B_IW_GRDH_1SDV_20170411T171342_20170411T171407_005116_008F3A_019E_COG,outputs\diagnostics\design_c\c2v\scene_checkpoints\primary\S1B_IW_GRDH_1SDV_20170411T171342_20170411T171407_005116_008F3A_019E_COG.csv.gz,True,,2017,2017-04-11,ascending,15,sentinel-1b,1295,False,1,True,1295,0,1295,0,0,0,1295,1295,0,0,10,1285
S1B_IW_GRDH_1SDV_20170411T171407_20170411T171432_005116_008F3A_2301_COG,outputs\diagnostics\design_c\c2v\scene_checkpoints\primary\S1B_IW_GRDH_1SDV_20170411T171407_20170411T171432_005116_008F3A_2301_COG.csv.gz,True,,2017,2017-04-11,ascending,15,sentinel-1b,3036,False,1,True,3036,0,3036,0,0,0,3036,3036,0,0,11,3025
S1B_IW_GRDH_1SDV_20170415T053426_20170415T053451_005167_0090B0_C727_COG,outputs\diagnostics\design_c\c2v\scene_checkpoints\primary\S1B_IW_GRDH_1SDV_20170415T053426_20170415T053451_005167_0090B0_C727_COG.csv.gz,True,,2017,2017-04-15,descending,66,sentinel-1b,4331,False,1,True,4331,0,4331,0,0,0,4331,4331,0,0,19,4312
S1B_IW_GRDH_1SDV_20170415T053451_20170415T053516_005167_0090B0_66A4_COG,outputs\diagnostics\design_c\c2v\scene_checkpoints\primary\S1B_IW_GRDH_1SDV_20170415T053451_20170415T053516_005167_0090B0_66A4_COG.csv.gz,True,,2017,2017-04-15,descending,66,sentinel-1b,0,True,0,True,0,0,0,0,0,0,0,0,0,0,0,0
S1B_IW_GRDH_1SDV_20170416T172157_20170416T172222_005189_00914B_08FE_COG,outputs\diagnostics\design_c\c2v\scene_checkpoints\primary\S1B_IW_GRDH_1SDV_20170416T172157_20170416T172222_005189_00914B_08FE_COG.csv.gz,True,,2017,2017-04-16,ascending,88,sentinel-1b,3450,False,1,True,3450,0,3450,0,0,172,3278,3450,0,0,178,3272
S1B_IW_GRDH_1SDV_20170416T172222_20170416T172247_005189_00914B_819D_COG,outputs\diagnostics\design_c\c2v\scene_checkpoints\primary\S1B_IW_GRDH_1SDV_20170416T172222_20170416T172247_005189_00914B_819D_COG.csv.gz,True,,2017,2017-04-16,ascending,88,sentinel-1b,433,False,1,True,433,0,433,0,0,0,433,433,0,0,0,433
S1A_IW_GRDH_1SDV_20170416T052705_20170416T052730_016165_01AB5A_642F_COG,outputs\diagnostics\design_c\c2v\scene_checkpoints\primary\S1A_IW_GRDH_1SDV_20170416T052705_20170416T052730_016165_01AB5A_642F_COG.csv.gz,True,,2017,2017-04-16,descending,168,sentinel-1a,2603,False,1,True,2603,0,2603,0,0,496,2107,2603,0,0,530,2073
S1A_IW_GRDH_1SDV_20170417T171426_20170417T171451_016187_01AC02_5E5C_COG,outputs\diagnostics\design_c\c2v\scene_checkpoints\primary\S1A_IW_GRDH_1SDV_20170417T171426_20170417T171451_016187_01AC02_5E5C_COG.csv.gz,True,,2017,2017-04-17,ascending,15,sentinel-1a,2366,False,1,True,2366,0,2366,0,0,0,2366,2366,0,0,62,2304
S1A_IW_GRDH_1SDV_20170417T171451_20170417T171516_016187_01AC02_B893_COG,outputs\diagnostics\design_c\c2v\scene_checkpoints\primary\S1A_IW_GRDH_1SDV_20170417T171451_20170417T171516_016187_01AC02_B893_COG.csv.gz,True,,2017,2017-04-17,ascending,15,sentinel-1a,1965,False,1,True,1965,0,1965,0,0,5,1960,1965,0,0,53,1912
S1A_IW_GRDH_1SDV_20170421T053459_20170421T053524_016238_01AD9E_B801_COG,outputs\diagnostics\design_c\c2v\scene_checkpoints\primary\S1A_IW_GRDH_1SDV_20170421T053459_20170421T053524_016238_01AD9E_B801_COG.csv.gz,True,,2017,2017-04-21,descending,66,sentinel-1a,15,False,1,True,15,0,15,0,0,0,15,15,0,0,0,15
S1A_IW_GRDH_1SDV_20170421T053524_20170421T053549_016238_01AD9E_82CF_COG,outputs\diagnostics\design_c\c2v\scene_checkpoints\primary\S1A_IW_GRDH_1SDV_20170421T053524_20170421T053549_016238_01AD9E_82CF_COG.csv.gz,True,,2017,2017-04-21,descending,66,sentinel-1a,4316,False,1,True,4316,0,4316,0,0,6,4310,4316,0,0,126,4190
S1A_IW_GRDH_1SDV_20170422T172244_20170422T172309_016260_01AE45_949B_COG,outputs\diagnostics\design_c\c2v\scene_checkpoints\primary\S1A_IW_GRDH_1SDV_20170422T172244_20170422T172309_016260_01AE45_949B_COG.csv.gz,True,,2017,2017-04-22,ascending,88,sentinel-1a,3869,False,1,True,3869,0,3869,0,0,159,3710,3869,0,0,201,3668
S1A_IW_GRDH_1SDV_20170422T172309_20170422T172334_016260_01AE45_5A07_COG,outputs\diagnostics\design_c\c2v\scene_checkpoints\primary\S1A_IW_GRDH_1SDV_20170422T172309_20170422T172334_016260_01AE45_5A07_COG.csv.gz,True,,2017,2017-04-22,ascending,88,sentinel-1a,0,True,0,True,0,0,0,0,0,0,0,0,0,0,0,0
S1B_IW_GRDH_1SDV_20170422T052621_20170422T052646_005269_0093AC_9D35_COG,outputs\diagnostics\design_c\c2v\scene_checkpoints\primary\S1B_IW_GRDH_1SDV_20170422T052621_20170422T052646_005269_0093AC_9D35_COG.csv.gz,True,,2017,2017-04-22,descending,168,sentinel-1b,2300,False,1,True,2300,0,2300,0,0,188,2112,2300,0,0,198,2102
S1B_IW_GRDH_1SDV_20170423T171343_20170423T171408_005291_00944C_2F57_COG,outputs\diagnostics\design_c\c2v\scene_checkpoints\primary\S1B_IW_GRDH_1SDV_20170423T171343_20170423T171408_005291_00944C_2F57_COG.csv.gz,True,,2017,2017-04-23,ascending,15,sentinel-1b,1296,False,1,True,1296,0,1296,0,0,0,1296,1296,0,0,4,1292
S1B_IW_GRDH_1SDV_20170423T171408_20170423T171433_005291_00944C_7342_COG,outputs\diagnostics\design_c\c2v\scene_checkpoints\primary\S1B_IW_GRDH_1SDV_20170423T171408_20170423T171433_005291_00944C_7342_COG.csv.gz,True,,2017,2017-04-23,ascending,15,sentinel-1b,3034,False,1,True,3034,0,3034,0,0,0,3034,3034,0,0,24,3010
S1B_IW_GRDH_1SDV_20170427T053426_20170427T053451_005342_0095D4_CD42_COG,outputs\diagnostics\design_c\c2v\scene_checkpoints\primary\S1B_IW_GRDH_1SDV_20170427T053426_20170427T053451_005342_0095D4_CD42_COG.csv.gz,True,,2017,2017-04-27,descending,66,sentinel-1b,4331,False,1,True,4331,0,4331,0,0,0,4331,4331,0,0,14,4317
S1B_IW_GRDH_1SDV_20170427T053451_20170427T053516_005342_0095D4_A3D6_COG,outputs\diagnostics\design_c\c2v\scene_checkpoints\primary\S1B_IW_GRDH_1SDV_20170427T053451_20170427T053516_005342_0095D4_A3D6_COG.csv.gz,True,,2017,2017-04-27,descending,66,sentinel-1b,0,True,0,True,0,0,0,0,0,0,0,0,0,0,0,0
S1B_IW_GRDH_1SDV_20170428T172157_20170428T172222_005364_00966C_CBE5_COG,outputs\diagnostics\design_c\c2v\scene_checkpoints\primary\S1B_IW_GRDH_1SDV_20170428T172157_20170428T172222_005364_00966C_CBE5_COG.csv.gz,True,,2017,2017-04-28,ascending,88,sentinel-1b,3453,False,1,True,3453,0,3453,0,0,173,3280,3453,0,0,175,3278
S1B_IW_GRDH_1SDV_20170428T172222_20170428T172247_005364_00966C_474D_COG,outputs\diagnostics\design_c\c2v\scene_checkpoints\primary\S1B_IW_GRDH_1SDV_20170428T172222_20170428T172247_005364_00966C_474D_COG.csv.gz,True,,2017,2017-04-28,ascending,88,sentinel-1b,433,False,1,True,433,0,433,0,0,0,433,433,0,0,2,431
S1A_IW_GRDH_1SDV_20170428T052706_20170428T052731_016340_01B0AA_8A67_COG,outputs\diagnostics\design_c\c2v\scene_checkpoints\primary\S1A_IW_GRDH_1SDV_20170428T052706_20170428T052731_016340_01B0AA_8A67_COG.csv.gz,True,,2017,2017-04-28,descending,168,sentinel-1a,2605,False,1,True,2605,0,2605,0,0,495,2110,2605,0,0,514,2091
S1A_IW_GRDH_1SDV_20170429T171427_20170429T171452_016362_01B152_D610_COG,outputs\diagnostics\design_c\c2v\scene_checkpoints\primary\S1A_IW_GRDH_1SDV_20170429T171427_20170429T171452_016362_01B152_D610_COG.csv.gz,True,,2017,2017-04-29,ascending,15,sentinel-1a,2366,False,1,True,2366,0,2366,0,0,1,2365,2366,0,0,49,2317
S1A_IW_GRDH_1SDV_20170429T171452_20170429T171517_016362_01B152_412C_COG,outputs\diagnostics\design_c\c2v\scene_checkpoints\primary\S1A_IW_GRDH_1SDV_20170429T171452_20170429T171517_016362_01B152_412C_COG.csv.gz,True,,2017,2017-04-29,ascending,15,sentinel-1a,1965,False,1,True,1965,0,1965,0,0,3,1962,1965,0,0,73,1892
S1A_IW_GRDH_1SDV_20170503T053459_20170503T053524_016413_01B2EC_BF21_COG,outputs\diagnostics\design_c\c2v\scene_checkpoints\primary\S1A_IW_GRDH_1SDV_20170503T053459_20170503T053524_016413_01B2EC_BF21_COG.csv.gz,True,,2017,2017-05-03,descending,66,sentinel-1a,15,False,1,True,15,0,15,0,0,0,15,15,0,0,0,15
S1A_IW_GRDH_1SDV_20170503T053524_20170503T053549_016413_01B2EC_B859_COG,outputs\diagnostics\design_c\c2v\scene_checkpoints\primary\S1A_IW_GRDH_1SDV_20170503T053524_20170503T053549_016413_01B2EC_B859_COG.csv.gz,True,,2017,2017-05-03,descending,66,sentinel-1a,4316,False,1,True,4316,0,4316,0,0,3,4313,4316,0,0,61,4255
S1A_IW_GRDH_1SDV_20170504T172245_20170504T172310_016435_01B38C_3B7B_COG,outputs\diagnostics\design_c\c2v\scene_checkpoints\primary\S1A_IW_GRDH_1SDV_20170504T172245_20170504T172310_016435_01B38C_3B7B_COG.csv.gz,True,,2017,2017-05-04,ascending,88,sentinel-1a,3867,False,1,True,3867,0,3867,0,0,160,3707,3867,0,0,182,3685
S1A_IW_GRDH_1SDV_20170504T172310_20170504T172335_016435_01B38C_2B43_COG,outputs\diagnostics\design_c\c2v\scene_checkpoints\primary\S1A_IW_GRDH_1SDV_20170504T172310_20170504T172335_016435_01B38C_2B43_COG.csv.gz,True,,2017,2017-05-04,ascending,88,sentinel-1a,0,True,0,True,0,0,0,0,0,0,0,0,0,0,0,0
S1B_IW_GRDH_1SDV_20170504T052622_20170504T052647_005444_0098B2_C2E5_COG,outputs\diagnostics\design_c\c2v\scene_checkpoints\primary\S1B_IW_GRDH_1SDV_20170504T052622_20170504T052647_005444_0098B2_C2E5_COG.csv.gz,True,,2017,2017-05-04,descending,168,sentinel-1b,2297,False,1,True,2297,0,2297,0,0,188,2109,2297,0,0,191,2106
S1B_IW_GRDH_1SDV_20170505T171344_20170505T171409_005466_009944_58FE_COG,outputs\diagnostics\design_c\c2v\scene_checkpoints\primary\S1B_IW_GRDH_1SDV_20170505T171344_20170505T171409_005466_009944_58FE_COG.csv.gz,True,,2017,2017-05-05,ascending,15,sentinel-1b,1298,False,1,True,1298,0,1298,0,0,0,1298,1298,0,0,2,1296
S1B_IW_GRDH_1SDV_20170505T171409_20170505T171434_005466_009944_51E6_COG,outputs\diagnostics\design_c\c2v\scene_checkpoints\primary\S1B_IW_GRDH_1SDV_20170505T171409_20170505T171434_005466_009944_51E6_COG.csv.gz,True,,2017,2017-05-05,ascending,15,sentinel-1b,3033,False,1,True,3033,0,3033,0,0,1,3032,3033,0,0,10,3023
S1B_IW_GRDH_1SDV_20170509T053432_20170509T053457_005517_009AA9_34B8_COG,outputs\diagnostics\design_c\c2v\scene_checkpoints\primary\S1B_IW_GRDH_1SDV_20170509T053432_20170509T053457_005517_009AA9_34B8_COG.csv.gz,True,,2017,2017-05-09,descending,66,sentinel-1b,4331,False,1,True,4331,0,4331,0,0,1,4330,4331,0,0,6,4325
S1B_IW_GRDH_1SDV_20170510T172158_20170510T172223_005539_009B3B_113E_COG,outputs\diagnostics\design_c\c2v\scene_checkpoints\primary\S1B_IW_GRDH_1SDV_20170510T172158_20170510T172223_005539_009B3B_113E_COG.csv.gz,True,,2017,2017-05-10,ascending,88,sentinel-1b,3453,False,1,True,3453,0,3453,0,0,173,3280,3453,0,0,180,3273
S1B_IW_GRDH_1SDV_20170510T172223_20170510T172248_005539_009B3B_2197_COG,outputs\diagnostics\design_c\c2v\scene_checkpoints\primary\S1B_IW_GRDH_1SDV_20170510T172223_20170510T172248_005539_009B3B_2197_COG.csv.gz,True,,2017,2017-05-10,ascending,88,sentinel-1b,433,False,1,True,433,0,433,0,0,0,433,433,0,0,0,433
S1A_IW_GRDH_1SDV_20170510T052707_20170510T052732_016515_01B5F9_48CE_COG,outputs\diagnostics\design_c\c2v\scene_checkpoints\primary\S1A_IW_GRDH_1SDV_20170510T052707_20170510T052732_016515_01B5F9_48CE_COG.csv.gz,True,,2017,2017-05-10,descending,168,sentinel-1a,2610,False,1,True,2610,0,2610,0,0,495,2115,2610,0,0,509,2101
S1A_IW_GRDH_1SDV_20170511T171428_20170511T171453_016537_01B699_32D2_COG,outputs\diagnostics\design_c\c2v\scene_checkpoints\primary\S1A_IW_GRDH_1SDV_20170511T171428_20170511T171453_016537_01B699_32D2_COG.csv.gz,True,,2017,2017-05-11,ascending,15,sentinel-1a,2366,False,1,True,2366,0,2366,0,0,0,2366,2366,0,0,41,2325
S1A_IW_GRDH_1SDV_20170511T171453_20170511T171518_016537_01B699_1F74_COG,outputs\diagnostics\design_c\c2v\scene_checkpoints\primary\S1A_IW_GRDH_1SDV_20170511T171453_20170511T171518_016537_01B699_1F74_COG.csv.gz,True,,2017,2017-05-11,ascending,15,sentinel-1a,1965,False,1,True,1965,0,1965,0,0,4,1961,1965,0,0,59,1906
S1A_IW_GRDH_1SDV_20170515T053500_20170515T053525_016588_01B83E_EF18_COG,outputs\diagnostics\design_c\c2v\scene_checkpoints\primary\S1A_IW_GRDH_1SDV_20170515T053500_20170515T053525_016588_01B83E_EF18_COG.csv.gz,True,,2017,2017-05-15,descending,66,sentinel-1a,15,False,1,True,15,0,15,0,0,0,15,15,0,0,0,15
S1A_IW_GRDH_1SDV_20170515T053525_20170515T053550_016588_01B83E_8B46_COG,outputs\diagnostics\design_c\c2v\scene_checkpoints\primary\S1A_IW_GRDH_1SDV_20170515T053525_20170515T053550_016588_01B83E_8B46_COG.csv.gz,True,,2017,2017-05-15,descending,66,sentinel-1a,4316,False,1,True,4316,0,4316,0,0,6,4310,4316,0,0,86,4230
S1A_IW_GRDH_1SDV_20170516T172245_20170516T172310_016610_01B8E6_D526_COG,outputs\diagnostics\design_c\c2v\scene_checkpoints\primary\S1A_IW_GRDH_1SDV_20170516T172245_20170516T172310_016610_01B8E6_D526_COG.csv.gz,True,,2017,2017-05-16,ascending,88,sentinel-1a,3868,False,1,True,3868,0,3868,0,0,161,3707,3868,0,0,224,3644
S1A_IW_GRDH_1SDV_20170516T172310_20170516T172335_016610_01B8E6_54C7_COG,outputs\diagnostics\design_c\c2v\scene_checkpoints\primary\S1A_IW_GRDH_1SDV_20170516T172310_20170516T172335_016610_01B8E6_54C7_COG.csv.gz,True,,2017,2017-05-16,ascending,88,sentinel-1a,0,True,0,True,0,0,0,0,0,0,0,0,0,0,0,0
S1B_IW_GRDH_1SDV_20170516T052628_20170516T052653_005619_009D73_3DD8_COG,outputs\diagnostics\design_c\c2v\scene_checkpoints\primary\S1B_IW_GRDH_1SDV_20170516T052628_20170516T052653_005619_009D73_3DD8_COG.csv.gz,True,,2017,2017-05-16,descending,168,sentinel-1b,2574,False,1,True,2574,0,2574,0,0,461,2113,2574,0,0,464,2110
S1B_IW_GRDH_1SDV_20170517T171344_20170517T171409_005641_009E0D_072D_COG,outputs\diagnostics\design_c\c2v\scene_checkpoints\primary\S1B_IW_GRDH_1SDV_20170517T171344_20170517T171409_005641_009E0D_072D_COG.csv.gz,True,,2017,2017-05-17,ascending,15,sentinel-1b,1298,False,1,True,1298,0,1298,0,0,1,1297,1298,0,0,6,1292
S1B_IW_GRDH_1SDV_20170517T171409_20170517T171434_005641_009E0D_7CE7_COG,outputs\diagnostics\design_c\c2v\scene_checkpoints\primary\S1B_IW_GRDH_1SDV_20170517T171409_20170517T171434_005641_009E0D_7CE7_COG.csv.gz,True,,2017,2017-05-17,ascending,15,sentinel-1b,3033,False,1,True,3033,0,3033,0,0,1,3032,3033,0,0,27,3006
S1B_IW_GRDH_1SDV_20170521T053432_20170521T053457_005692_009F8E_DC16_COG,outputs\diagnostics\design_c\c2v\scene_checkpoints\primary\S1B_IW_GRDH_1SDV_20170521T053432_20170521T053457_005692_009F8E_DC16_COG.csv.gz,True,,2017,2017-05-21,descending,66,sentinel-1b,4331,False,1,True,4331,0,4331,0,0,0,4331,4331,0,0,13,4318
S1B_IW_GRDH_1SDV_20170522T172159_20170522T172224_005714_00A028_E5B1_COG,outputs\diagnostics\design_c\c2v\scene_checkpoints\primary\S1B_IW_GRDH_1SDV_20170522T172159_20170522T172224_005714_00A028_E5B1_COG.csv.gz,True,,2017,2017-05-22,ascending,88,sentinel-1b,3452,False,1,True,3452,0,3452,0,0,172,3280,3452,0,0,176,3276
S1B_IW_GRDH_1SDV_20170522T172224_20170522T172249_005714_00A028_C64B_COG,outputs\diagnostics\design_c\c2v\scene_checkpoints\primary\S1B_IW_GRDH_1SDV_20170522T172224_20170522T172249_005714_00A028_C64B_COG.csv.gz,True,,2017,2017-05-22,ascending,88,sentinel-1b,433,False,1,True,433,0,433,0,0,0,433,433,0,0,1,432
S1A_IW_GRDH_1SDV_20170522T052707_20170522T052732_016690_01BB5A_1CE6_COG,outputs\diagnostics\design_c\c2v\scene_checkpoints\primary\S1A_IW_GRDH_1SDV_20170522T052707_20170522T052732_016690_01BB5A_1CE6_COG.csv.gz,True,,2017,2017-05-22,descending,168,sentinel-1a,2607,False,1,True,2607,0,2607,0,0,494,2113,2607,0,0,519,2088
S1A_IW_GRDH_1SDV_20170523T171422_20170523T171447_016712_01BC02_B420_COG,outputs\diagnostics\design_c\c2v\scene_checkpoints\primary\S1A_IW_GRDH_1SDV_20170523T171422_20170523T171447_016712_01BC02_B420_COG.csv.gz,True,,2017,2017-05-23,ascending,15,sentinel-1a,0,True,0,True,0,0,0,0,0,0,0,0,0,0,0,0
S1A_IW_GRDH_1SDV_20170523T171447_20170523T171512_016712_01BC02_6490_COG,outputs\diagnostics\design_c\c2v\scene_checkpoints\primary\S1A_IW_GRDH_1SDV_20170523T171447_20170523T171512_016712_01BC02_6490_COG.csv.gz,True,,2017,2017-05-23,ascending,15,sentinel-1a,4331,False,1,True,4331,0,4331,0,0,0,4331,4331,0,0,107,4224
S1A_IW_GRDH_1SDV_20170527T053517_20170527T053542_016763_01BD9F_F801_COG,outputs\diagnostics\design_c\c2v\scene_checkpoints\primary\S1A_IW_GRDH_1SDV_20170527T053517_20170527T053542_016763_01BD9F_F801_COG.csv.gz,True,,2017,2017-05-27,descending,66,sentinel-1a,4331,False,1,True,4331,0,4331,0,0,2,4329,4331,0,0,122,4209
S1A_IW_GRDH_1SDV_20170528T172246_20170528T172311_016785_01BE48_4A7A_COG,outputs\diagnostics\design_c\c2v\scene_checkpoints\primary\S1A_IW_GRDH_1SDV_20170528T172246_20170528T172311_016785_01BE48_4A7A_COG.csv.gz,True,,2017,2017-05-28,ascending,88,sentinel-1a,3872,False,1,True,3872,0,3872,0,0,160,3712,3872,0,0,202,3670
S1A_IW_GRDH_1SDV_20170528T172311_20170528T172336_016785_01BE48_4B69_COG,outputs\diagnostics\design_c\c2v\scene_checkpoints\primary\S1A_IW_GRDH_1SDV_20170528T172311_20170528T172336_016785_01BE48_4B69_COG.csv.gz,True,,2017,2017-05-28,ascending,88,sentinel-1a,0,True,0,True,0,0,0,0,0,0,0,0,0,0,0,0
S1B_IW_GRDH_1SDV_20170528T052628_20170528T052653_005794_00A285_2A35_COG,outputs\diagnostics\design_c\c2v\scene_checkpoints\primary\S1B_IW_GRDH_1SDV_20170528T052628_20170528T052653_005794_00A285_2A35_COG.csv.gz,True,,2017,2017-05-28,descending,168,sentinel-1b,2570,False,1,True,2570,0,2570,0,0,461,2109,2570,0,0,466,2104
S1B_IW_GRDH_1SDV_20170529T171345_20170529T171410_005816_00A31A_3F31_COG,outputs\diagnostics\design_c\c2v\scene_checkpoints\primary\S1B_IW_GRDH_1SDV_20170529T171345_20170529T171410_005816_00A31A_3F31_COG.csv.gz,True,,2017,2017-05-29,ascending,15,sentinel-1b,1297,False,1,True,1297,0,1297,0,0,0,1297,1297,0,0,9,1288
S1B_IW_GRDH_1SDV_20170529T171410_20170529T171435_005816_00A31A_B61D_COG,outputs\diagnostics\design_c\c2v\scene_checkpoints\primary\S1B_IW_GRDH_1SDV_20170529T171410_20170529T171435_005816_00A31A_B61D_COG.csv.gz,True,,2017,2017-05-29,ascending,15,sentinel-1b,3034,False,1,True,3034,0,3034,0,0,0,3034,3034,0,0,21,3013
S1B_IW_GRDH_1SDV_20170602T053433_20170602T053458_005867_00A499_1EF1_COG,outputs\diagnostics\design_c\c2v\scene_checkpoints\primary\S1B_IW_GRDH_1SDV_20170602T053433_20170602T053458_005867_00A499_1EF1_COG.csv.gz,True,,2017,2017-06-02,descending,66,sentinel-1b,4331,False,1,True,4331,0,4331,0,0,0,4331,4331,0,0,15,4316
S1B_IW_GRDH_1SDV_20170603T172157_20170603T172222_005889_00A538_8526_COG,outputs\diagnostics\design_c\c2v\scene_checkpoints\primary\S1B_IW_GRDH_1SDV_20170603T172157_20170603T172222_005889_00A538_8526_COG.csv.gz,True,,2017,2017-06-03,ascending,88,sentinel-1b,2136,False,1,True,2136,0,2136,0,0,139,1997,2136,0,0,142,1994
S1B_IW_GRDH_1SDV_20170603T172222_20170603T172247_005889_00A538_D9D1_COG,outputs\diagnostics\design_c\c2v\scene_checkpoints\primary\S1B_IW_GRDH_1SDV_20170603T172222_20170603T172247_005889_00A538_D9D1_COG.csv.gz,True,,2017,2017-06-03,ascending,88,sentinel-1b,1738,False,1,True,1738,0,1738,0,0,22,1716,1738,0,0,22,1716
S1A_IW_GRDH_1SDV_20170603T052654_20170603T052719_016865_01C0C1_3A72_COG,outputs\diagnostics\design_c\c2v\scene_checkpoints\primary\S1A_IW_GRDH_1SDV_20170603T052654_20170603T052719_016865_01C0C1_3A72_COG.csv.gz,True,,2017,2017-06-03,descending,168,sentinel-1a,625,False,1,True,625,0,625,0,0,144,481,625,0,0,147,478
S1A_IW_GRDH_1SDV_20170603T052719_20170603T052744_016865_01C0C1_E6DA_COG,outputs\diagnostics\design_c\c2v\scene_checkpoints\primary\S1A_IW_GRDH_1SDV_20170603T052719_20170603T052744_016865_01C0C1_E6DA_COG.csv.gz,True,,2017,2017-06-03,descending,168,sentinel-1a,1988,False,1,True,1988,0,1988,0,0,356,1632,1988,0,0,375,1613
S1A_IW_GRDH_1SDV_20170604T171423_20170604T171448_016887_01C16E_6974_COG,outputs\diagnostics\design_c\c2v\scene_checkpoints\primary\S1A_IW_GRDH_1SDV_20170604T171423_20170604T171448_016887_01C16E_6974_COG.csv.gz,True,,2017,2017-06-04,ascending,15,sentinel-1a,0,True,0,True,0,0,0,0,0,0,0,0,0,0,0,0
S1A_IW_GRDH_1SDV_20170604T171448_20170604T171513_016887_01C16E_0343_COG,outputs\diagnostics\design_c\c2v\scene_checkpoints\primary\S1A_IW_GRDH_1SDV_20170604T171448_20170604T171513_016887_01C16E_0343_COG.csv.gz,True,,2017,2017-06-04,ascending,15,sentinel-1a,4331,False,1,True,4331,0,4331,0,0,1,4330,4331,0,0,82,4249
S1A_IW_GRDH_1SDV_20170608T053507_20170608T053532_016938_01C30F_D65A_COG,outputs\diagnostics\design_c\c2v\scene_checkpoints\primary\S1A_IW_GRDH_1SDV_20170608T053507_20170608T053532_016938_01C30F_D65A_COG.csv.gz,True,,2017,2017-06-08,descending,66,sentinel-1a,3329,False,1,True,3329,0,3329,0,0,2,3327,3329,0,0,54,3275
S1A_IW_GRDH_1SDV_20170608T053532_20170608T053557_016938_01C30F_40E4_COG,outputs\diagnostics\design_c\c2v\scene_checkpoints\primary\S1A_IW_GRDH_1SDV_20170608T053532_20170608T053557_016938_01C30F_40E4_COG.csv.gz,True,,2017,2017-06-08,descending,66,sentinel-1a,1002,False,1,True,1002,0,1002,0,0,1,1001,1002,0,0,13,989
S1A_IW_GRDH_1SDV_20170609T172247_20170609T172312_016960_01C3B4_EE86_COG,outputs\diagnostics\design_c\c2v\scene_checkpoints\primary\S1A_IW_GRDH_1SDV_20170609T172247_20170609T172312_016960_01C3B4_EE86_COG.csv.gz,True,,2017,2017-06-09,ascending,88,sentinel-1a,3871,False,1,True,3871,0,3871,0,0,159,3712,3871,0,0,185,3686
S1A_IW_GRDH_1SDV_20170609T172312_20170609T172337_016960_01C3B4_9244_COG,outputs\diagnostics\design_c\c2v\scene_checkpoints\primary\S1A_IW_GRDH_1SDV_20170609T172312_20170609T172337_016960_01C3B4_9244_COG.csv.gz,True,,2017,2017-06-09,ascending,88,sentinel-1a,0,True,0,True,0,0,0,0,0,0,0,0,0,0,0,0
S1B_IW_GRDH_1SDV_20170609T052621_20170609T052646_005969_00A798_CEA0_COG,outputs\diagnostics\design_c\c2v\scene_checkpoints\primary\S1B_IW_GRDH_1SDV_20170609T052621_20170609T052646_005969_00A798_CEA0_COG.csv.gz,True,,2017,2017-06-09,descending,168,sentinel-1b,2591,False,1,True,2591,0,2591,0,0,474,2117,2591,0,0,475,2116
S1B_IW_GRDH_1SDV_20170610T171346_20170610T171411_005991_00A834_FC7B_COG,outputs\diagnostics\design_c\c2v\scene_checkpoints\primary\S1B_IW_GRDH_1SDV_20170610T171346_20170610T171411_005991_00A834_FC7B_COG.csv.gz,True,,2017,2017-06-10,ascending,15,sentinel-1b,1298,False,1,True,1298,0,1298,0,0,0,1298,1298,0,0,0,1298
S1B_IW_GRDH_1SDV_20170610T171411_20170610T171436_005991_00A834_972E_COG,outputs\diagnostics\design_c\c2v\scene_checkpoints\primary\S1B_IW_GRDH_1SDV_20170610T171411_20170610T171436_005991_00A834_972E_COG.csv.gz,True,,2017,2017-06-10,ascending,15,sentinel-1b,3033,False,1,True,3033,0,3033,0,0,0,3033,3033,0,0,15,3018
S1B_IW_GRDH_1SDV_20170614T053434_20170614T053459_006042_00A9BE_335F_COG,outputs\diagnostics\design_c\c2v\scene_checkpoints\primary\S1B_IW_GRDH_1SDV_20170614T053434_20170614T053459_006042_00A9BE_335F_COG.csv.gz,True,,2017,2017-06-14,descending,66,sentinel-1b,4331,False,1,True,4331,0,4331,0,0,0,4331,4331,0,0,8,4323
S1B_IW_GRDH_1SDV_20170615T172157_20170615T172222_006064_00AA60_78AE_COG,outputs\diagnostics\design_c\c2v\scene_checkpoints\primary\S1B_IW_GRDH_1SDV_20170615T172157_20170615T172222_006064_00AA60_78AE_COG.csv.gz,True,,2017,2017-06-15,ascending,88,sentinel-1b,2135,False,1,True,2135,0,2135,0,0,138,1997,2135,0,0,139,1996
S1B_IW_GRDH_1SDV_20170615T172222_20170615T172247_006064_00AA60_4B0A_COG,outputs\diagnostics\design_c\c2v\scene_checkpoints\primary\S1B_IW_GRDH_1SDV_20170615T172222_20170615T172247_006064_00AA60_4B0A_COG.csv.gz,True,,2017,2017-06-15,ascending,88,sentinel-1b,1738,False,1,True,1738,0,1738,0,0,22,1716,1738,0,0,23,1715
S1A_IW_GRDH_1SDV_20170615T052655_20170615T052720_017040_01C629_4D25_COG,outputs\diagnostics\design_c\c2v\scene_checkpoints\primary\S1A_IW_GRDH_1SDV_20170615T052655_20170615T052720_017040_01C629_4D25_COG.csv.gz,True,,2017,2017-06-15,descending,168,sentinel-1a,626,False,1,True,626,0,626,0,0,144,482,626,0,0,144,482
S1A_IW_GRDH_1SDV_20170615T052720_20170615T052745_017040_01C629_A0CB_COG,outputs\diagnostics\design_c\c2v\scene_checkpoints\primary\S1A_IW_GRDH_1SDV_20170615T052720_20170615T052745_017040_01C629_A0CB_COG.csv.gz,True,,2017,2017-06-15,descending,168,sentinel-1a,1986,False,1,True,1986,0,1986,0,0,356,1630,1986,0,0,358,1628
S1A_IW_GRDH_1SDV_20170616T171424_20170616T171449_017062_01C6D3_A910_COG,outputs\diagnostics\design_c\c2v\scene_checkpoints\primary\S1A_IW_GRDH_1SDV_20170616T171424_20170616T171449_017062_01C6D3_A910_COG.csv.gz,True,,2017,2017-06-16,ascending,15,sentinel-1a,0,True,0,True,0,0,0,0,0,0,0,0,0,0,0,0
S1A_IW_GRDH_1SDV_20170616T171449_20170616T171514_017062_01C6D3_005B_COG,outputs\diagnostics\design_c\c2v\scene_checkpoints\primary\S1A_IW_GRDH_1SDV_20170616T171449_20170616T171514_017062_01C6D3_005B_COG.csv.gz,True,,2017,2017-06-16,ascending,15,sentinel-1a,4331,False,1,True,4331,0,4331,0,0,11,4320,4331,0,0,57,4274
S1A_IW_GRDH_1SDV_20170620T053508_20170620T053533_017113_01C876_5C77_COG,outputs\diagnostics\design_c\c2v\scene_checkpoints\primary\S1A_IW_GRDH_1SDV_20170620T053508_20170620T053533_017113_01C876_5C77_COG.csv.gz,True,,2017,2017-06-20,descending,66,sentinel-1a,3329,False,1,True,3329,0,3329,0,0,0,3329,3329,0,0,25,3304
S1A_IW_GRDH_1SDV_20170620T053533_20170620T053558_017113_01C876_468E_COG,outputs\diagnostics\design_c\c2v\scene_checkpoints\primary\S1A_IW_GRDH_1SDV_20170620T053533_20170620T053558_017113_01C876_468E_COG.csv.gz,True,,2017,2017-06-20,descending,66,sentinel-1a,1002,False,1,True,1002,0,1002,0,0,0,1002,1002,0,0,7,995
S1B_IW_GRDH_1SDV_20170621T052621_20170621T052646_006144_00ACB6_489B_COG,outputs\diagnostics\design_c\c2v\scene_checkpoints\primary\S1B_IW_GRDH_1SDV_20170621T052621_20170621T052646_006144_00ACB6_489B_COG.csv.gz,True,,2017,2017-06-21,descending,168,sentinel-1b,2586,False,1,True,2586,0,2586,0,0,471,2115,2586,0,0,471,2115
S1B_IW_GRDH_1SDV_20170622T171346_20170622T171411_006166_00AD50_472E_COG,outputs\diagnostics\design_c\c2v\scene_checkpoints\primary\S1B_IW_GRDH_1SDV_20170622T171346_20170622T171411_006166_00AD50_472E_COG.csv.gz,True,,2017,2017-06-22,ascending,15,sentinel-1b,1295,False,1,True,1295,0,1295,0,0,0,1295,1295,0,0,2,1293
S1B_IW_GRDH_1SDV_20170622T171411_20170622T171436_006166_00AD50_5078_COG,outputs\diagnostics\design_c\c2v\scene_checkpoints\primary\S1B_IW_GRDH_1SDV_20170622T171411_20170622T171436_006166_00AD50_5078_COG.csv.gz,True,,2017,2017-06-22,ascending,15,sentinel-1b,3036,False,1,True,3036,0,3036,0,0,0,3036,3036,0,0,2,3034
S1B_IW_GRDH_1SDV_20170626T053434_20170626T053459_006217_00AED5_473E_COG,outputs\diagnostics\design_c\c2v\scene_checkpoints\primary\S1B_IW_GRDH_1SDV_20170626T053434_20170626T053459_006217_00AED5_473E_COG.csv.gz,True,,2017,2017-06-26,descending,66,sentinel-1b,4331,False,1,True,4331,0,4331,0,0,0,4331,4331,0,0,2,4329
S1B_IW_GRDH_1SDV_20170627T172158_20170627T172223_006239_00AF72_6D1F_COG,outputs\diagnostics\design_c\c2v\scene_checkpoints\primary\S1B_IW_GRDH_1SDV_20170627T172158_20170627T172223_006239_00AF72_6D1F_COG.csv.gz,True,,2017,2017-06-27,ascending,88,sentinel-1b,2137,False,1,True,2137,0,2137,0,0,139,1998,2137,0,0,139,1998
S1B_IW_GRDH_1SDV_20170627T172223_20170627T172248_006239_00AF72_47E4_COG,outputs\diagnostics\design_c\c2v\scene_checkpoints\primary\S1B_IW_GRDH_1SDV_20170627T172223_20170627T172248_006239_00AF72_47E4_COG.csv.gz,True,,2017,2017-06-27,ascending,88,sentinel-1b,1739,False,1,True,1739,0,1739,0,0,23,1716,1739,0,0,23,1716
S1A_IW_GRDH_1SDV_20170627T052655_20170627T052720_017215_01CB7E_BD30_COG,outputs\diagnostics\design_c\c2v\scene_checkpoints\primary\S1A_IW_GRDH_1SDV_20170627T052655_20170627T052720_017215_01CB7E_BD30_COG.csv.gz,True,,2017,2017-06-27,descending,168,sentinel-1a,630,False,1,True,630,0,630,0,0,147,483,630,0,0,148,482
S1A_IW_GRDH_1SDV_20170627T052720_20170627T052745_017215_01CB7E_FC83_COG,outputs\diagnostics\design_c\c2v\scene_checkpoints\primary\S1A_IW_GRDH_1SDV_20170627T052720_20170627T052745_017215_01CB7E_FC83_COG.csv.gz,True,,2017,2017-06-27,descending,168,sentinel-1a,1987,False,1,True,1987,0,1987,0,0,355,1632,1987,0,0,355,1632
S1A_IW_GRDH_1SDV_20170628T171425_20170628T171450_017237_01CC21_A383_COG,outputs\diagnostics\design_c\c2v\scene_checkpoints\primary\S1A_IW_GRDH_1SDV_20170628T171425_20170628T171450_017237_01CC21_A383_COG.csv.gz,True,,2017,2017-06-28,ascending,15,sentinel-1a,0,True,0,True,0,0,0,0,0,0,0,0,0,0,0,0
S1A_IW_GRDH_1SDV_20170628T171450_20170628T171515_017237_01CC21_F709_COG,outputs\diagnostics\design_c\c2v\scene_checkpoints\primary\S1A_IW_GRDH_1SDV_20170628T171450_20170628T171515_017237_01CC21_F709_COG.csv.gz,True,,2017,2017-06-28,ascending,15,sentinel-1a,4331,False,1,True,4331,0,4331,0,0,0,4331,4331,0,0,17,4314
S1A_IW_GRDH_1SDV_20170702T053508_20170702T053533_017288_01CDBA_958C_COG,outputs\diagnostics\design_c\c2v\scene_checkpoints\primary\S1A_IW_GRDH_1SDV_20170702T053508_20170702T053533_017288_01CDBA_958C_COG.csv.gz,True,,2017,2017-07-02,descending,66,sentinel-1a,3324,False,1,True,3324,0,3324,0,0,0,3324,3324,0,0,5,3319
S1A_IW_GRDH_1SDV_20170702T053533_20170702T053558_017288_01CDBA_38D5_COG,outputs\diagnostics\design_c\c2v\scene_checkpoints\primary\S1A_IW_GRDH_1SDV_20170702T053533_20170702T053558_017288_01CDBA_38D5_COG.csv.gz,True,,2017,2017-07-02,descending,66,sentinel-1a,1007,False,1,True,1007,0,1007,0,0,0,1007,1007,0,0,5,1002
S1A_IW_GRDH_1SDV_20170703T172248_20170703T172313_017310_01CE63_DB7D_COG,outputs\diagnostics\design_c\c2v\scene_checkpoints\primary\S1A_IW_GRDH_1SDV_20170703T172248_20170703T172313_017310_01CE63_DB7D_COG.csv.gz,True,,2017,2017-07-03,ascending,88,sentinel-1a,3871,False,1,True,3871,0,3871,0,0,159,3712,3871,0,0,161,3710
S1A_IW_GRDH_1SDV_20170703T172313_20170703T172338_017310_01CE63_BE8B_COG,outputs\diagnostics\design_c\c2v\scene_checkpoints\primary\S1A_IW_GRDH_1SDV_20170703T172313_20170703T172338_017310_01CE63_BE8B_COG.csv.gz,True,,2017,2017-07-03,ascending,88,sentinel-1a,0,True,0,True,0,0,0,0,0,0,0,0,0,0,0,0
S1B_IW_GRDH_1SDV_20170703T052622_20170703T052647_006319_00B1C7_AB08_COG,outputs\diagnostics\design_c\c2v\scene_checkpoints\primary\S1B_IW_GRDH_1SDV_20170703T052622_20170703T052647_006319_00B1C7_AB08_COG.csv.gz,True,,2017,2017-07-03,descending,168,sentinel-1b,2582,False,1,True,2582,0,2582,0,0,471,2111,2582,0,0,471,2111
S1B_IW_GRDH_1SDV_20170704T171347_20170704T171412_006341_00B255_C228_COG,outputs\diagnostics\design_c\c2v\scene_checkpoints\primary\S1B_IW_GRDH_1SDV_20170704T171347_20170704T171412_006341_00B255_C228_COG.csv.gz,True,,2017,2017-07-04,ascending,15,sentinel-1b,1295,False,1,True,1295,0,1295,0,0,0,1295,1295,0,0,1,1294
S1B_IW_GRDH_1SDV_20170704T171412_20170704T171437_006341_00B255_AE26_COG,outputs\diagnostics\design_c\c2v\scene_checkpoints\primary\S1B_IW_GRDH_1SDV_20170704T171412_20170704T171437_006341_00B255_AE26_COG.csv.gz,True,,2017,2017-07-04,ascending,15,sentinel-1b,3036,False,1,True,3036,0,3036,0,0,0,3036,3036,0,0,0,3036
S1B_IW_GRDH_1SDV_20170709T172159_20170709T172224_006414_00B466_4F71_COG,outputs\diagnostics\design_c\c2v\scene_checkpoints\primary\S1B_IW_GRDH_1SDV_20170709T172159_20170709T172224_006414_00B466_4F71_COG.csv.gz,True,,2017,2017-07-09,ascending,88,sentinel-1b,2135,False,1,True,2135,0,2135,0,0,140,1995,2135,0,0,140,1995
S1B_IW_GRDH_1SDV_20170709T172224_20170709T172249_006414_00B466_30B3_COG,outputs\diagnostics\design_c\c2v\scene_checkpoints\primary\S1B_IW_GRDH_1SDV_20170709T172224_20170709T172249_006414_00B466_30B3_COG.csv.gz,True,,2017,2017-07-09,ascending,88,sentinel-1b,1742,False,1,True,1742,0,1742,0,0,22,1720,1742,0,0,22,1720
S1A_IW_GRDH_1SDV_20170709T052656_20170709T052721_017390_01D0C1_D986_COG,outputs\diagnostics\design_c\c2v\scene_checkpoints\primary\S1A_IW_GRDH_1SDV_20170709T052656_20170709T052721_017390_01D0C1_D986_COG.csv.gz,True,,2017,2017-07-09,descending,168,sentinel-1a,631,False,1,True,631,0,631,0,0,147,484,631,0,0,147,484
S1A_IW_GRDH_1SDV_20170709T052721_20170709T052746_017390_01D0C1_06E9_COG,outputs\diagnostics\design_c\c2v\scene_checkpoints\primary\S1A_IW_GRDH_1SDV_20170709T052721_20170709T052746_017390_01D0C1_06E9_COG.csv.gz,True,,2017,2017-07-09,descending,168,sentinel-1a,1986,False,1,True,1986,0,1986,0,0,355,1631,1986,0,0,358,1628
S1A_IW_GRDH_1SDV_20170710T171425_20170710T171450_017412_01D169_8174_COG,outputs\diagnostics\design_c\c2v\scene_checkpoints\primary\S1A_IW_GRDH_1SDV_20170710T171425_20170710T171450_017412_01D169_8174_COG.csv.gz,True,,2017,2017-07-10,ascending,15,sentinel-1a,0,True,0,True,0,0,0,0,0,0,0,0,0,0,0,0
S1A_IW_GRDH_1SDV_20170710T171450_20170710T171515_017412_01D169_2BEE_COG,outputs\diagnostics\design_c\c2v\scene_checkpoints\primary\S1A_IW_GRDH_1SDV_20170710T171450_20170710T171515_017412_01D169_2BEE_COG.csv.gz,True,,2017,2017-07-10,ascending,15,sentinel-1a,4331,False,1,True,4331,0,4331,0,0,0,4331,4331,0,0,4,4327
S1A_IW_GRDH_1SDV_20170714T053509_20170714T053534_017463_01D304_E812_COG,outputs\diagnostics\design_c\c2v\scene_checkpoints\primary\S1A_IW_GRDH_1SDV_20170714T053509_20170714T053534_017463_01D304_E812_COG.csv.gz,True,,2017,2017-07-14,descending,66,sentinel-1a,3329,False,1,True,3329,0,3329,0,0,0,3329,3329,0,0,3,3326
S1A_IW_GRDH_1SDV_20170714T053534_20170714T053559_017463_01D304_05F6_COG,outputs\diagnostics\design_c\c2v\scene_checkpoints\primary\S1A_IW_GRDH_1SDV_20170714T053534_20170714T053559_017463_01D304_05F6_COG.csv.gz,True,,2017,2017-07-14,descending,66,sentinel-1a,1002,False,1,True,1002,0,1002,0,0,0,1002,1002,0,0,1,1001
S1A_IW_GRDH_1SDV_20170715T172249_20170715T172314_017485_01D3AA_CDA4_COG,outputs\diagnostics\design_c\c2v\scene_checkpoints\primary\S1A_IW_GRDH_1SDV_20170715T172249_20170715T172314_017485_01D3AA_CDA4_COG.csv.gz,True,,2017,2017-07-15,ascending,88,sentinel-1a,3869,False,1,True,3869,0,3869,0,0,159,3710,3869,0,0,160,3709
S1A_IW_GRDH_1SDV_20170715T172314_20170715T172339_017485_01D3AA_513D_COG,outputs\diagnostics\design_c\c2v\scene_checkpoints\primary\S1A_IW_GRDH_1SDV_20170715T172314_20170715T172339_017485_01D3AA_513D_COG.csv.gz,True,,2017,2017-07-15,ascending,88,sentinel-1a,0,True,0,True,0,0,0,0,0,0,0,0,0,0,0,0
S1B_IW_GRDH_1SDV_20170715T052623_20170715T052648_006494_00B6B9_CFC8_COG,outputs\diagnostics\design_c\c2v\scene_checkpoints\primary\S1B_IW_GRDH_1SDV_20170715T052623_20170715T052648_006494_00B6B9_CFC8_COG.csv.gz,True,,2017,2017-07-15,descending,168,sentinel-1b,2584,False,1,True,2584,0,2584,0,0,471,2113,2584,0,0,471,2113
S1B_IW_GRDH_1SDV_20170716T171348_20170716T171413_006516_00B74F_351D_COG,outputs\diagnostics\design_c\c2v\scene_checkpoints\primary\S1B_IW_GRDH_1SDV_20170716T171348_20170716T171413_006516_00B74F_351D_COG.csv.gz,True,,2017,2017-07-16,ascending,15,sentinel-1b,1298,False,1,True,1298,0,1298,0,0,0,1298,1298,0,0,0,1298
S1B_IW_GRDH_1SDV_20170716T171413_20170716T171438_006516_00B74F_467D_COG,outputs\diagnostics\design_c\c2v\scene_checkpoints\primary\S1B_IW_GRDH_1SDV_20170716T171413_20170716T171438_006516_00B74F_467D_COG.csv.gz,True,,2017,2017-07-16,ascending,15,sentinel-1b,3033,False,1,True,3033,0,3033,0,0,0,3033,3033,0,0,0,3033
S1B_IW_GRDH_1SDV_20170720T053436_20170720T053501_006567_00B8C9_F721_COG,outputs\diagnostics\design_c\c2v\scene_checkpoints\primary\S1B_IW_GRDH_1SDV_20170720T053436_20170720T053501_006567_00B8C9_F721_COG.csv.gz,True,,2017,2017-07-20,descending,66,sentinel-1b,4331,False,1,True,4331,0,4331,0,0,0,4331,4331,0,0,0,4331
S1B_IW_GRDH_1SDV_20170721T172200_20170721T172225_006589_00B965_8AED_COG,outputs\diagnostics\design_c\c2v\scene_checkpoints\primary\S1B_IW_GRDH_1SDV_20170721T172200_20170721T172225_006589_00B965_8AED_COG.csv.gz,True,,2017,2017-07-21,ascending,88,sentinel-1b,2137,False,1,True,2137,0,2137,0,0,139,1998,2137,0,0,140,1997
S1B_IW_GRDH_1SDV_20170721T172225_20170721T172250_006589_00B965_DF71_COG,outputs\diagnostics\design_c\c2v\scene_checkpoints\primary\S1B_IW_GRDH_1SDV_20170721T172225_20170721T172250_006589_00B965_DF71_COG.csv.gz,True,,2017,2017-07-21,ascending,88,sentinel-1b,1738,False,1,True,1738,0,1738,0,0,22,1716,1738,0,0,22,1716
S1A_IW_GRDH_1SDV_20170721T052657_20170721T052722_017565_01D614_E037_COG,outputs\diagnostics\design_c\c2v\scene_checkpoints\primary\S1A_IW_GRDH_1SDV_20170721T052657_20170721T052722_017565_01D614_E037_COG.csv.gz,True,,2017,2017-07-21,descending,168,sentinel-1a,627,False,1,True,627,0,627,0,0,145,482,627,0,0,146,481
S1A_IW_GRDH_1SDV_20170721T052722_20170721T052747_017565_01D614_CDDB_COG,outputs\diagnostics\design_c\c2v\scene_checkpoints\primary\S1A_IW_GRDH_1SDV_20170721T052722_20170721T052747_017565_01D614_CDDB_COG.csv.gz,True,,2017,2017-07-21,descending,168,sentinel-1a,1986,False,1,True,1986,0,1986,0,0,355,1631,1986,0,0,355,1631
S1A_IW_GRDH_1SDV_20170722T171426_20170722T171451_017587_01D6BC_62A4_COG,outputs\diagnostics\design_c\c2v\scene_checkpoints\primary\S1A_IW_GRDH_1SDV_20170722T171426_20170722T171451_017587_01D6BC_62A4_COG.csv.gz,True,,2017,2017-07-22,ascending,15,sentinel-1a,0,True,0,True,0,0,0,0,0,0,0,0,0,0,0,0
S1A_IW_GRDH_1SDV_20170722T171451_20170722T171516_017587_01D6BC_3C6D_COG,outputs\diagnostics\design_c\c2v\scene_checkpoints\primary\S1A_IW_GRDH_1SDV_20170722T171451_20170722T171516_017587_01D6BC_3C6D_COG.csv.gz,True,,2017,2017-07-22,ascending,15,sentinel-1a,4331,False,1,True,4331,0,4331,0,0,0,4331,4331,0,0,10,4321
S1A_IW_GRDH_1SDV_20170726T053510_20170726T053535_017638_01D85F_046F_COG,outputs\diagnostics\design_c\c2v\scene_checkpoints\primary\S1A_IW_GRDH_1SDV_20170726T053510_20170726T053535_017638_01D85F_046F_COG.csv.gz,True,,2017,2017-07-26,descending,66,sentinel-1a,3327,False,1,True,3327,0,3327,0,0,1,3326,3327,0,0,4,3323
S1A_IW_GRDH_1SDV_20170726T053535_20170726T053600_017638_01D85F_E31B_COG,outputs\diagnostics\design_c\c2v\scene_checkpoints\primary\S1A_IW_GRDH_1SDV_20170726T053535_20170726T053600_017638_01D85F_E31B_COG.csv.gz,True,,2017,2017-07-26,descending,66,sentinel-1a,1002,False,1,True,1002,0,1002,0,0,0,1002,1002,0,0,3,999
S1A_IW_GRDH_1SDV_20170727T172249_20170727T172314_017660_01D903_3D7D_COG,outputs\diagnostics\design_c\c2v\scene_checkpoints\primary\S1A_IW_GRDH_1SDV_20170727T172249_20170727T172314_017660_01D903_3D7D_COG.csv.gz,True,,2017,2017-07-27,ascending,88,sentinel-1a,3873,False,1,True,3873,0,3873,0,0,161,3712,3873,0,0,165,3708
S1A_IW_GRDH_1SDV_20170727T172314_20170727T172339_017660_01D903_9CA5_COG,outputs\diagnostics\design_c\c2v\scene_checkpoints\primary\S1A_IW_GRDH_1SDV_20170727T172314_20170727T172339_017660_01D903_9CA5_COG.csv.gz,True,,2017,2017-07-27,ascending,88,sentinel-1a,0,True,0,True,0,0,0,0,0,0,0,0,0,0,0,0
S1B_IW_GRDH_1SDV_20170727T052623_20170727T052648_006669_00BBB5_3E29_COG,outputs\diagnostics\design_c\c2v\scene_checkpoints\primary\S1B_IW_GRDH_1SDV_20170727T052623_20170727T052648_006669_00BBB5_3E29_COG.csv.gz,True,,2017,2017-07-27,descending,168,sentinel-1b,2585,False,1,True,2585,0,2585,0,0,472,2113,2585,0,0,471,2114
S1B_IW_GRDH_1SDV_20170728T171348_20170728T171413_006691_00BC4A_B8C1_COG,outputs\diagnostics\design_c\c2v\scene_checkpoints\primary\S1B_IW_GRDH_1SDV_20170728T171348_20170728T171413_006691_00BC4A_B8C1_COG.csv.gz,True,,2017,2017-07-28,ascending,15,sentinel-1b,1298,False,1,True,1298,0,1298,0,0,0,1298,1298,0,0,0,1298
S1B_IW_GRDH_1SDV_20170728T171413_20170728T171438_006691_00BC4A_EFCD_COG,outputs\diagnostics\design_c\c2v\scene_checkpoints\primary\S1B_IW_GRDH_1SDV_20170728T171413_20170728T171438_006691_00BC4A_EFCD_COG.csv.gz,True,,2017,2017-07-28,ascending,15,sentinel-1b,3033,False,1,True,3033,0,3033,0,0,0,3033,3033,0,0,1,3032
S1B_IW_GRDH_1SDV_20170801T053436_20170801T053501_006742_00BDCE_D0CB_COG,outputs\diagnostics\design_c\c2v\scene_checkpoints\primary\S1B_IW_GRDH_1SDV_20170801T053436_20170801T053501_006742_00BDCE_D0CB_COG.csv.gz,True,,2017,2017-08-01,descending,66,sentinel-1b,4331,False,1,True,4331,0,4331,0,0,0,4331,4331,0,0,1,4330
S1A_IW_GRDH_1SDV_20170802T052658_20170802T052723_017740_01DB70_61FC_COG,outputs\diagnostics\design_c\c2v\scene_checkpoints\primary\S1A_IW_GRDH_1SDV_20170802T052658_20170802T052723_017740_01DB70_61FC_COG.csv.gz,True,,2017,2017-08-02,descending,168,sentinel-1a,631,False,1,True,631,0,631,0,0,147,484,631,0,0,147,484
S1A_IW_GRDH_1SDV_20170802T052723_20170802T052748_017740_01DB70_E9BB_COG,outputs\diagnostics\design_c\c2v\scene_checkpoints\primary\S1A_IW_GRDH_1SDV_20170802T052723_20170802T052748_017740_01DB70_E9BB_COG.csv.gz,True,,2017,2017-08-02,descending,168,sentinel-1a,1986,False,1,True,1986,0,1986,0,0,355,1631,1986,0,0,358,1628
S1A_IW_GRDH_1SDV_20170803T171427_20170803T171452_017762_01DC14_7495_COG,outputs\diagnostics\design_c\c2v\scene_checkpoints\primary\S1A_IW_GRDH_1SDV_20170803T171427_20170803T171452_017762_01DC14_7495_COG.csv.gz,True,,2017,2017-08-03,ascending,15,sentinel-1a,0,True,0,True,0,0,0,0,0,0,0,0,0,0,0,0
S1A_IW_GRDH_1SDV_20170803T171452_20170803T171517_017762_01DC14_02FE_COG,outputs\diagnostics\design_c\c2v\scene_checkpoints\primary\S1A_IW_GRDH_1SDV_20170803T171452_20170803T171517_017762_01DC14_02FE_COG.csv.gz,True,,2017,2017-08-03,ascending,15,sentinel-1a,4331,False,1,True,4331,0,4331,0,0,0,4331,4331,0,0,3,4328
S1A_IW_GRDH_1SDV_20170807T053511_20170807T053536_017813_01DDB3_889A_COG,outputs\diagnostics\design_c\c2v\scene_checkpoints\primary\S1A_IW_GRDH_1SDV_20170807T053511_20170807T053536_017813_01DDB3_889A_COG.csv.gz,True,,2017,2017-08-07,descending,66,sentinel-1a,3329,False,1,True,3329,0,3329,0,0,0,3329,3329,0,0,8,3321
S1A_IW_GRDH_1SDV_20170807T053536_20170807T053601_017813_01DDB3_F8F8_COG,outputs\diagnostics\design_c\c2v\scene_checkpoints\primary\S1A_IW_GRDH_1SDV_20170807T053536_20170807T053601_017813_01DDB3_F8F8_COG.csv.gz,True,,2017,2017-08-07,descending,66,sentinel-1a,1002,False,1,True,1002,0,1002,0,0,0,1002,1002,0,0,1,1001
S1A_IW_GRDH_1SDV_20170808T172250_20170808T172315_017835_01DE5F_4AA6_COG,outputs\diagnostics\design_c\c2v\scene_checkpoints\primary\S1A_IW_GRDH_1SDV_20170808T172250_20170808T172315_017835_01DE5F_4AA6_COG.csv.gz,True,,2017,2017-08-08,ascending,88,sentinel-1a,3873,False,1,True,3873,0,3873,0,0,160,3713,3873,0,0,160,3713
S1A_IW_GRDH_1SDV_20170808T172315_20170808T172340_017835_01DE5F_5D03_COG,outputs\diagnostics\design_c\c2v\scene_checkpoints\primary\S1A_IW_GRDH_1SDV_20170808T172315_20170808T172340_017835_01DE5F_5D03_COG.csv.gz,True,,2017,2017-08-08,ascending,88,sentinel-1a,0,True,0,True,0,0,0,0,0,0,0,0,0,0,0,0
S1B_IW_GRDH_1SDV_20170808T052624_20170808T052649_006844_00C0C1_3857_COG,outputs\diagnostics\design_c\c2v\scene_checkpoints\primary\S1B_IW_GRDH_1SDV_20170808T052624_20170808T052649_006844_00C0C1_3857_COG.csv.gz,True,,2017,2017-08-08,descending,168,sentinel-1b,2590,False,1,True,2590,0,2590,0,0,473,2117,2590,0,0,473,2117
S1B_IW_GRDH_1SDV_20170809T171349_20170809T171414_006866_00C15B_2911_COG,outputs\diagnostics\design_c\c2v\scene_checkpoints\primary\S1B_IW_GRDH_1SDV_20170809T171349_20170809T171414_006866_00C15B_2911_COG.csv.gz,True,,2017,2017-08-09,ascending,15,sentinel-1b,1295,False,1,True,1295,0,1295,0,0,0,1295,1295,0,0,1,1294
S1B_IW_GRDH_1SDV_20170809T171414_20170809T171439_006866_00C15B_1345_COG,outputs\diagnostics\design_c\c2v\scene_checkpoints\primary\S1B_IW_GRDH_1SDV_20170809T171414_20170809T171439_006866_00C15B_1345_COG.csv.gz,True,,2017,2017-08-09,ascending,15,sentinel-1b,3036,False,1,True,3036,0,3036,0,0,0,3036,3036,0,0,0,3036
S1B_IW_GRDH_1SDV_20170813T053437_20170813T053502_006917_00C2E7_ED72_COG,outputs\diagnostics\design_c\c2v\scene_checkpoints\primary\S1B_IW_GRDH_1SDV_20170813T053437_20170813T053502_006917_00C2E7_ED72_COG.csv.gz,True,,2017,2017-08-13,descending,66,sentinel-1b,4331,False,1,True,4331,0,4331,0,0,0,4331,4331,0,0,0,4331
S1B_IW_GRDH_1SDV_20170814T172201_20170814T172226_006939_00C38A_09EB_COG,outputs\diagnostics\design_c\c2v\scene_checkpoints\primary\S1B_IW_GRDH_1SDV_20170814T172201_20170814T172226_006939_00C38A_09EB_COG.csv.gz,True,,2017,2017-08-14,ascending,88,sentinel-1b,2135,False,1,True,2135,0,2135,0,0,138,1997,2135,0,0,138,1997
S1B_IW_GRDH_1SDV_20170814T172226_20170814T172251_006939_00C38A_47FE_COG,outputs\diagnostics\design_c\c2v\scene_checkpoints\primary\S1B_IW_GRDH_1SDV_20170814T172226_20170814T172251_006939_00C38A_47FE_COG.csv.gz,True,,2017,2017-08-14,ascending,88,sentinel-1b,1737,False,1,True,1737,0,1737,0,0,21,1716,1737,0,0,21,1716
S1A_IW_GRDH_1SDV_20170814T052658_20170814T052723_017915_01E0C1_5C23_COG,outputs\diagnostics\design_c\c2v\scene_checkpoints\primary\S1A_IW_GRDH_1SDV_20170814T052658_20170814T052723_017915_01E0C1_5C23_COG.csv.gz,True,,2017,2017-08-14,descending,168,sentinel-1a,628,False,1,True,628,0,628,0,0,146,482,628,0,0,145,483
S1A_IW_GRDH_1SDV_20170814T052723_20170814T052748_017915_01E0C1_6CF2_COG,outputs\diagnostics\design_c\c2v\scene_checkpoints\primary\S1A_IW_GRDH_1SDV_20170814T052723_20170814T052748_017915_01E0C1_6CF2_COG.csv.gz,True,,2017,2017-08-14,descending,168,sentinel-1a,1985,False,1,True,1985,0,1985,0,0,355,1630,1985,0,0,357,1628
S1A_IW_GRDH_1SDV_20170815T171427_20170815T171452_017937_01E169_6C8B_COG,outputs\diagnostics\design_c\c2v\scene_checkpoints\primary\S1A_IW_GRDH_1SDV_20170815T171427_20170815T171452_017937_01E169_6C8B_COG.csv.gz,True,,2017,2017-08-15,ascending,15,sentinel-1a,0,True,0,True,0,0,0,0,0,0,0,0,0,0,0,0
S1A_IW_GRDH_1SDV_20170815T171452_20170815T171517_017937_01E169_63E3_COG,outputs\diagnostics\design_c\c2v\scene_checkpoints\primary\S1A_IW_GRDH_1SDV_20170815T171452_20170815T171517_017937_01E169_63E3_COG.csv.gz,True,,2017,2017-08-15,ascending,15,sentinel-1a,4331,False,1,True,4331,0,4331,0,0,0,4331,4331,0,0,6,4325
S1A_IW_GRDH_1SDV_20170819T053511_20170819T053536_017988_01E302_41EC_COG,outputs\diagnostics\design_c\c2v\scene_checkpoints\primary\S1A_IW_GRDH_1SDV_20170819T053511_20170819T053536_017988_01E302_41EC_COG.csv.gz,True,,2017,2017-08-19,descending,66,sentinel-1a,3329,False,1,True,3329,0,3329,0,0,1,3328,3329,0,0,2,3327
S1A_IW_GRDH_1SDV_20170819T053536_20170819T053601_017988_01E302_4282_COG,outputs\diagnostics\design_c\c2v\scene_checkpoints\primary\S1A_IW_GRDH_1SDV_20170819T053536_20170819T053601_017988_01E302_4282_COG.csv.gz,True,,2017,2017-08-19,descending,66,sentinel-1a,1002,False,1,True,1002,0,1002,0,0,0,1002,1002,0,0,0,1002
S1A_IW_GRDH_1SDV_20170820T172251_20170820T172316_018010_01E3AA_B273_COG,outputs\diagnostics\design_c\c2v\scene_checkpoints\primary\S1A_IW_GRDH_1SDV_20170820T172251_20170820T172316_018010_01E3AA_B273_COG.csv.gz,True,,2017,2017-08-20,ascending,88,sentinel-1a,3871,False,1,True,3871,0,3871,0,0,159,3712,3871,0,0,159,3712
S1A_IW_GRDH_1SDV_20170820T172316_20170820T172341_018010_01E3AA_3FDA_COG,outputs\diagnostics\design_c\c2v\scene_checkpoints\primary\S1A_IW_GRDH_1SDV_20170820T172316_20170820T172341_018010_01E3AA_3FDA_COG.csv.gz,True,,2017,2017-08-20,ascending,88,sentinel-1a,0,True,0,True,0,0,0,0,0,0,0,0,0,0,0,0
S1B_IW_GRDH_1SDV_20170820T052625_20170820T052650_007019_00C5DD_0BEE_COG,outputs\diagnostics\design_c\c2v\scene_checkpoints\primary\S1B_IW_GRDH_1SDV_20170820T052625_20170820T052650_007019_00C5DD_0BEE_COG.csv.gz,True,,2017,2017-08-20,descending,168,sentinel-1b,2584,False,1,True,2584,0,2584,0,0,471,2113,2584,0,0,471,2113
S1B_IW_GRDH_1SDV_20170821T171349_20170821T171414_007041_00C672_392E_COG,outputs\diagnostics\design_c\c2v\scene_checkpoints\primary\S1B_IW_GRDH_1SDV_20170821T171349_20170821T171414_007041_00C672_392E_COG.csv.gz,True,,2017,2017-08-21,ascending,15,sentinel-1b,1295,False,1,True,1295,0,1295,0,0,0,1295,1295,0,0,0,1295
S1B_IW_GRDH_1SDV_20170821T171414_20170821T171439_007041_00C672_9E1D_COG,outputs\diagnostics\design_c\c2v\scene_checkpoints\primary\S1B_IW_GRDH_1SDV_20170821T171414_20170821T171439_007041_00C672_9E1D_COG.csv.gz,True,,2017,2017-08-21,ascending,15,sentinel-1b,3036,False,1,True,3036,0,3036,0,0,0,3036,3036,0,0,2,3034
S1B_IW_GRDH_1SDV_20170825T053438_20170825T053503_007092_00C7F7_31B6_COG,outputs\diagnostics\design_c\c2v\scene_checkpoints\primary\S1B_IW_GRDH_1SDV_20170825T053438_20170825T053503_007092_00C7F7_31B6_COG.csv.gz,True,,2017,2017-08-25,descending,66,sentinel-1b,4331,False,1,True,4331,0,4331,0,0,0,4331,4331,0,0,2,4329
S1B_IW_GRDH_1SDV_20170826T172201_20170826T172226_007114_00C898_C8B1_COG,outputs\diagnostics\design_c\c2v\scene_checkpoints\primary\S1B_IW_GRDH_1SDV_20170826T172201_20170826T172226_007114_00C898_C8B1_COG.csv.gz,True,,2017,2017-08-26,ascending,88,sentinel-1b,2139,False,1,True,2139,0,2139,0,0,139,2000,2139,0,0,139,2000
S1B_IW_GRDH_1SDV_20170826T172226_20170826T172251_007114_00C898_797A_COG,outputs\diagnostics\design_c\c2v\scene_checkpoints\primary\S1B_IW_GRDH_1SDV_20170826T172226_20170826T172251_007114_00C898_797A_COG.csv.gz,True,,2017,2017-08-26,ascending,88,sentinel-1b,1736,False,1,True,1736,0,1736,0,0,22,1714,1736,0,0,22,1714
S1A_IW_GRDH_1SDV_20170826T052659_20170826T052724_018090_01E60E_746B_COG,outputs\diagnostics\design_c\c2v\scene_checkpoints\primary\S1A_IW_GRDH_1SDV_20170826T052659_20170826T052724_018090_01E60E_746B_COG.csv.gz,True,,2017,2017-08-26,descending,168,sentinel-1a,629,False,1,True,629,0,629,0,0,146,483,629,0,0,146,483
S1A_IW_GRDH_1SDV_20170826T052724_20170826T052749_018090_01E60E_BF32_COG,outputs\diagnostics\design_c\c2v\scene_checkpoints\primary\S1A_IW_GRDH_1SDV_20170826T052724_20170826T052749_018090_01E60E_BF32_COG.csv.gz,True,,2017,2017-08-26,descending,168,sentinel-1a,1986,False,1,True,1986,0,1986,0,0,356,1630,1986,0,0,356,1630
S1A_IW_GRDH_1SDV_20170827T171428_20170827T171453_018112_01E6B4_D554_COG,outputs\diagnostics\design_c\c2v\scene_checkpoints\primary\S1A_IW_GRDH_1SDV_20170827T171428_20170827T171453_018112_01E6B4_D554_COG.csv.gz,True,,2017,2017-08-27,ascending,15,sentinel-1a,0,True,0,True,0,0,0,0,0,0,0,0,0,0,0,0
S1A_IW_GRDH_1SDV_20170827T171453_20170827T171518_018112_01E6B4_43B2_COG,outputs\diagnostics\design_c\c2v\scene_checkpoints\primary\S1A_IW_GRDH_1SDV_20170827T171453_20170827T171518_018112_01E6B4_43B2_COG.csv.gz,True,,2017,2017-08-27,ascending,15,sentinel-1a,4331,False,1,True,4331,0,4331,0,0,0,4331,4331,0,0,4,4327
S1A_IW_GRDH_1SDV_20170831T053512_20170831T053537_018163_01E845_5E8A_COG,outputs\diagnostics\design_c\c2v\scene_checkpoints\primary\S1A_IW_GRDH_1SDV_20170831T053512_20170831T053537_018163_01E845_5E8A_COG.csv.gz,True,,2017,2017-08-31,descending,66,sentinel-1a,3326,False,1,True,3326,0,3326,0,0,0,3326,3326,0,0,6,3320
S1A_IW_GRDH_1SDV_20170831T053537_20170831T053602_018163_01E845_68C0_COG,outputs\diagnostics\design_c\c2v\scene_checkpoints\primary\S1A_IW_GRDH_1SDV_20170831T053537_20170831T053602_018163_01E845_68C0_COG.csv.gz,True,,2017,2017-08-31,descending,66,sentinel-1a,1005,False,1,True,1005,0,1005,0,0,0,1005,1005,0,0,3,1002
S1A_IW_GRDH_1SDV_20170901T172251_20170901T172316_018185_01E8EE_13BB_COG,outputs\diagnostics\design_c\c2v\scene_checkpoints\primary\S1A_IW_GRDH_1SDV_20170901T172251_20170901T172316_018185_01E8EE_13BB_COG.csv.gz,True,,2017,2017-09-01,ascending,88,sentinel-1a,3870,False,1,True,3870,0,3870,0,0,160,3710,3870,0,0,162,3708
S1A_IW_GRDH_1SDV_20170901T172316_20170901T172341_018185_01E8EE_3872_COG,outputs\diagnostics\design_c\c2v\scene_checkpoints\primary\S1A_IW_GRDH_1SDV_20170901T172316_20170901T172341_018185_01E8EE_3872_COG.csv.gz,True,,2017,2017-09-01,ascending,88,sentinel-1a,0,True,0,True,0,0,0,0,0,0,0,0,0,0,0,0
S1B_IW_GRDH_1SDV_20170901T052625_20170901T052650_007194_00CAE9_DE05_COG,outputs\diagnostics\design_c\c2v\scene_checkpoints\primary\S1B_IW_GRDH_1SDV_20170901T052625_20170901T052650_007194_00CAE9_DE05_COG.csv.gz,True,,2017,2017-09-01,descending,168,sentinel-1b,2583,False,1,True,2583,0,2583,0,0,470,2113,2583,0,0,470,2113
S1B_IW_GRDH_1SDV_20170902T171350_20170902T171415_007216_00CB83_7FAA_COG,outputs\diagnostics\design_c\c2v\scene_checkpoints\primary\S1B_IW_GRDH_1SDV_20170902T171350_20170902T171415_007216_00CB83_7FAA_COG.csv.gz,True,,2017,2017-09-02,ascending,15,sentinel-1b,1298,False,1,True,1298,0,1298,0,0,0,1298,1298,0,0,0,1298
S1B_IW_GRDH_1SDV_20170902T171415_20170902T171440_007216_00CB83_4090_COG,outputs\diagnostics\design_c\c2v\scene_checkpoints\primary\S1B_IW_GRDH_1SDV_20170902T171415_20170902T171440_007216_00CB83_4090_COG.csv.gz,True,,2017,2017-09-02,ascending,15,sentinel-1b,3033,False,1,True,3033,0,3033,0,0,0,3033,3033,0,0,0,3033
S1B_IW_GRDH_1SDV_20170906T053438_20170906T053503_007267_00CD0C_DE81_COG,outputs\diagnostics\design_c\c2v\scene_checkpoints\primary\S1B_IW_GRDH_1SDV_20170906T053438_20170906T053503_007267_00CD0C_DE81_COG.csv.gz,True,,2017,2017-09-06,descending,66,sentinel-1b,4331,False,1,True,4331,0,4331,0,0,0,4331,4331,0,0,1,4330
S1B_IW_GRDH_1SDV_20170907T172202_20170907T172227_007289_00CDAE_4BF3_COG,outputs\diagnostics\design_c\c2v\scene_checkpoints\primary\S1B_IW_GRDH_1SDV_20170907T172202_20170907T172227_007289_00CDAE_4BF3_COG.csv.gz,True,,2017,2017-09-07,ascending,88,sentinel-1b,2140,False,1,True,2140,0,2140,0,0,140,2000,2140,0,0,141,1999
S1B_IW_GRDH_1SDV_20170907T172227_20170907T172252_007289_00CDAE_2F63_COG,outputs\diagnostics\design_c\c2v\scene_checkpoints\primary\S1B_IW_GRDH_1SDV_20170907T172227_20170907T172252_007289_00CDAE_2F63_COG.csv.gz,True,,2017,2017-09-07,ascending,88,sentinel-1b,1739,False,1,True,1739,0,1739,0,0,22,1717,1739,0,0,22,1717
S1A_IW_GRDH_1SDV_20170907T052659_20170907T052724_018265_01EB5E_C84A_COG,outputs\diagnostics\design_c\c2v\scene_checkpoints\primary\S1A_IW_GRDH_1SDV_20170907T052659_20170907T052724_018265_01EB5E_C84A_COG.csv.gz,True,,2017,2017-09-07,descending,168,sentinel-1a,628,False,1,True,628,0,628,0,0,146,482,628,0,0,146,482
S1A_IW_GRDH_1SDV_20170907T052724_20170907T052749_018265_01EB5E_E60C_COG,outputs\diagnostics\design_c\c2v\scene_checkpoints\primary\S1A_IW_GRDH_1SDV_20170907T052724_20170907T052749_018265_01EB5E_E60C_COG.csv.gz,True,,2017,2017-09-07,descending,168,sentinel-1a,1988,False,1,True,1988,0,1988,0,0,356,1632,1988,0,0,357,1631
S1A_IW_GRDH_1SDV_20170908T171428_20170908T171453_018287_01EC0B_17D6_COG,outputs\diagnostics\design_c\c2v\scene_checkpoints\primary\S1A_IW_GRDH_1SDV_20170908T171428_20170908T171453_018287_01EC0B_17D6_COG.csv.gz,True,,2017,2017-09-08,ascending,15,sentinel-1a,0,True,0,True,0,0,0,0,0,0,0,0,0,0,0,0
S1A_IW_GRDH_1SDV_20170908T171453_20170908T171518_018287_01EC0B_A1AF_COG,outputs\diagnostics\design_c\c2v\scene_checkpoints\primary\S1A_IW_GRDH_1SDV_20170908T171453_20170908T171518_018287_01EC0B_A1AF_COG.csv.gz,True,,2017,2017-09-08,ascending,15,sentinel-1a,4331,False,1,True,4331,0,4331,0,0,0,4331,4331,0,0,9,4322
S1A_IW_GRDH_1SDV_20170912T053512_20170912T053537_018338_01EDBF_2E39_COG,outputs\diagnostics\design_c\c2v\scene_checkpoints\primary\S1A_IW_GRDH_1SDV_20170912T053512_20170912T053537_018338_01EDBF_2E39_COG.csv.gz,True,,2017,2017-09-12,descending,66,sentinel-1a,3324,False,1,True,3324,0,3324,0,0,0,3324,3324,0,0,1,3323
S1A_IW_GRDH_1SDV_20170912T053537_20170912T053602_018338_01EDBF_BF65_COG,outputs\diagnostics\design_c\c2v\scene_checkpoints\primary\S1A_IW_GRDH_1SDV_20170912T053537_20170912T053602_018338_01EDBF_BF65_COG.csv.gz,True,,2017,2017-09-12,descending,66,sentinel-1a,1007,False,1,True,1007,0,1007,0,0,0,1007,1007,0,0,0,1007
S1A_IW_GRDH_1SDV_20170913T172251_20170913T172316_018360_01EE65_B413_COG,outputs\diagnostics\design_c\c2v\scene_checkpoints\primary\S1A_IW_GRDH_1SDV_20170913T172251_20170913T172316_018360_01EE65_B413_COG.csv.gz,True,,2017,2017-09-13,ascending,88,sentinel-1a,3868,False,1,True,3868,0,3868,0,0,160,3708,3868,0,0,160,3708
S1A_IW_GRDH_1SDV_20170913T172316_20170913T172341_018360_01EE65_BA31_COG,outputs\diagnostics\design_c\c2v\scene_checkpoints\primary\S1A_IW_GRDH_1SDV_20170913T172316_20170913T172341_018360_01EE65_BA31_COG.csv.gz,True,,2017,2017-09-13,ascending,88,sentinel-1a,0,True,0,True,0,0,0,0,0,0,0,0,0,0,0,0
S1B_IW_GRDH_1SDV_20170913T052626_20170913T052651_007369_00D00E_361E_COG,outputs\diagnostics\design_c\c2v\scene_checkpoints\primary\S1B_IW_GRDH_1SDV_20170913T052626_20170913T052651_007369_00D00E_361E_COG.csv.gz,True,,2017,2017-09-13,descending,168,sentinel-1b,2581,False,1,True,2581,0,2581,0,0,470,2111,2581,0,0,470,2111
S1B_IW_GRDH_1SDV_20170914T171351_20170914T171416_007391_00D0A7_186C_COG,outputs\diagnostics\design_c\c2v\scene_checkpoints\primary\S1B_IW_GRDH_1SDV_20170914T171351_20170914T171416_007391_00D0A7_186C_COG.csv.gz,True,,2017,2017-09-14,ascending,15,sentinel-1b,1298,False,1,True,1298,0,1298,0,0,0,1298,1298,0,0,0,1298
S1B_IW_GRDH_1SDV_20170914T171416_20170914T171441_007391_00D0A7_068B_COG,outputs\diagnostics\design_c\c2v\scene_checkpoints\primary\S1B_IW_GRDH_1SDV_20170914T171416_20170914T171441_007391_00D0A7_068B_COG.csv.gz,True,,2017,2017-09-14,ascending,15,sentinel-1b,3033,False,1,True,3033,0,3033,0,0,0,3033,3033,0,0,0,3033
S1B_IW_GRDH_1SDV_20170918T053439_20170918T053504_007442_00D231_7084_COG,outputs\diagnostics\design_c\c2v\scene_checkpoints\primary\S1B_IW_GRDH_1SDV_20170918T053439_20170918T053504_007442_00D231_7084_COG.csv.gz,True,,2017,2017-09-18,descending,66,sentinel-1b,4331,False,1,True,4331,0,4331,0,0,0,4331,4331,0,0,0,4331
S1B_IW_GRDH_1SDV_20170919T172202_20170919T172227_007464_00D2CF_1010_COG,outputs\diagnostics\design_c\c2v\scene_checkpoints\primary\S1B_IW_GRDH_1SDV_20170919T172202_20170919T172227_007464_00D2CF_1010_COG.csv.gz,True,,2017,2017-09-19,ascending,88,sentinel-1b,2137,False,1,True,2137,0,2137,0,0,139,1998,2137,0,0,139,1998
S1B_IW_GRDH_1SDV_20170919T172227_20170919T172252_007464_00D2CF_7623_COG,outputs\diagnostics\design_c\c2v\scene_checkpoints\primary\S1B_IW_GRDH_1SDV_20170919T172227_20170919T172252_007464_00D2CF_7623_COG.csv.gz,True,,2017,2017-09-19,ascending,88,sentinel-1b,1738,False,1,True,1738,0,1738,0,0,22,1716,1738,0,0,22,1716
S1A_IW_GRDH_1SDV_20170919T052700_20170919T052725_018440_01F0C7_C809_COG,outputs\diagnostics\design_c\c2v\scene_checkpoints\primary\S1A_IW_GRDH_1SDV_20170919T052700_20170919T052725_018440_01F0C7_C809_COG.csv.gz,True,,2017,2017-09-19,descending,168,sentinel-1a,629,False,1,True,629,0,629,0,0,147,482,629,0,0,147,482
S1A_IW_GRDH_1SDV_20170919T052725_20170919T052750_018440_01F0C7_A52E_COG,outputs\diagnostics\design_c\c2v\scene_checkpoints\primary\S1A_IW_GRDH_1SDV_20170919T052725_20170919T052750_018440_01F0C7_A52E_COG.csv.gz,True,,2017,2017-09-19,descending,168,sentinel-1a,1988,False,1,True,1988,0,1988,0,0,355,1633,1988,0,0,355,1633
S1A_IW_GRDH_1SDV_20170920T171429_20170920T171454_018462_01F16D_8152_COG,outputs\diagnostics\design_c\c2v\scene_checkpoints\primary\S1A_IW_GRDH_1SDV_20170920T171429_20170920T171454_018462_01F16D_8152_COG.csv.gz,True,,2017,2017-09-20,ascending,15,sentinel-1a,0,True,0,True,0,0,0,0,0,0,0,0,0,0,0,0
S1A_IW_GRDH_1SDV_20170920T171454_20170920T171519_018462_01F16D_D91C_COG,outputs\diagnostics\design_c\c2v\scene_checkpoints\primary\S1A_IW_GRDH_1SDV_20170920T171454_20170920T171519_018462_01F16D_D91C_COG.csv.gz,True,,2017,2017-09-20,ascending,15,sentinel-1a,4331,False,1,True,4331,0,4331,0,0,0,4331,4331,0,0,8,4323
S1A_IW_GRDH_1SDV_20170924T053512_20170924T053537_018513_01F31D_D313_COG,outputs\diagnostics\design_c\c2v\scene_checkpoints\primary\S1A_IW_GRDH_1SDV_20170924T053512_20170924T053537_018513_01F31D_D313_COG.csv.gz,True,,2017,2017-09-24,descending,66,sentinel-1a,3326,False,1,True,3326,0,3326,0,0,0,3326,3326,0,0,1,3325
S1A_IW_GRDH_1SDV_20170924T053537_20170924T053602_018513_01F31D_2461_COG,outputs\diagnostics\design_c\c2v\scene_checkpoints\primary\S1A_IW_GRDH_1SDV_20170924T053537_20170924T053602_018513_01F31D_2461_COG.csv.gz,True,,2017,2017-09-24,descending,66,sentinel-1a,1005,False,1,True,1005,0,1005,0,0,0,1005,1005,0,0,0,1005
S1A_IW_GRDH_1SDV_20170925T172252_20170925T172317_018535_01F3C8_FE45_COG,outputs\diagnostics\design_c\c2v\scene_checkpoints\primary\S1A_IW_GRDH_1SDV_20170925T172252_20170925T172317_018535_01F3C8_FE45_COG.csv.gz,True,,2017,2017-09-25,ascending,88,sentinel-1a,3868,False,1,True,3868,0,3868,0,0,160,3708,3868,0,0,161,3707
S1A_IW_GRDH_1SDV_20170925T172317_20170925T172342_018535_01F3C8_1AEB_COG,outputs\diagnostics\design_c\c2v\scene_checkpoints\primary\S1A_IW_GRDH_1SDV_20170925T172317_20170925T172342_018535_01F3C8_1AEB_COG.csv.gz,True,,2017,2017-09-25,ascending,88,sentinel-1a,0,True,0,True,0,0,0,0,0,0,0,0,0,0,0,0
S1B_IW_GRDH_1SDV_20170925T052626_20170925T052651_007544_00D51A_0876_COG,outputs\diagnostics\design_c\c2v\scene_checkpoints\primary\S1B_IW_GRDH_1SDV_20170925T052626_20170925T052651_007544_00D51A_0876_COG.csv.gz,True,,2017,2017-09-25,descending,168,sentinel-1b,2584,False,1,True,2584,0,2584,0,0,471,2113,2584,0,0,471,2113
S1B_IW_GRDH_1SDV_20170926T171351_20170926T171416_007566_00D5B3_7836_COG,outputs\diagnostics\design_c\c2v\scene_checkpoints\primary\S1B_IW_GRDH_1SDV_20170926T171351_20170926T171416_007566_00D5B3_7836_COG.csv.gz,True,,2017,2017-09-26,ascending,15,sentinel-1b,1299,False,1,True,1299,0,1299,0,0,0,1299,1299,0,0,0,1299
S1B_IW_GRDH_1SDV_20170926T171416_20170926T171441_007566_00D5B3_00C1_COG,outputs\diagnostics\design_c\c2v\scene_checkpoints\primary\S1B_IW_GRDH_1SDV_20170926T171416_20170926T171441_007566_00D5B3_00C1_COG.csv.gz,True,,2017,2017-09-26,ascending,15,sentinel-1b,3031,False,1,True,3031,0,3031,0,0,0,3031,3031,0,0,1,3030
S1B_IW_GRDH_1SDV_20170930T053439_20170930T053504_007617_00D737_5037_COG,outputs\diagnostics\design_c\c2v\scene_checkpoints\primary\S1B_IW_GRDH_1SDV_20170930T053439_20170930T053504_007617_00D737_5037_COG.csv.gz,True,,2017,2017-09-30,descending,66,sentinel-1b,4331,False,1,True,4331,0,4331,0,0,0,4331,4331,0,0,3,4328
S1A_IW_GRDH_1SDV_20180404T053510_20180404T053535_021313_024ACD_C5AD_COG,outputs\diagnostics\design_c\c2v\scene_checkpoints\primary\S1A_IW_GRDH_1SDV_20180404T053510_20180404T053535_021313_024ACD_C5AD_COG.csv.gz,True,,2018,2018-04-04,descending,66,sentinel-1a,3324,False,1,True,3324,0,3324,0,0,0,3324,3324,0,0,10,3314
S1A_IW_GRDH_1SDV_20180404T053535_20180404T053600_021313_024ACD_D649_COG,outputs\diagnostics\design_c\c2v\scene_checkpoints\primary\S1A_IW_GRDH_1SDV_20180404T053535_20180404T053600_021313_024ACD_D649_COG.csv.gz,True,,2018,2018-04-04,descending,66,sentinel-1a,1007,False,1,True,1007,0,1007,0,0,0,1007,1007,0,0,7,1000
S1A_IW_GRDH_1SDV_20180405T172249_20180405T172314_021335_024B73_6B79_COG,outputs\diagnostics\design_c\c2v\scene_checkpoints\primary\S1A_IW_GRDH_1SDV_20180405T172249_20180405T172314_021335_024B73_6B79_COG.csv.gz,True,,2018,2018-04-05,ascending,88,sentinel-1a,3868,False,1,True,3868,0,3868,0,0,162,3706,3868,0,0,169,3699
S1A_IW_GRDH_1SDV_20180405T172314_20180405T172339_021335_024B73_8FE1_COG,outputs\diagnostics\design_c\c2v\scene_checkpoints\primary\S1A_IW_GRDH_1SDV_20180405T172314_20180405T172339_021335_024B73_8FE1_COG.csv.gz,True,,2018,2018-04-05,ascending,88,sentinel-1a,0,True,0,True,0,0,0,0,0,0,0,0,0,0,0,0
S1B_IW_GRDH_1SDV_20180405T052627_20180405T052652_010344_012D43_55F6_COG,outputs\diagnostics\design_c\c2v\scene_checkpoints\primary\S1B_IW_GRDH_1SDV_20180405T052627_20180405T052652_010344_012D43_55F6_COG.csv.gz,True,,2018,2018-04-05,descending,168,sentinel-1b,2300,False,1,True,2300,0,2300,0,0,198,2102,2300,0,0,202,2098
S1B_IW_GRDH_1SDV_20180406T171349_20180406T171414_010366_012DF5_4405_COG,outputs\diagnostics\design_c\c2v\scene_checkpoints\primary\S1B_IW_GRDH_1SDV_20180406T171349_20180406T171414_010366_012DF5_4405_COG.csv.gz,True,,2018,2018-04-06,ascending,15,sentinel-1b,1295,False,1,True,1295,0,1295,0,0,0,1295,1295,0,0,13,1282
S1B_IW_GRDH_1SDV_20180406T171414_20180406T171439_010366_012DF5_C61C_COG,outputs\diagnostics\design_c\c2v\scene_checkpoints\primary\S1B_IW_GRDH_1SDV_20180406T171414_20180406T171439_010366_012DF5_C61C_COG.csv.gz,True,,2018,2018-04-06,ascending,15,sentinel-1b,3036,False,1,True,3036,0,3036,0,0,2,3034,3036,0,0,21,3015
S1B_IW_GRDH_1SDV_20180410T053432_20180410T053457_010417_012F98_2CFD_COG,outputs\diagnostics\design_c\c2v\scene_checkpoints\primary\S1B_IW_GRDH_1SDV_20180410T053432_20180410T053457_010417_012F98_2CFD_COG.csv.gz,True,,2018,2018-04-10,descending,66,sentinel-1b,4331,False,1,True,4331,0,4331,0,0,1,4330,4331,0,0,14,4317
S1B_IW_GRDH_1SDV_20180410T053457_20180410T053522_010417_012F98_80DB_COG,outputs\diagnostics\design_c\c2v\scene_checkpoints\primary\S1B_IW_GRDH_1SDV_20180410T053457_20180410T053522_010417_012F98_80DB_COG.csv.gz,True,,2018,2018-04-10,descending,66,sentinel-1b,0,True,0,True,0,0,0,0,0,0,0,0,0,0,0,0
S1B_IW_GRDH_1SDV_20180411T172201_20180411T172226_010439_01304B_3CF3_COG,outputs\diagnostics\design_c\c2v\scene_checkpoints\primary\S1B_IW_GRDH_1SDV_20180411T172201_20180411T172226_010439_01304B_3CF3_COG.csv.gz,True,,2018,2018-04-11,ascending,88,sentinel-1b,2130,False,1,True,2130,0,2130,0,0,142,1988,2130,0,0,142,1988
S1B_IW_GRDH_1SDV_20180411T172226_20180411T172251_010439_01304B_5B06_COG,outputs\diagnostics\design_c\c2v\scene_checkpoints\primary\S1B_IW_GRDH_1SDV_20180411T172226_20180411T172251_010439_01304B_5B06_COG.csv.gz,True,,2018,2018-04-11,ascending,88,sentinel-1b,1741,False,1,True,1741,0,1741,0,0,22,1719,1741,0,0,25,1716
S1A_IW_GRDH_1SDV_20180411T052658_20180411T052723_021415_024DEE_7135_COG,outputs\diagnostics\design_c\c2v\scene_checkpoints\primary\S1A_IW_GRDH_1SDV_20180411T052658_20180411T052723_021415_024DEE_7135_COG.csv.gz,True,,2018,2018-04-11,descending,168,sentinel-1a,630,False,1,True,630,0,630,0,0,150,480,630,0,0,158,472
S1A_IW_GRDH_1SDV_20180411T052723_20180411T052748_021415_024DEE_ACD7_COG,outputs\diagnostics\design_c\c2v\scene_checkpoints\primary\S1A_IW_GRDH_1SDV_20180411T052723_20180411T052748_021415_024DEE_ACD7_COG.csv.gz,True,,2018,2018-04-11,descending,168,sentinel-1a,1987,False,1,True,1987,0,1987,0,0,362,1625,1987,0,0,369,1618
S1A_IW_GRDH_1SDV_20180412T171443_20180412T171508_021437_024E95_AD2F_COG,outputs\diagnostics\design_c\c2v\scene_checkpoints\primary\S1A_IW_GRDH_1SDV_20180412T171443_20180412T171508_021437_024E95_AD2F_COG.csv.gz,True,,2018,2018-04-12,ascending,15,sentinel-1a,4331,False,1,True,4331,0,4331,0,0,0,4331,4331,0,0,59,4272
S1A_IW_GRDH_1SDV_20180416T053511_20180416T053536_021488_025042_F14F_COG,outputs\diagnostics\design_c\c2v\scene_checkpoints\primary\S1A_IW_GRDH_1SDV_20180416T053511_20180416T053536_021488_025042_F14F_COG.csv.gz,True,,2018,2018-04-16,descending,66,sentinel-1a,3324,False,1,True,3324,0,3324,0,0,0,3324,3324,0,0,45,3279
S1A_IW_GRDH_1SDV_20180416T053536_20180416T053601_021488_025042_97DD_COG,outputs\diagnostics\design_c\c2v\scene_checkpoints\primary\S1A_IW_GRDH_1SDV_20180416T053536_20180416T053601_021488_025042_97DD_COG.csv.gz,True,,2018,2018-04-16,descending,66,sentinel-1a,1007,False,1,True,1007,0,1007,0,0,0,1007,1007,0,0,19,988
S1A_IW_GRDH_1SDV_20180417T172250_20180417T172315_021510_0250F2_B972_COG,outputs\diagnostics\design_c\c2v\scene_checkpoints\primary\S1A_IW_GRDH_1SDV_20180417T172250_20180417T172315_021510_0250F2_B972_COG.csv.gz,True,,2018,2018-04-17,ascending,88,sentinel-1a,3870,False,1,True,3870,0,3870,0,0,162,3708,3870,0,0,190,3680
S1A_IW_GRDH_1SDV_20180417T172315_20180417T172340_021510_0250F2_F48E_COG,outputs\diagnostics\design_c\c2v\scene_checkpoints\primary\S1A_IW_GRDH_1SDV_20180417T172315_20180417T172340_021510_0250F2_F48E_COG.csv.gz,True,,2018,2018-04-17,ascending,88,sentinel-1a,0,True,0,True,0,0,0,0,0,0,0,0,0,0,0,0
S1B_IW_GRDH_1SDV_20180417T052627_20180417T052652_010519_0132DA_56C5_COG,outputs\diagnostics\design_c\c2v\scene_checkpoints\primary\S1B_IW_GRDH_1SDV_20180417T052627_20180417T052652_010519_0132DA_56C5_COG.csv.gz,True,,2018,2018-04-17,descending,168,sentinel-1b,2298,False,1,True,2298,0,2298,0,0,198,2100,2298,0,0,210,2088
S1B_IW_GRDH_1SDV_20180422T053433_20180422T053458_010592_01352D_E111_COG,outputs\diagnostics\design_c\c2v\scene_checkpoints\primary\S1B_IW_GRDH_1SDV_20180422T053433_20180422T053458_010592_01352D_E111_COG.csv.gz,True,,2018,2018-04-22,descending,66,sentinel-1b,4331,False,1,True,4331,0,4331,0,0,5,4326,4331,0,0,89,4242
S1B_IW_GRDH_1SDV_20180422T053458_20180422T053523_010592_01352D_21B4_COG,outputs\diagnostics\design_c\c2v\scene_checkpoints\primary\S1B_IW_GRDH_1SDV_20180422T053458_20180422T053523_010592_01352D_21B4_COG.csv.gz,True,,2018,2018-04-22,descending,66,sentinel-1b,0,True,0,True,0,0,0,0,0,0,0,0,0,0,0,0
S1B_IW_GRDH_1SDV_20180423T172201_20180423T172226_010614_0135E1_1758_COG,outputs\diagnostics\design_c\c2v\scene_checkpoints\primary\S1B_IW_GRDH_1SDV_20180423T172201_20180423T172226_010614_0135E1_1758_COG.csv.gz,True,,2018,2018-04-23,ascending,88,sentinel-1b,2134,False,1,True,2134,0,2134,0,0,142,1992,2134,0,0,161,1973
S1B_IW_GRDH_1SDV_20180423T172226_20180423T172251_010614_0135E1_3CA5_COG,outputs\diagnostics\design_c\c2v\scene_checkpoints\primary\S1B_IW_GRDH_1SDV_20180423T172226_20180423T172251_010614_0135E1_3CA5_COG.csv.gz,True,,2018,2018-04-23,ascending,88,sentinel-1b,1740,False,1,True,1740,0,1740,0,0,22,1718,1740,0,0,44,1696
S1A_IW_GRDH_1SDV_20180423T052658_20180423T052723_021590_025363_3FC8_COG,outputs\diagnostics\design_c\c2v\scene_checkpoints\primary\S1A_IW_GRDH_1SDV_20180423T052658_20180423T052723_021590_025363_3FC8_COG.csv.gz,True,,2018,2018-04-23,descending,168,sentinel-1a,624,False,1,True,624,0,624,0,0,152,472,624,0,0,166,458
S1A_IW_GRDH_1SDV_20180423T052723_20180423T052748_021590_025363_DB6B_COG,outputs\diagnostics\design_c\c2v\scene_checkpoints\primary\S1A_IW_GRDH_1SDV_20180423T052723_20180423T052748_021590_025363_DB6B_COG.csv.gz,True,,2018,2018-04-23,descending,168,sentinel-1a,1986,False,1,True,1986,0,1986,0,0,361,1625,1986,0,0,394,1592
S1A_IW_GRDH_1SDV_20180424T171444_20180424T171509_021612_02540A_864B_COG,outputs\diagnostics\design_c\c2v\scene_checkpoints\primary\S1A_IW_GRDH_1SDV_20180424T171444_20180424T171509_021612_02540A_864B_COG.csv.gz,True,,2018,2018-04-24,ascending,15,sentinel-1a,4331,False,1,True,4331,0,4331,0,0,6,4325,4331,0,0,165,4166
S1A_IW_GRDH_1SDV_20180428T053511_20180428T053536_021663_0255BA_4B75_COG,outputs\diagnostics\design_c\c2v\scene_checkpoints\primary\S1A_IW_GRDH_1SDV_20180428T053511_20180428T053536_021663_0255BA_4B75_COG.csv.gz,True,,2018,2018-04-28,descending,66,sentinel-1a,3329,False,1,True,3329,0,3329,0,0,6,3323,3329,0,0,166,3163
S1A_IW_GRDH_1SDV_20180428T053536_20180428T053601_021663_0255BA_5E7E_COG,outputs\diagnostics\design_c\c2v\scene_checkpoints\primary\S1A_IW_GRDH_1SDV_20180428T053536_20180428T053601_021663_0255BA_5E7E_COG.csv.gz,True,,2018,2018-04-28,descending,66,sentinel-1a,1002,False,1,True,1002,0,1002,0,0,1,1001,1002,0,0,47,955
S1A_IW_GRDH_1SDV_20180429T172251_20180429T172316_021685_02566A_A25F_COG,outputs\diagnostics\design_c\c2v\scene_checkpoints\primary\S1A_IW_GRDH_1SDV_20180429T172251_20180429T172316_021685_02566A_A25F_COG.csv.gz,True,,2018,2018-04-29,ascending,88,sentinel-1a,3871,False,1,True,3871,0,3871,0,0,164,3707,3871,0,0,229,3642
S1A_IW_GRDH_1SDV_20180429T172316_20180429T172341_021685_02566A_CDFB_COG,outputs\diagnostics\design_c\c2v\scene_checkpoints\primary\S1A_IW_GRDH_1SDV_20180429T172316_20180429T172341_021685_02566A_CDFB_COG.csv.gz,True,,2018,2018-04-29,ascending,88,sentinel-1a,0,True,0,True,0,0,0,0,0,0,0,0,0,0,0,0
S1B_IW_GRDH_1SDV_20180429T052628_20180429T052653_010694_013876_0B1A_COG,outputs\diagnostics\design_c\c2v\scene_checkpoints\primary\S1B_IW_GRDH_1SDV_20180429T052628_20180429T052653_010694_013876_0B1A_COG.csv.gz,True,,2018,2018-04-29,descending,168,sentinel-1b,2304,False,1,True,2304,0,2304,0,0,202,2102,2304,0,0,227,2077
S1B_IW_GRDH_1SDV_20180430T171350_20180430T171415_010716_013926_C687_COG,outputs\diagnostics\design_c\c2v\scene_checkpoints\primary\S1B_IW_GRDH_1SDV_20180430T171350_20180430T171415_010716_013926_C687_COG.csv.gz,True,,2018,2018-04-30,ascending,15,sentinel-1b,1296,False,1,True,1296,0,1296,0,0,1,1295,1296,0,0,41,1255
S1B_IW_GRDH_1SDV_20180430T171415_20180430T171440_010716_013926_F7CB_COG,outputs\diagnostics\design_c\c2v\scene_checkpoints\primary\S1B_IW_GRDH_1SDV_20180430T171415_20180430T171440_010716_013926_F7CB_COG.csv.gz,True,,2018,2018-04-30,ascending,15,sentinel-1b,3035,False,1,True,3035,0,3035,0,0,0,3035,3035,0,0,153,2882
S1B_IW_GRDH_1SDV_20180504T053433_20180504T053458_010767_013AD2_7718_COG,outputs\diagnostics\design_c\c2v\scene_checkpoints\primary\S1B_IW_GRDH_1SDV_20180504T053433_20180504T053458_010767_013AD2_7718_COG.csv.gz,True,,2018,2018-05-04,descending,66,sentinel-1b,4331,False,1,True,4331,0,4331,0,0,4,4327,4331,0,0,63,4268
S1B_IW_GRDH_1SDV_20180504T053458_20180504T053523_010767_013AD2_D678_COG,outputs\diagnostics\design_c\c2v\scene_checkpoints\primary\S1B_IW_GRDH_1SDV_20180504T053458_20180504T053523_010767_013AD2_D678_COG.csv.gz,True,,2018,2018-05-04,descending,66,sentinel-1b,0,True,0,True,0,0,0,0,0,0,0,0,0,0,0,0
S1B_IW_GRDH_1SDV_20180505T172202_20180505T172227_010789_013B81_654F_COG,outputs\diagnostics\design_c\c2v\scene_checkpoints\primary\S1B_IW_GRDH_1SDV_20180505T172202_20180505T172227_010789_013B81_654F_COG.csv.gz,True,,2018,2018-05-05,ascending,88,sentinel-1b,2133,False,1,True,2133,0,2133,0,0,142,1991,2133,0,0,153,1980
S1B_IW_GRDH_1SDV_20180505T172227_20180505T172252_010789_013B81_77B2_COG,outputs\diagnostics\design_c\c2v\scene_checkpoints\primary\S1B_IW_GRDH_1SDV_20180505T172227_20180505T172252_010789_013B81_77B2_COG.csv.gz,True,,2018,2018-05-05,ascending,88,sentinel-1b,1741,False,1,True,1741,0,1741,0,0,23,1718,1741,0,0,51,1690
S1A_IW_GRDH_1SDV_20180505T052659_20180505T052724_021765_0258EB_1451_COG,outputs\diagnostics\design_c\c2v\scene_checkpoints\primary\S1A_IW_GRDH_1SDV_20180505T052659_20180505T052724_021765_0258EB_1451_COG.csv.gz,True,,2018,2018-05-05,descending,168,sentinel-1a,627,False,1,True,627,0,627,0,0,148,479,627,0,0,153,474
S1A_IW_GRDH_1SDV_20180505T052724_20180505T052749_021765_0258EB_B7F7_COG,outputs\diagnostics\design_c\c2v\scene_checkpoints\primary\S1A_IW_GRDH_1SDV_20180505T052724_20180505T052749_021765_0258EB_B7F7_COG.csv.gz,True,,2018,2018-05-05,descending,168,sentinel-1a,1986,False,1,True,1986,0,1986,0,0,361,1625,1986,0,0,381,1605
S1A_IW_GRDH_1SDV_20180506T171445_20180506T171510_021787_025996_9068_COG,outputs\diagnostics\design_c\c2v\scene_checkpoints\primary\S1A_IW_GRDH_1SDV_20180506T171445_20180506T171510_021787_025996_9068_COG.csv.gz,True,,2018,2018-05-06,ascending,15,sentinel-1a,4331,False,1,True,4331,0,4331,0,0,4,4327,4331,0,0,155,4176
S1A_IW_GRDH_1SDV_20180510T053512_20180510T053537_021838_025B48_6934_COG,outputs\diagnostics\design_c\c2v\scene_checkpoints\primary\S1A_IW_GRDH_1SDV_20180510T053512_20180510T053537_021838_025B48_6934_COG.csv.gz,True,,2018,2018-05-10,descending,66,sentinel-1a,3325,False,1,True,3325,0,3325,0,0,9,3316,3325,0,0,137,3188
S1A_IW_GRDH_1SDV_20180510T053537_20180510T053602_021838_025B48_254C_COG,outputs\diagnostics\design_c\c2v\scene_checkpoints\primary\S1A_IW_GRDH_1SDV_20180510T053537_20180510T053602_021838_025B48_254C_COG.csv.gz,True,,2018,2018-05-10,descending,66,sentinel-1a,1005,False,1,True,1005,0,1005,0,0,0,1005,1005,0,0,25,980
S1A_IW_GRDH_1SDV_20180511T172251_20180511T172316_021860_025BFF_57CF_COG,outputs\diagnostics\design_c\c2v\scene_checkpoints\primary\S1A_IW_GRDH_1SDV_20180511T172251_20180511T172316_021860_025BFF_57CF_COG.csv.gz,True,,2018,2018-05-11,ascending,88,sentinel-1a,3867,False,1,True,3867,0,3867,0,0,162,3705,3867,0,0,266,3601
S1A_IW_GRDH_1SDV_20180511T172316_20180511T172341_021860_025BFF_46EF_COG,outputs\diagnostics\design_c\c2v\scene_checkpoints\primary\S1A_IW_GRDH_1SDV_20180511T172316_20180511T172341_021860_025BFF_46EF_COG.csv.gz,True,,2018,2018-05-11,ascending,88,sentinel-1a,0,True,0,True,0,0,0,0,0,0,0,0,0,0,0,0
S1B_IW_GRDH_1SDV_20180511T052629_20180511T052654_010869_013E1D_CD8C_COG,outputs\diagnostics\design_c\c2v\scene_checkpoints\primary\S1B_IW_GRDH_1SDV_20180511T052629_20180511T052654_010869_013E1D_CD8C_COG.csv.gz,True,,2018,2018-05-11,descending,168,sentinel-1b,2297,False,1,True,2297,0,2297,0,0,200,2097,2297,0,0,215,2082
S1B_IW_GRDH_1SDV_20180512T171350_20180512T171415_010891_013ECE_70D5_COG,outputs\diagnostics\design_c\c2v\scene_checkpoints\primary\S1B_IW_GRDH_1SDV_20180512T171350_20180512T171415_010891_013ECE_70D5_COG.csv.gz,True,,2018,2018-05-12,ascending,15,sentinel-1b,1297,False,1,True,1297,0,1297,0,0,0,1297,1297,0,0,28,1269
S1B_IW_GRDH_1SDV_20180512T171415_20180512T171440_010891_013ECE_7067_COG,outputs\diagnostics\design_c\c2v\scene_checkpoints\primary\S1B_IW_GRDH_1SDV_20180512T171415_20180512T171440_010891_013ECE_7067_COG.csv.gz,True,,2018,2018-05-12,ascending,15,sentinel-1b,3033,False,1,True,3033,0,3033,0,0,3,3030,3033,0,0,158,2875
S1B_IW_GRDH_1SDV_20180516T053438_20180516T053503_010942_014076_A397_COG,outputs\diagnostics\design_c\c2v\scene_checkpoints\primary\S1B_IW_GRDH_1SDV_20180516T053438_20180516T053503_010942_014076_A397_COG.csv.gz,True,,2018,2018-05-16,descending,66,sentinel-1b,4331,False,1,True,4331,0,4331,0,0,2,4329,4331,0,0,109,4222
S1B_IW_GRDH_1SDV_20180517T172202_20180517T172227_010964_014123_1A94_COG,outputs\diagnostics\design_c\c2v\scene_checkpoints\primary\S1B_IW_GRDH_1SDV_20180517T172202_20180517T172227_010964_014123_1A94_COG.csv.gz,True,,2018,2018-05-17,ascending,88,sentinel-1b,2134,False,1,True,2134,0,2134,0,0,142,1992,2134,0,0,169,1965
S1B_IW_GRDH_1SDV_20180517T172227_20180517T172252_010964_014123_44A4_COG,outputs\diagnostics\design_c\c2v\scene_checkpoints\primary\S1B_IW_GRDH_1SDV_20180517T172227_20180517T172252_010964_014123_44A4_COG.csv.gz,True,,2018,2018-05-17,ascending,88,sentinel-1b,1742,False,1,True,1742,0,1742,0,0,23,1719,1742,0,0,43,1699
S1A_IW_GRDH_1SDV_20180517T052659_20180517T052724_021940_025E79_23B5_COG,outputs\diagnostics\design_c\c2v\scene_checkpoints\primary\S1A_IW_GRDH_1SDV_20180517T052659_20180517T052724_021940_025E79_23B5_COG.csv.gz,True,,2018,2018-05-17,descending,168,sentinel-1a,629,False,1,True,629,0,629,0,0,150,479,629,0,0,157,472
S1A_IW_GRDH_1SDV_20180517T052724_20180517T052749_021940_025E79_6666_COG,outputs\diagnostics\design_c\c2v\scene_checkpoints\primary\S1A_IW_GRDH_1SDV_20180517T052724_20180517T052749_021940_025E79_6666_COG.csv.gz,True,,2018,2018-05-17,descending,168,sentinel-1a,1988,False,1,True,1988,0,1988,0,0,362,1626,1988,0,0,390,1598
S1A_IW_GRDH_1SDV_20180518T171445_20180518T171510_021962_025F27_8E56_COG,outputs\diagnostics\design_c\c2v\scene_checkpoints\primary\S1A_IW_GRDH_1SDV_20180518T171445_20180518T171510_021962_025F27_8E56_COG.csv.gz,True,,2018,2018-05-18,ascending,15,sentinel-1a,4331,False,1,True,4331,0,4331,0,0,5,4326,4331,0,0,211,4120
S1A_IW_GRDH_1SDV_20180522T053512_20180522T053537_022013_0260DD_FE4A_COG,outputs\diagnostics\design_c\c2v\scene_checkpoints\primary\S1A_IW_GRDH_1SDV_20180522T053512_20180522T053537_022013_0260DD_FE4A_COG.csv.gz,True,,2018,2018-05-22,descending,66,sentinel-1a,3325,False,1,True,3325,0,3325,0,0,1,3324,3325,0,0,86,3239
S1A_IW_GRDH_1SDV_20180522T053537_20180522T053602_022013_0260DD_124A_COG,outputs\diagnostics\design_c\c2v\scene_checkpoints\primary\S1A_IW_GRDH_1SDV_20180522T053537_20180522T053602_022013_0260DD_124A_COG.csv.gz,True,,2018,2018-05-22,descending,66,sentinel-1a,1005,False,1,True,1005,0,1005,0,0,0,1005,1005,0,0,34,971
S1A_IW_GRDH_1SDV_20180523T172252_20180523T172317_022035_02618D_37EB_COG,outputs\diagnostics\design_c\c2v\scene_checkpoints\primary\S1A_IW_GRDH_1SDV_20180523T172252_20180523T172317_022035_02618D_37EB_COG.csv.gz,True,,2018,2018-05-23,ascending,88,sentinel-1a,3868,False,1,True,3868,0,3868,0,0,164,3704,3868,0,0,261,3607
S1A_IW_GRDH_1SDV_20180523T172317_20180523T172342_022035_02618D_8305_COG,outputs\diagnostics\design_c\c2v\scene_checkpoints\primary\S1A_IW_GRDH_1SDV_20180523T172317_20180523T172342_022035_02618D_8305_COG.csv.gz,True,,2018,2018-05-23,ascending,88,sentinel-1a,0,True,0,True,0,0,0,0,0,0,0,0,0,0,0,0
S1B_IW_GRDH_1SDV_20180523T052629_20180523T052654_011044_0143CC_1A78_COG,outputs\diagnostics\design_c\c2v\scene_checkpoints\primary\S1B_IW_GRDH_1SDV_20180523T052629_20180523T052654_011044_0143CC_1A78_COG.csv.gz,True,,2018,2018-05-23,descending,168,sentinel-1b,2297,False,1,True,2297,0,2297,0,0,198,2099,2297,0,0,214,2083
S1B_IW_GRDH_1SDV_20180524T171351_20180524T171416_011066_01447C_372D_COG,outputs\diagnostics\design_c\c2v\scene_checkpoints\primary\S1B_IW_GRDH_1SDV_20180524T171351_20180524T171416_011066_01447C_372D_COG.csv.gz,True,,2018,2018-05-24,ascending,15,sentinel-1b,1298,False,1,True,1298,0,1298,0,0,2,1296,1298,0,0,29,1269
S1B_IW_GRDH_1SDV_20180524T171416_20180524T171441_011066_01447C_1AFC_COG,outputs\diagnostics\design_c\c2v\scene_checkpoints\primary\S1B_IW_GRDH_1SDV_20180524T171416_20180524T171441_011066_01447C_1AFC_COG.csv.gz,True,,2018,2018-05-24,ascending,15,sentinel-1b,3033,False,1,True,3033,0,3033,0,0,2,3031,3033,0,0,105,2928
S1B_IW_GRDH_1SDV_20180528T053439_20180528T053504_011117_01462B_A8F8_COG,outputs\diagnostics\design_c\c2v\scene_checkpoints\primary\S1B_IW_GRDH_1SDV_20180528T053439_20180528T053504_011117_01462B_A8F8_COG.csv.gz,True,,2018,2018-05-28,descending,66,sentinel-1b,4331,False,1,True,4331,0,4331,0,0,1,4330,4331,0,0,64,4267
S1B_IW_GRDH_1SDV_20180529T172203_20180529T172228_011139_0146DD_C28B_COG,outputs\diagnostics\design_c\c2v\scene_checkpoints\primary\S1B_IW_GRDH_1SDV_20180529T172203_20180529T172228_011139_0146DD_C28B_COG.csv.gz,True,,2018,2018-05-29,ascending,88,sentinel-1b,2137,False,1,True,2137,0,2137,0,0,143,1994,2137,0,0,159,1978
S1B_IW_GRDH_1SDV_20180529T172228_20180529T172253_011139_0146DD_247E_COG,outputs\diagnostics\design_c\c2v\scene_checkpoints\primary\S1B_IW_GRDH_1SDV_20180529T172228_20180529T172253_011139_0146DD_247E_COG.csv.gz,True,,2018,2018-05-29,ascending,88,sentinel-1b,1741,False,1,True,1741,0,1741,0,0,23,1718,1741,0,0,35,1706
S1A_IW_GRDH_1SDV_20180529T052700_20180529T052725_022115_026419_45E0_COG,outputs\diagnostics\design_c\c2v\scene_checkpoints\primary\S1A_IW_GRDH_1SDV_20180529T052700_20180529T052725_022115_026419_45E0_COG.csv.gz,True,,2018,2018-05-29,descending,168,sentinel-1a,628,False,1,True,628,0,628,0,0,150,478,628,0,0,156,472
S1A_IW_GRDH_1SDV_20180529T052725_20180529T052750_022115_026419_9D5E_COG,outputs\diagnostics\design_c\c2v\scene_checkpoints\primary\S1A_IW_GRDH_1SDV_20180529T052725_20180529T052750_022115_026419_9D5E_COG.csv.gz,True,,2018,2018-05-29,descending,168,sentinel-1a,1987,False,1,True,1987,0,1987,0,0,361,1626,1987,0,0,377,1610
S1A_IW_GRDH_1SDV_20180530T171446_20180530T171511_022137_0264C8_0D61_COG,outputs\diagnostics\design_c\c2v\scene_checkpoints\primary\S1A_IW_GRDH_1SDV_20180530T171446_20180530T171511_022137_0264C8_0D61_COG.csv.gz,True,,2018,2018-05-30,ascending,15,sentinel-1a,4331,False,1,True,4331,0,4331,0,0,4,4327,4331,0,0,153,4178
S1A_IW_GRDH_1SDV_20180603T053513_20180603T053538_022188_026669_27DD_COG,outputs\diagnostics\design_c\c2v\scene_checkpoints\primary\S1A_IW_GRDH_1SDV_20180603T053513_20180603T053538_022188_026669_27DD_COG.csv.gz,True,,2018,2018-06-03,descending,66,sentinel-1a,3324,False,1,True,3324,0,3324,0,0,0,3324,3324,0,0,98,3226
S1A_IW_GRDH_1SDV_20180603T053538_20180603T053603_022188_026669_A675_COG,outputs\diagnostics\design_c\c2v\scene_checkpoints\primary\S1A_IW_GRDH_1SDV_20180603T053538_20180603T053603_022188_026669_A675_COG.csv.gz,True,,2018,2018-06-03,descending,66,sentinel-1a,1007,False,1,True,1007,0,1007,0,0,0,1007,1007,0,0,30,977
S1A_IW_GRDH_1SDV_20180604T172252_20180604T172317_022210_026718_BDEC_COG,outputs\diagnostics\design_c\c2v\scene_checkpoints\primary\S1A_IW_GRDH_1SDV_20180604T172252_20180604T172317_022210_026718_BDEC_COG.csv.gz,True,,2018,2018-06-04,ascending,88,sentinel-1a,3868,False,1,True,3868,0,3868,0,0,162,3706,3868,0,0,213,3655
S1A_IW_GRDH_1SDV_20180604T172317_20180604T172342_022210_026718_C1DF_COG,outputs\diagnostics\design_c\c2v\scene_checkpoints\primary\S1A_IW_GRDH_1SDV_20180604T172317_20180604T172342_022210_026718_C1DF_COG.csv.gz,True,,2018,2018-06-04,ascending,88,sentinel-1a,0,True,0,True,0,0,0,0,0,0,0,0,0,0,0,0
S1B_IW_GRDH_1SDV_20180604T052627_20180604T052652_011219_014975_C84A_COG,outputs\diagnostics\design_c\c2v\scene_checkpoints\primary\S1B_IW_GRDH_1SDV_20180604T052627_20180604T052652_011219_014975_C84A_COG.csv.gz,True,,2018,2018-06-04,descending,168,sentinel-1b,2576,False,1,True,2576,0,2576,0,0,481,2095,2576,0,0,497,2079
S1B_IW_GRDH_1SDV_20180605T171352_20180605T171417_011241_014A1A_A634_COG,outputs\diagnostics\design_c\c2v\scene_checkpoints\primary\S1B_IW_GRDH_1SDV_20180605T171352_20180605T171417_011241_014A1A_A634_COG.csv.gz,True,,2018,2018-06-05,ascending,15,sentinel-1b,1298,False,1,True,1298,0,1298,0,0,0,1298,1298,0,0,36,1262
S1B_IW_GRDH_1SDV_20180605T171417_20180605T171442_011241_014A1A_00D1_COG,outputs\diagnostics\design_c\c2v\scene_checkpoints\primary\S1B_IW_GRDH_1SDV_20180605T171417_20180605T171442_011241_014A1A_00D1_COG.csv.gz,True,,2018,2018-06-05,ascending,15,sentinel-1b,3033,False,1,True,3033,0,3033,0,0,3,3030,3033,0,0,101,2932
S1B_IW_GRDH_1SDV_20180609T053440_20180609T053505_011292_014BAF_3429_COG,outputs\diagnostics\design_c\c2v\scene_checkpoints\primary\S1B_IW_GRDH_1SDV_20180609T053440_20180609T053505_011292_014BAF_3429_COG.csv.gz,True,,2018,2018-06-09,descending,66,sentinel-1b,4331,False,1,True,4331,0,4331,0,0,2,4329,4331,0,0,62,4269
S1A_IW_GRDH_1SDV_20180610T052701_20180610T052726_022290_026990_C1DC_COG,outputs\diagnostics\design_c\c2v\scene_checkpoints\primary\S1A_IW_GRDH_1SDV_20180610T052701_20180610T052726_022290_026990_C1DC_COG.csv.gz,True,,2018,2018-06-10,descending,168,sentinel-1a,628,False,1,True,628,0,628,0,0,150,478,628,0,0,151,477
S1A_IW_GRDH_1SDV_20180610T052726_20180610T052751_022290_026990_60FA_COG,outputs\diagnostics\design_c\c2v\scene_checkpoints\primary\S1A_IW_GRDH_1SDV_20180610T052726_20180610T052751_022290_026990_60FA_COG.csv.gz,True,,2018,2018-06-10,descending,168,sentinel-1a,1988,False,1,True,1988,0,1988,0,0,361,1627,1988,0,0,384,1604
S1A_IW_GRDH_1SDV_20180611T171447_20180611T171512_022312_026A3D_70E4_COG,outputs\diagnostics\design_c\c2v\scene_checkpoints\primary\S1A_IW_GRDH_1SDV_20180611T171447_20180611T171512_022312_026A3D_70E4_COG.csv.gz,True,,2018,2018-06-11,ascending,15,sentinel-1a,4331,False,1,True,4331,0,4331,0,0,2,4329,4331,0,0,151,4180
S1A_IW_GRDH_1SDV_20180615T053514_20180615T053539_022363_026BD7_69F3_COG,outputs\diagnostics\design_c\c2v\scene_checkpoints\primary\S1A_IW_GRDH_1SDV_20180615T053514_20180615T053539_022363_026BD7_69F3_COG.csv.gz,True,,2018,2018-06-15,descending,66,sentinel-1a,3329,False,1,True,3329,0,3329,0,0,1,3328,3329,0,0,66,3263
S1A_IW_GRDH_1SDV_20180615T053539_20180615T053604_022363_026BD7_6763_COG,outputs\diagnostics\design_c\c2v\scene_checkpoints\primary\S1A_IW_GRDH_1SDV_20180615T053539_20180615T053604_022363_026BD7_6763_COG.csv.gz,True,,2018,2018-06-15,descending,66,sentinel-1a,1002,False,1,True,1002,0,1002,0,0,0,1002,1002,0,0,24,978
S1A_IW_GRDH_1SDV_20180616T172253_20180616T172318_022385_026C7D_4BD4_COG,outputs\diagnostics\design_c\c2v\scene_checkpoints\primary\S1A_IW_GRDH_1SDV_20180616T172253_20180616T172318_022385_026C7D_4BD4_COG.csv.gz,True,,2018,2018-06-16,ascending,88,sentinel-1a,3857,False,1,True,3857,0,3857,0,0,151,3706,3857,0,0,182,3675
S1A_IW_GRDH_1SDV_20180616T172318_20180616T172343_022385_026C7D_F327_COG,outputs\diagnostics\design_c\c2v\scene_checkpoints\primary\S1A_IW_GRDH_1SDV_20180616T172318_20180616T172343_022385_026C7D_F327_COG.csv.gz,True,,2018,2018-06-16,ascending,88,sentinel-1a,0,True,0,True,0,0,0,0,0,0,0,0,0,0,0,0
S1B_IW_GRDH_1SDV_20180616T052628_20180616T052653_011394_014ECE_1E59_COG,outputs\diagnostics\design_c\c2v\scene_checkpoints\primary\S1B_IW_GRDH_1SDV_20180616T052628_20180616T052653_011394_014ECE_1E59_COG.csv.gz,True,,2018,2018-06-16,descending,168,sentinel-1b,2586,False,1,True,2586,0,2586,0,0,480,2106,2586,0,0,485,2101
S1B_IW_GRDH_1SDV_20180617T171352_20180617T171417_011416_014F7D_217E_COG,outputs\diagnostics\design_c\c2v\scene_checkpoints\primary\S1B_IW_GRDH_1SDV_20180617T171352_20180617T171417_011416_014F7D_217E_COG.csv.gz,True,,2018,2018-06-17,ascending,15,sentinel-1b,1295,False,1,True,1295,0,1295,0,0,0,1295,1295,0,0,25,1270
S1B_IW_GRDH_1SDV_20180617T171417_20180617T171442_011416_014F7D_DDF7_COG,outputs\diagnostics\design_c\c2v\scene_checkpoints\primary\S1B_IW_GRDH_1SDV_20180617T171417_20180617T171442_011416_014F7D_DDF7_COG.csv.gz,True,,2018,2018-06-17,ascending,15,sentinel-1b,3036,False,1,True,3036,0,3036,0,0,2,3034,3036,0,0,74,2962
S1B_IW_GRDH_1SDV_20180621T053441_20180621T053506_011467_015113_DC0C_COG,outputs\diagnostics\design_c\c2v\scene_checkpoints\primary\S1B_IW_GRDH_1SDV_20180621T053441_20180621T053506_011467_015113_DC0C_COG.csv.gz,True,,2018,2018-06-21,descending,66,sentinel-1b,4331,False,1,True,4331,0,4331,0,0,0,4331,4331,0,0,26,4305
S1B_IW_GRDH_1SDV_20180622T172204_20180622T172228_011489_0151C9_5837_COG,outputs\diagnostics\design_c\c2v\scene_checkpoints\primary\S1B_IW_GRDH_1SDV_20180622T172204_20180622T172228_011489_0151C9_5837_COG.csv.gz,True,,2018,2018-06-22,ascending,88,sentinel-1b,1091,False,1,True,1091,0,1091,0,0,40,1051,1091,0,0,51,1040
S1A_IW_GRDH_1SDV_20180622T052702_20180622T052727_022465_026ED9_BB55_COG,outputs\diagnostics\design_c\c2v\scene_checkpoints\primary\S1A_IW_GRDH_1SDV_20180622T052702_20180622T052727_022465_026ED9_BB55_COG.csv.gz,True,,2018,2018-06-22,descending,168,sentinel-1a,626,False,1,True,626,0,626,0,0,148,478,626,0,0,150,476
S1A_IW_GRDH_1SDV_20180622T052727_20180622T052752_022465_026ED9_AD48_COG,outputs\diagnostics\design_c\c2v\scene_checkpoints\primary\S1A_IW_GRDH_1SDV_20180622T052727_20180622T052752_022465_026ED9_AD48_COG.csv.gz,True,,2018,2018-06-22,descending,168,sentinel-1a,1986,False,1,True,1986,0,1986,0,0,361,1625,1986,0,0,372,1614
S1A_IW_GRDH_1SDV_20180623T171447_20180623T171512_022487_026F7C_87DB_COG,outputs\diagnostics\design_c\c2v\scene_checkpoints\primary\S1A_IW_GRDH_1SDV_20180623T171447_20180623T171512_022487_026F7C_87DB_COG.csv.gz,True,,2018,2018-06-23,ascending,15,sentinel-1a,4331,False,1,True,4331,0,4331,0,0,0,4331,4331,0,0,90,4241
S1A_IW_GRDH_1SDV_20180627T053515_20180627T053540_022538_0270FA_9041_COG,outputs\diagnostics\design_c\c2v\scene_checkpoints\primary\S1A_IW_GRDH_1SDV_20180627T053515_20180627T053540_022538_0270FA_9041_COG.csv.gz,True,,2018,2018-06-27,descending,66,sentinel-1a,3328,False,1,True,3328,0,3328,0,0,0,3328,3328,0,0,37,3291
S1A_IW_GRDH_1SDV_20180627T053540_20180627T053605_022538_0270FA_356C_COG,outputs\diagnostics\design_c\c2v\scene_checkpoints\primary\S1A_IW_GRDH_1SDV_20180627T053540_20180627T053605_022538_0270FA_356C_COG.csv.gz,True,,2018,2018-06-27,descending,66,sentinel-1a,1002,False,1,True,1002,0,1002,0,0,1,1001,1002,0,0,16,986
S1A_IW_GRDH_1SDV_20180628T172254_20180628T172319_022560_02719A_2DAB_COG,outputs\diagnostics\design_c\c2v\scene_checkpoints\primary\S1A_IW_GRDH_1SDV_20180628T172254_20180628T172319_022560_02719A_2DAB_COG.csv.gz,True,,2018,2018-06-28,ascending,88,sentinel-1a,3860,False,1,True,3860,0,3860,0,0,151,3709,3860,0,0,177,3683
S1A_IW_GRDH_1SDV_20180628T172319_20180628T172344_022560_02719A_E991_COG,outputs\diagnostics\design_c\c2v\scene_checkpoints\primary\S1A_IW_GRDH_1SDV_20180628T172319_20180628T172344_022560_02719A_E991_COG.csv.gz,True,,2018,2018-06-28,ascending,88,sentinel-1a,0,True,0,True,0,0,0,0,0,0,0,0,0,0,0,0
S1B_IW_GRDH_1SDV_20180628T052628_20180628T052653_011569_01543E_FED9_COG,outputs\diagnostics\design_c\c2v\scene_checkpoints\primary\S1B_IW_GRDH_1SDV_20180628T052628_20180628T052653_011569_01543E_FED9_COG.csv.gz,True,,2018,2018-06-28,descending,168,sentinel-1b,2586,False,1,True,2586,0,2586,0,0,480,2106,2586,0,0,496,2090
S1B_IW_GRDH_1SDV_20180703T053441_20180703T053506_011642_01568A_4100_COG,outputs\diagnostics\design_c\c2v\scene_checkpoints\primary\S1B_IW_GRDH_1SDV_20180703T053441_20180703T053506_011642_01568A_4100_COG.csv.gz,True,,2018,2018-07-03,descending,66,sentinel-1b,4331,False,1,True,4331,0,4331,0,0,0,4331,4331,0,0,43,4288
S1B_IW_GRDH_1SDV_20180704T172205_20180704T172229_011664_01573E_AD95_COG,outputs\diagnostics\design_c\c2v\scene_checkpoints\primary\S1B_IW_GRDH_1SDV_20180704T172205_20180704T172229_011664_01573E_AD95_COG.csv.gz,True,,2018,2018-07-04,ascending,88,sentinel-1b,1091,False,1,True,1091,0,1091,0,0,41,1050,1091,0,0,47,1044
S1A_IW_GRDH_1SDV_20180704T052702_20180704T052727_022640_0273F3_77E9_COG,outputs\diagnostics\design_c\c2v\scene_checkpoints\primary\S1A_IW_GRDH_1SDV_20180704T052702_20180704T052727_022640_0273F3_77E9_COG.csv.gz,True,,2018,2018-07-04,descending,168,sentinel-1a,625,False,1,True,625,0,625,0,0,148,477,625,0,0,149,476
S1A_IW_GRDH_1SDV_20180704T052727_20180704T052752_022640_0273F3_2E8F_COG,outputs\diagnostics\design_c\c2v\scene_checkpoints\primary\S1A_IW_GRDH_1SDV_20180704T052727_20180704T052752_022640_0273F3_2E8F_COG.csv.gz,True,,2018,2018-07-04,descending,168,sentinel-1a,1984,False,1,True,1984,0,1984,0,0,361,1623,1984,0,0,364,1620
S1A_IW_GRDH_1SDV_20180705T171448_20180705T171513_022662_027499_4308_COG,outputs\diagnostics\design_c\c2v\scene_checkpoints\primary\S1A_IW_GRDH_1SDV_20180705T171448_20180705T171513_022662_027499_4308_COG.csv.gz,True,,2018,2018-07-05,ascending,15,sentinel-1a,4331,False,1,True,4331,0,4331,0,0,0,4331,4331,0,0,63,4268
S1A_IW_GRDH_1SDV_20180709T053515_20180709T053540_022713_027617_31C5_COG,outputs\diagnostics\design_c\c2v\scene_checkpoints\primary\S1A_IW_GRDH_1SDV_20180709T053515_20180709T053540_022713_027617_31C5_COG.csv.gz,True,,2018,2018-07-09,descending,66,sentinel-1a,3327,False,1,True,3327,0,3327,0,0,0,3327,3327,0,0,33,3294
S1A_IW_GRDH_1SDV_20180709T053540_20180709T053605_022713_027617_9906_COG,outputs\diagnostics\design_c\c2v\scene_checkpoints\primary\S1A_IW_GRDH_1SDV_20180709T053540_20180709T053605_022713_027617_9906_COG.csv.gz,True,,2018,2018-07-09,descending,66,sentinel-1a,1002,False,1,True,1002,0,1002,0,0,0,1002,1002,0,0,13,989
S1A_IW_GRDH_1SDV_20180710T172255_20180710T172320_022735_0276C4_CAC2_COG,outputs\diagnostics\design_c\c2v\scene_checkpoints\primary\S1A_IW_GRDH_1SDV_20180710T172255_20180710T172320_022735_0276C4_CAC2_COG.csv.gz,True,,2018,2018-07-10,ascending,88,sentinel-1a,3859,False,1,True,3859,0,3859,0,0,151,3708,3859,0,0,159,3700
S1A_IW_GRDH_1SDV_20180710T172320_20180710T172345_022735_0276C4_788E_COG,outputs\diagnostics\design_c\c2v\scene_checkpoints\primary\S1A_IW_GRDH_1SDV_20180710T172320_20180710T172345_022735_0276C4_788E_COG.csv.gz,True,,2018,2018-07-10,ascending,88,sentinel-1a,0,True,0,True,0,0,0,0,0,0,0,0,0,0,0,0
S1B_IW_GRDH_1SDV_20180710T052620_20180710T052645_011744_0159AE_7ABF_COG,outputs\diagnostics\design_c\c2v\scene_checkpoints\primary\S1B_IW_GRDH_1SDV_20180710T052620_20180710T052645_011744_0159AE_7ABF_COG.csv.gz,True,,2018,2018-07-10,descending,168,sentinel-1b,461,False,1,True,461,0,461,0,0,105,356,461,0,0,106,355
S1B_IW_GRDH_1SDV_20180710T052645_20180710T052710_011744_0159AE_84E7_COG,outputs\diagnostics\design_c\c2v\scene_checkpoints\primary\S1B_IW_GRDH_1SDV_20180710T052645_20180710T052710_011744_0159AE_84E7_COG.csv.gz,True,,2018,2018-07-10,descending,168,sentinel-1b,2091,False,1,True,2091,0,2091,0,0,340,1751,2091,0,0,342,1749
S1B_IW_GRDH_1SDV_20180711T171354_20180711T171419_011766_015A5C_0BEB_COG,outputs\diagnostics\design_c\c2v\scene_checkpoints\primary\S1B_IW_GRDH_1SDV_20180711T171354_20180711T171419_011766_015A5C_0BEB_COG.csv.gz,True,,2018,2018-07-11,ascending,15,sentinel-1b,1295,False,1,True,1295,0,1295,0,0,0,1295,1295,0,0,9,1286
S1B_IW_GRDH_1SDV_20180711T171419_20180711T171444_011766_015A5C_6B85_COG,outputs\diagnostics\design_c\c2v\scene_checkpoints\primary\S1B_IW_GRDH_1SDV_20180711T171419_20180711T171444_011766_015A5C_6B85_COG.csv.gz,True,,2018,2018-07-11,ascending,15,sentinel-1b,3036,False,1,True,3036,0,3036,0,0,0,3036,3036,0,0,24,3012
S1B_IW_GRDH_1SDV_20180715T053442_20180715T053507_011817_015BEE_205E_COG,outputs\diagnostics\design_c\c2v\scene_checkpoints\primary\S1B_IW_GRDH_1SDV_20180715T053442_20180715T053507_011817_015BEE_205E_COG.csv.gz,True,,2018,2018-07-15,descending,66,sentinel-1b,4331,False,1,True,4331,0,4331,0,0,0,4331,4331,0,0,13,4318
S1B_IW_GRDH_1SDV_20180716T172208_20180716T172233_011839_015CA0_2145_COG,outputs\diagnostics\design_c\c2v\scene_checkpoints\primary\S1B_IW_GRDH_1SDV_20180716T172208_20180716T172233_011839_015CA0_2145_COG.csv.gz,True,,2018,2018-07-16,ascending,88,sentinel-1b,3298,False,1,True,3298,0,3298,0,0,139,3159,3298,0,0,145,3153
S1B_IW_GRDH_1SDV_20180716T172233_20180716T172258_011839_015CA0_9DC8_COG,outputs\diagnostics\design_c\c2v\scene_checkpoints\primary\S1B_IW_GRDH_1SDV_20180716T172233_20180716T172258_011839_015CA0_9DC8_COG.csv.gz,True,,2018,2018-07-16,ascending,88,sentinel-1b,551,False,1,True,551,0,551,0,0,0,551,551,0,0,1,550
S1A_IW_GRDH_1SDV_20180716T052703_20180716T052728_022815_02793C_3B3C_COG,outputs\diagnostics\design_c\c2v\scene_checkpoints\primary\S1A_IW_GRDH_1SDV_20180716T052703_20180716T052728_022815_02793C_3B3C_COG.csv.gz,True,,2018,2018-07-16,descending,168,sentinel-1a,628,False,1,True,628,0,628,0,0,149,479,628,0,0,149,479
S1A_IW_GRDH_1SDV_20180716T052728_20180716T052753_022815_02793C_B4AF_COG,outputs\diagnostics\design_c\c2v\scene_checkpoints\primary\S1A_IW_GRDH_1SDV_20180716T052728_20180716T052753_022815_02793C_B4AF_COG.csv.gz,True,,2018,2018-07-16,descending,168,sentinel-1a,1986,False,1,True,1986,0,1986,0,0,360,1626,1986,0,0,366,1620
S1A_IW_GRDH_1SDV_20180717T171449_20180717T171514_022837_0279EC_D162_COG,outputs\diagnostics\design_c\c2v\scene_checkpoints\primary\S1A_IW_GRDH_1SDV_20180717T171449_20180717T171514_022837_0279EC_D162_COG.csv.gz,True,,2018,2018-07-17,ascending,15,sentinel-1a,4331,False,1,True,4331,0,4331,0,0,0,4331,4331,0,0,47,4284
S1A_IW_GRDH_1SDV_20180721T053516_20180721T053541_022888_027B77_3E78_COG,outputs\diagnostics\design_c\c2v\scene_checkpoints\primary\S1A_IW_GRDH_1SDV_20180721T053516_20180721T053541_022888_027B77_3E78_COG.csv.gz,True,,2018,2018-07-21,descending,66,sentinel-1a,3329,False,1,True,3329,0,3329,0,0,1,3328,3329,0,0,15,3314
S1A_IW_GRDH_1SDV_20180721T053541_20180721T053606_022888_027B77_1894_COG,outputs\diagnostics\design_c\c2v\scene_checkpoints\primary\S1A_IW_GRDH_1SDV_20180721T053541_20180721T053606_022888_027B77_1894_COG.csv.gz,True,,2018,2018-07-21,descending,66,sentinel-1a,1002,False,1,True,1002,0,1002,0,0,0,1002,1002,0,0,6,996
S1A_IW_GRDH_1SDV_20180722T172255_20180722T172320_022910_027C34_2B37_COG,outputs\diagnostics\design_c\c2v\scene_checkpoints\primary\S1A_IW_GRDH_1SDV_20180722T172255_20180722T172320_022910_027C34_2B37_COG.csv.gz,True,,2018,2018-07-22,ascending,88,sentinel-1a,3854,False,1,True,3854,0,3854,0,0,148,3706,3854,0,0,155,3699
S1A_IW_GRDH_1SDV_20180722T172320_20180722T172345_022910_027C34_7AE6_COG,outputs\diagnostics\design_c\c2v\scene_checkpoints\primary\S1A_IW_GRDH_1SDV_20180722T172320_20180722T172345_022910_027C34_7AE6_COG.csv.gz,True,,2018,2018-07-22,ascending,88,sentinel-1a,0,True,0,True,0,0,0,0,0,0,0,0,0,0,0,0
S1B_IW_GRDH_1SDV_20180722T052621_20180722T052646_011919_015F08_F3F0_COG,outputs\diagnostics\design_c\c2v\scene_checkpoints\primary\S1B_IW_GRDH_1SDV_20180722T052621_20180722T052646_011919_015F08_F3F0_COG.csv.gz,True,,2018,2018-07-22,descending,168,sentinel-1b,462,False,1,True,462,0,462,0,0,106,356,462,0,0,107,355
S1B_IW_GRDH_1SDV_20180722T052646_20180722T052711_011919_015F08_1ADF_COG,outputs\diagnostics\design_c\c2v\scene_checkpoints\primary\S1B_IW_GRDH_1SDV_20180722T052646_20180722T052711_011919_015F08_1ADF_COG.csv.gz,True,,2018,2018-07-22,descending,168,sentinel-1b,2093,False,1,True,2093,0,2093,0,0,341,1752,2093,0,0,344,1749
S1B_IW_GRDH_1SDV_20180723T171355_20180723T171420_011941_015FAE_6238_COG,outputs\diagnostics\design_c\c2v\scene_checkpoints\primary\S1B_IW_GRDH_1SDV_20180723T171355_20180723T171420_011941_015FAE_6238_COG.csv.gz,True,,2018,2018-07-23,ascending,15,sentinel-1b,1297,False,1,True,1297,0,1297,0,0,1,1296,1297,0,0,3,1294
S1B_IW_GRDH_1SDV_20180723T171420_20180723T171445_011941_015FAE_5EDD_COG,outputs\diagnostics\design_c\c2v\scene_checkpoints\primary\S1B_IW_GRDH_1SDV_20180723T171420_20180723T171445_011941_015FAE_5EDD_COG.csv.gz,True,,2018,2018-07-23,ascending,15,sentinel-1b,3034,False,1,True,3034,0,3034,0,0,0,3034,3034,0,0,11,3023
S1B_IW_GRDH_1SDV_20180727T053443_20180727T053508_011992_016138_ACCC_COG,outputs\diagnostics\design_c\c2v\scene_checkpoints\primary\S1B_IW_GRDH_1SDV_20180727T053443_20180727T053508_011992_016138_ACCC_COG.csv.gz,True,,2018,2018-07-27,descending,66,sentinel-1b,4331,False,1,True,4331,0,4331,0,0,1,4330,4331,0,0,7,4324
S1B_IW_GRDH_1SDV_20180728T172209_20180728T172234_012014_0161E3_90B3_COG,outputs\diagnostics\design_c\c2v\scene_checkpoints\primary\S1B_IW_GRDH_1SDV_20180728T172209_20180728T172234_012014_0161E3_90B3_COG.csv.gz,True,,2018,2018-07-28,ascending,88,sentinel-1b,3272,False,1,True,3272,0,3272,0,0,114,3158,3272,0,0,115,3157
S1B_IW_GRDH_1SDV_20180728T172234_20180728T172259_012014_0161E3_5D29_COG,outputs\diagnostics\design_c\c2v\scene_checkpoints\primary\S1B_IW_GRDH_1SDV_20180728T172234_20180728T172259_012014_0161E3_5D29_COG.csv.gz,True,,2018,2018-07-28,ascending,88,sentinel-1b,551,False,1,True,551,0,551,0,0,0,551,551,0,0,0,551
S1A_IW_GRDH_1SDV_20180728T052704_20180728T052729_022990_027EC5_27E6_COG,outputs\diagnostics\design_c\c2v\scene_checkpoints\primary\S1A_IW_GRDH_1SDV_20180728T052704_20180728T052729_022990_027EC5_27E6_COG.csv.gz,True,,2018,2018-07-28,descending,168,sentinel-1a,630,False,1,True,630,0,630,0,0,149,481,630,0,0,150,480
S1A_IW_GRDH_1SDV_20180728T052729_20180728T052754_022990_027EC5_19E2_COG,outputs\diagnostics\design_c\c2v\scene_checkpoints\primary\S1A_IW_GRDH_1SDV_20180728T052729_20180728T052754_022990_027EC5_19E2_COG.csv.gz,True,,2018,2018-07-28,descending,168,sentinel-1a,1986,False,1,True,1986,0,1986,0,0,361,1625,1986,0,0,367,1619
S1A_IW_GRDH_1SDV_20180729T171449_20180729T171514_023012_027F72_B087_COG,outputs\diagnostics\design_c\c2v\scene_checkpoints\primary\S1A_IW_GRDH_1SDV_20180729T171449_20180729T171514_023012_027F72_B087_COG.csv.gz,True,,2018,2018-07-29,ascending,15,sentinel-1a,4331,False,1,True,4331,0,4331,0,0,2,4329,4331,0,0,29,4302
S1A_IW_GRDH_1SDV_20180802T053511_20180802T053536_023063_0280FC_D8A2_COG,outputs\diagnostics\design_c\c2v\scene_checkpoints\primary\S1A_IW_GRDH_1SDV_20180802T053511_20180802T053536_023063_0280FC_D8A2_COG.csv.gz,True,,2018,2018-08-02,descending,66,sentinel-1a,5,False,1,True,5,0,5,0,0,0,5,5,0,0,0,5
S1A_IW_GRDH_1SDV_20180802T053517_20180802T053542_023063_0280FC_4255_COG,outputs\diagnostics\design_c\c2v\scene_checkpoints\primary\S1A_IW_GRDH_1SDV_20180802T053517_20180802T053542_023063_0280FC_4255_COG.csv.gz,True,,2018,2018-08-02,descending,66,sentinel-1a,3327,False,1,True,3327,0,3327,0,0,0,3327,3327,0,0,21,3306
S1A_IW_GRDH_1SDV_20180802T053536_20180802T053601_023063_0280FC_E192_COG,outputs\diagnostics\design_c\c2v\scene_checkpoints\primary\S1A_IW_GRDH_1SDV_20180802T053536_20180802T053601_023063_0280FC_E192_COG.csv.gz,True,,2018,2018-08-02,descending,66,sentinel-1a,4326,False,1,True,4326,0,4326,0,0,1,4325,4326,0,0,51,4275
S1A_IW_GRDH_1SDV_20180802T053542_20180802T053607_023063_0280FC_BB6C_COG,outputs\diagnostics\design_c\c2v\scene_checkpoints\primary\S1A_IW_GRDH_1SDV_20180802T053542_20180802T053607_023063_0280FC_BB6C_COG.csv.gz,True,,2018,2018-08-02,descending,66,sentinel-1a,1004,False,1,True,1004,0,1004,0,0,1,1003,1004,0,0,9,995
S1A_IW_GRDH_1SDV_20180803T172256_20180803T172321_023085_0281B1_420D_COG,outputs\diagnostics\design_c\c2v\scene_checkpoints\primary\S1A_IW_GRDH_1SDV_20180803T172256_20180803T172321_023085_0281B1_420D_COG.csv.gz,True,,2018,2018-08-03,ascending,88,sentinel-1a,3857,False,1,True,3857,0,3857,0,0,150,3707,3857,0,0,162,3695
S1A_IW_GRDH_1SDV_20180803T172256_20180803T172321_023085_0281B1_A2C4_COG,outputs\diagnostics\design_c\c2v\scene_checkpoints\primary\S1A_IW_GRDH_1SDV_20180803T172256_20180803T172321_023085_0281B1_A2C4_COG.csv.gz,True,,2018,2018-08-03,ascending,88,sentinel-1a,3857,False,1,True,3857,0,3857,0,0,149,3708,3857,0,0,163,3694
S1A_IW_GRDH_1SDV_20180803T172321_20180803T172346_023085_0281B1_7046_COG,outputs\diagnostics\design_c\c2v\scene_checkpoints\primary\S1A_IW_GRDH_1SDV_20180803T172321_20180803T172346_023085_0281B1_7046_COG.csv.gz,True,,2018,2018-08-03,ascending,88,sentinel-1a,0,True,0,True,0,0,0,0,0,0,0,0,0,0,0,0
S1A_IW_GRDH_1SDV_20180803T172321_20180803T172346_023085_0281B1_9614_COG,outputs\diagnostics\design_c\c2v\scene_checkpoints\primary\S1A_IW_GRDH_1SDV_20180803T172321_20180803T172346_023085_0281B1_9614_COG.csv.gz,True,,2018,2018-08-03,ascending,88,sentinel-1a,0,True,0,True,0,0,0,0,0,0,0,0,0,0,0,0
S1B_IW_GRDH_1SDV_20180803T052622_20180803T052647_012094_01644D_3837_COG,outputs\diagnostics\design_c\c2v\scene_checkpoints\primary\S1B_IW_GRDH_1SDV_20180803T052622_20180803T052647_012094_01644D_3837_COG.csv.gz,True,,2018,2018-08-03,descending,168,sentinel-1b,459,False,1,True,459,0,459,0,0,104,355,459,0,0,107,352
S1B_IW_GRDH_1SDV_20180803T052633_20180803T052658_012094_01644D_7BDD_COG,outputs\diagnostics\design_c\c2v\scene_checkpoints\primary\S1B_IW_GRDH_1SDV_20180803T052633_20180803T052658_012094_01644D_7BDD_COG.csv.gz,True,,2018,2018-08-03,descending,168,sentinel-1b,2383,False,1,True,2383,0,2383,0,0,283,2100,2383,0,0,286,2097
S1B_IW_GRDH_1SDV_20180803T052647_20180803T052712_012094_01644D_81BE_COG,outputs\diagnostics\design_c\c2v\scene_checkpoints\primary\S1B_IW_GRDH_1SDV_20180803T052647_20180803T052712_012094_01644D_81BE_COG.csv.gz,True,,2018,2018-08-03,descending,168,sentinel-1b,2091,False,1,True,2091,0,2091,0,0,341,1750,2091,0,0,343,1748
S1B_IW_GRDH_1SDV_20180804T171355_20180804T171420_012116_0164F7_6552_COG,outputs\diagnostics\design_c\c2v\scene_checkpoints\primary\S1B_IW_GRDH_1SDV_20180804T171355_20180804T171420_012116_0164F7_6552_COG.csv.gz,True,,2018,2018-08-04,ascending,15,sentinel-1b,1298,False,1,True,1298,0,1298,0,0,0,1298,1298,0,0,6,1292
S1B_IW_GRDH_1SDV_20180804T171355_20180804T171420_012116_0164F7_E1C5_COG,outputs\diagnostics\design_c\c2v\scene_checkpoints\primary\S1B_IW_GRDH_1SDV_20180804T171355_20180804T171420_012116_0164F7_E1C5_COG.csv.gz,True,,2018,2018-08-04,ascending,15,sentinel-1b,1298,False,1,True,1298,0,1298,0,0,0,1298,1298,0,0,6,1292
S1B_IW_GRDH_1SDV_20180804T171420_20180804T171445_012116_0164F7_4979_COG,outputs\diagnostics\design_c\c2v\scene_checkpoints\primary\S1B_IW_GRDH_1SDV_20180804T171420_20180804T171445_012116_0164F7_4979_COG.csv.gz,True,,2018,2018-08-04,ascending,15,sentinel-1b,3033,False,1,True,3033,0,3033,0,0,0,3033,3033,0,0,11,3022
S1B_IW_GRDH_1SDV_20180804T171420_20180804T171445_012116_0164F7_5713_COG,outputs\diagnostics\design_c\c2v\scene_checkpoints\primary\S1B_IW_GRDH_1SDV_20180804T171420_20180804T171445_012116_0164F7_5713_COG.csv.gz,True,,2018,2018-08-04,ascending,15,sentinel-1b,3033,False,1,True,3033,0,3033,0,0,1,3032,3033,0,0,12,3021
S1B_IW_GRDH_1SDV_20180808T053425_20180808T053450_012167_01668A_407C_COG,outputs\diagnostics\design_c\c2v\scene_checkpoints\primary\S1B_IW_GRDH_1SDV_20180808T053425_20180808T053450_012167_01668A_407C_COG.csv.gz,True,,2018,2018-08-08,descending,66,sentinel-1b,0,True,0,True,0,0,0,0,0,0,0,0,0,0,0,0
S1B_IW_GRDH_1SDV_20180808T053443_20180808T053508_012167_01668A_0513_COG,outputs\diagnostics\design_c\c2v\scene_checkpoints\primary\S1B_IW_GRDH_1SDV_20180808T053443_20180808T053508_012167_01668A_0513_COG.csv.gz,True,,2018,2018-08-08,descending,66,sentinel-1b,4331,False,1,True,4331,0,4331,0,0,0,4331,4331,0,0,13,4318
S1B_IW_GRDH_1SDV_20180808T053450_20180808T053515_012167_01668A_9B1E_COG,outputs\diagnostics\design_c\c2v\scene_checkpoints\primary\S1B_IW_GRDH_1SDV_20180808T053450_20180808T053515_012167_01668A_9B1E_COG.csv.gz,True,,2018,2018-08-08,descending,66,sentinel-1b,4331,False,1,True,4331,0,4331,0,0,3,4328,4331,0,0,17,4314
S1B_IW_GRDH_1SDV_20180809T172207_20180809T172232_012189_01673F_0727_COG,outputs\diagnostics\design_c\c2v\scene_checkpoints\primary\S1B_IW_GRDH_1SDV_20180809T172207_20180809T172232_012189_01673F_0727_COG.csv.gz,True,,2018,2018-08-09,ascending,88,sentinel-1b,2027,False,1,True,2027,0,2027,0,0,134,1893,2027,0,0,134,1893
S1B_IW_GRDH_1SDV_20180809T172207_20180809T172232_012189_01673F_7CB7_COG,outputs\diagnostics\design_c\c2v\scene_checkpoints\primary\S1B_IW_GRDH_1SDV_20180809T172207_20180809T172232_012189_01673F_7CB7_COG.csv.gz,True,,2018,2018-08-09,ascending,88,sentinel-1b,2028,False,1,True,2028,0,2028,0,0,134,1894,2028,0,0,138,1890
S1B_IW_GRDH_1SDV_20180809T172232_20180809T172257_012189_01673F_08F9_COG,outputs\diagnostics\design_c\c2v\scene_checkpoints\primary\S1B_IW_GRDH_1SDV_20180809T172232_20180809T172257_012189_01673F_08F9_COG.csv.gz,True,,2018,2018-08-09,ascending,88,sentinel-1b,1846,False,1,True,1846,0,1846,0,0,26,1820,1846,0,0,28,1818
S1B_IW_GRDH_1SDV_20180809T172232_20180809T172257_012189_01673F_43E5_COG,outputs\diagnostics\design_c\c2v\scene_checkpoints\primary\S1B_IW_GRDH_1SDV_20180809T172232_20180809T172257_012189_01673F_43E5_COG.csv.gz,True,,2018,2018-08-09,ascending,88,sentinel-1b,1846,False,1,True,1846,0,1846,0,0,26,1820,1846,0,0,28,1818
S1A_IW_GRDH_1SDV_20180809T052704_20180809T052729_023165_02843F_0EB8_COG,outputs\diagnostics\design_c\c2v\scene_checkpoints\primary\S1A_IW_GRDH_1SDV_20180809T052704_20180809T052729_023165_02843F_0EB8_COG.csv.gz,True,,2018,2018-08-09,descending,168,sentinel-1a,629,False,1,True,629,0,629,0,0,149,480,629,0,0,151,478
S1A_IW_GRDH_1SDV_20180809T052718_20180809T052743_023165_02843F_9E22_COG,outputs\diagnostics\design_c\c2v\scene_checkpoints\primary\S1A_IW_GRDH_1SDV_20180809T052718_20180809T052743_023165_02843F_9E22_COG.csv.gz,True,,2018,2018-08-09,descending,168,sentinel-1a,2402,False,1,True,2402,0,2402,0,0,300,2102,2402,0,0,324,2078
S1A_IW_GRDH_1SDV_20180809T052729_20180809T052754_023165_02843F_BE9A_COG,outputs\diagnostics\design_c\c2v\scene_checkpoints\primary\S1A_IW_GRDH_1SDV_20180809T052729_20180809T052754_023165_02843F_BE9A_COG.csv.gz,True,,2018,2018-08-09,descending,168,sentinel-1a,1987,False,1,True,1987,0,1987,0,0,361,1626,1987,0,0,365,1622
S1A_IW_GRDH_1SDV_20180810T171450_20180810T171515_023187_0284ED_E250_COG,outputs\diagnostics\design_c\c2v\scene_checkpoints\primary\S1A_IW_GRDH_1SDV_20180810T171450_20180810T171515_023187_0284ED_E250_COG.csv.gz,True,,2018,2018-08-10,ascending,15,sentinel-1a,4331,False,1,True,4331,0,4331,0,0,1,4330,4331,0,0,20,4311
S1A_IW_GRDH_1SDV_20180810T171450_20180810T171515_023187_0284ED_EFEB_COG,outputs\diagnostics\design_c\c2v\scene_checkpoints\primary\S1A_IW_GRDH_1SDV_20180810T171450_20180810T171515_023187_0284ED_EFEB_COG.csv.gz,True,,2018,2018-08-10,ascending,15,sentinel-1a,4331,False,1,True,4331,0,4331,0,0,1,4330,4331,0,0,25,4306
S1A_IW_GRDH_1SDV_20180814T053510_20180814T053535_023238_02869A_8A46_COG,outputs\diagnostics\design_c\c2v\scene_checkpoints\primary\S1A_IW_GRDH_1SDV_20180814T053510_20180814T053535_023238_02869A_8A46_COG.csv.gz,True,,2018,2018-08-14,descending,66,sentinel-1a,0,True,0,True,0,0,0,0,0,0,0,0,0,0,0,0
S1A_IW_GRDH_1SDV_20180814T053517_20180814T053542_023238_02869A_A9F7_COG,outputs\diagnostics\design_c\c2v\scene_checkpoints\primary\S1A_IW_GRDH_1SDV_20180814T053517_20180814T053542_023238_02869A_A9F7_COG.csv.gz,True,,2018,2018-08-14,descending,66,sentinel-1a,3329,False,1,True,3329,0,3329,0,0,0,3329,3329,0,0,10,3319
S1A_IW_GRDH_1SDV_20180814T053535_20180814T053600_023238_02869A_6BB8_COG,outputs\diagnostics\design_c\c2v\scene_checkpoints\primary\S1A_IW_GRDH_1SDV_20180814T053535_20180814T053600_023238_02869A_6BB8_COG.csv.gz,True,,2018,2018-08-14,descending,66,sentinel-1a,4331,False,1,True,4331,0,4331,0,0,0,4331,4331,0,0,22,4309
S1A_IW_GRDH_1SDV_20180814T053542_20180814T053607_023238_02869A_507E_COG,outputs\diagnostics\design_c\c2v\scene_checkpoints\primary\S1A_IW_GRDH_1SDV_20180814T053542_20180814T053607_023238_02869A_507E_COG.csv.gz,True,,2018,2018-08-14,descending,66,sentinel-1a,1002,False,1,True,1002,0,1002,0,0,1,1001,1002,0,0,4,998
S1A_IW_GRDH_1SDV_20180815T172257_20180815T172322_023260_028751_1314_COG,outputs\diagnostics\design_c\c2v\scene_checkpoints\primary\S1A_IW_GRDH_1SDV_20180815T172257_20180815T172322_023260_028751_1314_COG.csv.gz,True,,2018,2018-08-15,ascending,88,sentinel-1a,3856,False,1,True,3856,0,3856,0,0,152,3704,3856,0,0,160,3696
S1A_IW_GRDH_1SDV_20180815T172257_20180815T172322_023260_028751_7ADB_COG,outputs\diagnostics\design_c\c2v\scene_checkpoints\primary\S1A_IW_GRDH_1SDV_20180815T172257_20180815T172322_023260_028751_7ADB_COG.csv.gz,True,,2018,2018-08-15,ascending,88,sentinel-1a,3856,False,1,True,3856,0,3856,0,0,151,3705,3856,0,0,160,3696
S1A_IW_GRDH_1SDV_20180815T172322_20180815T172347_023260_028751_0A67_COG,outputs\diagnostics\design_c\c2v\scene_checkpoints\primary\S1A_IW_GRDH_1SDV_20180815T172322_20180815T172347_023260_028751_0A67_COG.csv.gz,True,,2018,2018-08-15,ascending,88,sentinel-1a,0,True,0,True,0,0,0,0,0,0,0,0,0,0,0,0
S1A_IW_GRDH_1SDV_20180815T172322_20180815T172347_023260_028751_D627_COG,outputs\diagnostics\design_c\c2v\scene_checkpoints\primary\S1A_IW_GRDH_1SDV_20180815T172322_20180815T172347_023260_028751_D627_COG.csv.gz,True,,2018,2018-08-15,ascending,88,sentinel-1a,0,True,0,True,0,0,0,0,0,0,0,0,0,0,0,0
S1B_IW_GRDH_1SDV_20180815T052622_20180815T052647_012269_0169B5_B1ED_COG,outputs\diagnostics\design_c\c2v\scene_checkpoints\primary\S1B_IW_GRDH_1SDV_20180815T052622_20180815T052647_012269_0169B5_B1ED_COG.csv.gz,True,,2018,2018-08-15,descending,168,sentinel-1b,459,False,1,True,459,0,459,0,0,104,355,459,0,0,104,355
S1B_IW_GRDH_1SDV_20180815T052632_20180815T052657_012269_0169B5_FFBA_COG,outputs\diagnostics\design_c\c2v\scene_checkpoints\primary\S1B_IW_GRDH_1SDV_20180815T052632_20180815T052657_012269_0169B5_FFBA_COG.csv.gz,True,,2018,2018-08-15,descending,168,sentinel-1b,2385,False,1,True,2385,0,2385,0,0,284,2101,2385,0,0,290,2095
S1B_IW_GRDH_1SDV_20180815T052647_20180815T052712_012269_0169B5_4034_COG,outputs\diagnostics\design_c\c2v\scene_checkpoints\primary\S1B_IW_GRDH_1SDV_20180815T052647_20180815T052712_012269_0169B5_4034_COG.csv.gz,True,,2018,2018-08-15,descending,168,sentinel-1b,2091,False,1,True,2091,0,2091,0,0,341,1750,2091,0,0,347,1744
S1B_IW_GRDH_1SDV_20180816T171356_20180816T171421_012291_016A61_0471_COG,outputs\diagnostics\design_c\c2v\scene_checkpoints\primary\S1B_IW_GRDH_1SDV_20180816T171356_20180816T171421_012291_016A61_0471_COG.csv.gz,True,,2018,2018-08-16,ascending,15,sentinel-1b,1298,False,1,True,1298,0,1298,0,0,0,1298,1298,0,0,3,1295
S1B_IW_GRDH_1SDV_20180816T171356_20180816T171421_012291_016A61_D8C1_COG,outputs\diagnostics\design_c\c2v\scene_checkpoints\primary\S1B_IW_GRDH_1SDV_20180816T171356_20180816T171421_012291_016A61_D8C1_COG.csv.gz,True,,2018,2018-08-16,ascending,15,sentinel-1b,1298,False,1,True,1298,0,1298,0,0,0,1298,1298,0,0,4,1294
S1B_IW_GRDH_1SDV_20180816T171421_20180816T171446_012291_016A61_8905_COG,outputs\diagnostics\design_c\c2v\scene_checkpoints\primary\S1B_IW_GRDH_1SDV_20180816T171421_20180816T171446_012291_016A61_8905_COG.csv.gz,True,,2018,2018-08-16,ascending,15,sentinel-1b,3033,False,1,True,3033,0,3033,0,0,0,3033,3033,0,0,5,3028
S1B_IW_GRDH_1SDV_20180816T171421_20180816T171446_012291_016A61_A11B_COG,outputs\diagnostics\design_c\c2v\scene_checkpoints\primary\S1B_IW_GRDH_1SDV_20180816T171421_20180816T171446_012291_016A61_A11B_COG.csv.gz,True,,2018,2018-08-16,ascending,15,sentinel-1b,3033,False,1,True,3033,0,3033,0,0,0,3033,3033,0,0,7,3026
S1B_IW_GRDH_1SDV_20180820T053444_20180820T053509_012342_016C01_0DA4_COG,outputs\diagnostics\design_c\c2v\scene_checkpoints\primary\S1B_IW_GRDH_1SDV_20180820T053444_20180820T053509_012342_016C01_0DA4_COG.csv.gz,True,,2018,2018-08-20,descending,66,sentinel-1b,4331,False,1,True,4331,0,4331,0,0,0,4331,4331,0,0,12,4319
S1B_IW_GRDH_1SDV_20180820T053450_20180820T053515_012342_016C01_7D8D_COG,outputs\diagnostics\design_c\c2v\scene_checkpoints\primary\S1B_IW_GRDH_1SDV_20180820T053450_20180820T053515_012342_016C01_7D8D_COG.csv.gz,True,,2018,2018-08-20,descending,66,sentinel-1b,4331,False,1,True,4331,0,4331,0,0,2,4329,4331,0,0,14,4317
S1B_IW_GRDH_1SDV_20180821T172208_20180821T172233_012364_016CB3_00D6_COG,outputs\diagnostics\design_c\c2v\scene_checkpoints\primary\S1B_IW_GRDH_1SDV_20180821T172208_20180821T172233_012364_016CB3_00D6_COG.csv.gz,True,,2018,2018-08-21,ascending,88,sentinel-1b,2131,False,1,True,2131,0,2131,0,0,137,1994,2131,0,0,140,1991
S1B_IW_GRDH_1SDV_20180821T172208_20180821T172233_012364_016CB3_3DB8_COG,outputs\diagnostics\design_c\c2v\scene_checkpoints\primary\S1B_IW_GRDH_1SDV_20180821T172208_20180821T172233_012364_016CB3_3DB8_COG.csv.gz,True,,2018,2018-08-21,ascending,88,sentinel-1b,2130,False,1,True,2130,0,2130,0,0,137,1993,2130,0,0,138,1992
S1B_IW_GRDH_1SDV_20180821T172233_20180821T172258_012364_016CB3_BD89_COG,outputs\diagnostics\design_c\c2v\scene_checkpoints\primary\S1B_IW_GRDH_1SDV_20180821T172233_20180821T172258_012364_016CB3_BD89_COG.csv.gz,True,,2018,2018-08-21,ascending,88,sentinel-1b,1736,False,1,True,1736,0,1736,0,0,21,1715,1736,0,0,24,1712
S1B_IW_GRDH_1SDV_20180821T172233_20180821T172258_012364_016CB3_D004_COG,outputs\diagnostics\design_c\c2v\scene_checkpoints\primary\S1B_IW_GRDH_1SDV_20180821T172233_20180821T172258_012364_016CB3_D004_COG.csv.gz,True,,2018,2018-08-21,ascending,88,sentinel-1b,1734,False,1,True,1734,0,1734,0,0,21,1713,1734,0,0,22,1712
S1A_IW_GRDH_1SDV_20180821T052705_20180821T052730_023340_0289E6_A7E9_COG,outputs\diagnostics\design_c\c2v\scene_checkpoints\primary\S1A_IW_GRDH_1SDV_20180821T052705_20180821T052730_023340_0289E6_A7E9_COG.csv.gz,True,,2018,2018-08-21,descending,168,sentinel-1a,627,False,1,True,627,0,627,0,0,148,479,627,0,0,149,478
S1A_IW_GRDH_1SDV_20180821T052717_20180821T052742_023340_0289E6_C0B6_COG,outputs\diagnostics\design_c\c2v\scene_checkpoints\primary\S1A_IW_GRDH_1SDV_20180821T052717_20180821T052742_023340_0289E6_C0B6_COG.csv.gz,True,,2018,2018-08-21,descending,168,sentinel-1a,2401,False,1,True,2401,0,2401,0,0,303,2098,2401,0,0,308,2093
S1A_IW_GRDH_1SDV_20180821T052730_20180821T052755_023340_0289E6_59DB_COG,outputs\diagnostics\design_c\c2v\scene_checkpoints\primary\S1A_IW_GRDH_1SDV_20180821T052730_20180821T052755_023340_0289E6_59DB_COG.csv.gz,True,,2018,2018-08-21,descending,168,sentinel-1a,1985,False,1,True,1985,0,1985,0,0,361,1624,1985,0,0,365,1620
S1A_IW_GRDH_1SDV_20180822T171451_20180822T171516_023362_028A95_A638_COG,outputs\diagnostics\design_c\c2v\scene_checkpoints\primary\S1A_IW_GRDH_1SDV_20180822T171451_20180822T171516_023362_028A95_A638_COG.csv.gz,True,,2018,2018-08-22,ascending,15,sentinel-1a,4331,False,1,True,4331,0,4331,0,0,0,4331,4331,0,0,22,4309
S1A_IW_GRDH_1SDV_20180822T171451_20180822T171516_023362_028A95_F810_COG,outputs\diagnostics\design_c\c2v\scene_checkpoints\primary\S1A_IW_GRDH_1SDV_20180822T171451_20180822T171516_023362_028A95_F810_COG.csv.gz,True,,2018,2018-08-22,ascending,15,sentinel-1a,4331,False,1,True,4331,0,4331,0,0,2,4329,4331,0,0,25,4306
S1A_IW_GRDH_1SDV_20180826T053510_20180826T053535_023413_028C38_06C0_COG,outputs\diagnostics\design_c\c2v\scene_checkpoints\primary\S1A_IW_GRDH_1SDV_20180826T053510_20180826T053535_023413_028C38_06C0_COG.csv.gz,True,,2018,2018-08-26,descending,66,sentinel-1a,0,True,0,True,0,0,0,0,0,0,0,0,0,0,0,0
S1A_IW_GRDH_1SDV_20180826T053518_20180826T053543_023413_028C38_BAD4_COG,outputs\diagnostics\design_c\c2v\scene_checkpoints\primary\S1A_IW_GRDH_1SDV_20180826T053518_20180826T053543_023413_028C38_BAD4_COG.csv.gz,True,,2018,2018-08-26,descending,66,sentinel-1a,3329,False,1,True,3329,0,3329,0,0,0,3329,3329,0,0,9,3320
S1A_IW_GRDH_1SDV_20180826T053535_20180826T053600_023413_028C38_F7BB_COG,outputs\diagnostics\design_c\c2v\scene_checkpoints\primary\S1A_IW_GRDH_1SDV_20180826T053535_20180826T053600_023413_028C38_F7BB_COG.csv.gz,True,,2018,2018-08-26,descending,66,sentinel-1a,4331,False,1,True,4331,0,4331,0,0,0,4331,4331,0,0,16,4315
S1A_IW_GRDH_1SDV_20180826T053543_20180826T053608_023413_028C38_2249_COG,outputs\diagnostics\design_c\c2v\scene_checkpoints\primary\S1A_IW_GRDH_1SDV_20180826T053543_20180826T053608_023413_028C38_2249_COG.csv.gz,True,,2018,2018-08-26,descending,66,sentinel-1a,1001,False,1,True,1001,0,1001,0,0,0,1001,1001,0,0,2,999
S1A_IW_GRDH_1SDV_20180827T172258_20180827T172323_023435_028CF1_0373_COG,outputs\diagnostics\design_c\c2v\scene_checkpoints\primary\S1A_IW_GRDH_1SDV_20180827T172258_20180827T172323_023435_028CF1_0373_COG.csv.gz,True,,2018,2018-08-27,ascending,88,sentinel-1a,3857,False,1,True,3857,0,3857,0,0,151,3706,3857,0,0,153,3704
S1A_IW_GRDH_1SDV_20180827T172258_20180827T172323_023435_028CF1_8D0B_COG,outputs\diagnostics\design_c\c2v\scene_checkpoints\primary\S1A_IW_GRDH_1SDV_20180827T172258_20180827T172323_023435_028CF1_8D0B_COG.csv.gz,True,,2018,2018-08-27,ascending,88,sentinel-1a,3857,False,1,True,3857,0,3857,0,0,151,3706,3857,0,0,153,3704
S1A_IW_GRDH_1SDV_20180827T172323_20180827T172348_023435_028CF1_2FF4_COG,outputs\diagnostics\design_c\c2v\scene_checkpoints\primary\S1A_IW_GRDH_1SDV_20180827T172323_20180827T172348_023435_028CF1_2FF4_COG.csv.gz,True,,2018,2018-08-27,ascending,88,sentinel-1a,0,True,0,True,0,0,0,0,0,0,0,0,0,0,0,0
S1A_IW_GRDH_1SDV_20180827T172323_20180827T172348_023435_028CF1_C710_COG,outputs\diagnostics\design_c\c2v\scene_checkpoints\primary\S1A_IW_GRDH_1SDV_20180827T172323_20180827T172348_023435_028CF1_C710_COG.csv.gz,True,,2018,2018-08-27,ascending,88,sentinel-1a,0,True,0,True,0,0,0,0,0,0,0,0,0,0,0,0
S1B_IW_GRDH_1SDV_20180827T052623_20180827T052648_012444_016F26_ADF8_COG,outputs\diagnostics\design_c\c2v\scene_checkpoints\primary\S1B_IW_GRDH_1SDV_20180827T052623_20180827T052648_012444_016F26_ADF8_COG.csv.gz,True,,2018,2018-08-27,descending,168,sentinel-1b,460,False,1,True,460,0,460,0,0,104,356,460,0,0,104,356
S1B_IW_GRDH_1SDV_20180827T052632_20180827T052657_012444_016F26_A5AB_COG,outputs\diagnostics\design_c\c2v\scene_checkpoints\primary\S1B_IW_GRDH_1SDV_20180827T052632_20180827T052657_012444_016F26_A5AB_COG.csv.gz,True,,2018,2018-08-27,descending,168,sentinel-1b,2390,False,1,True,2390,0,2390,0,0,287,2103,2390,0,0,293,2097
S1B_IW_GRDH_1SDV_20180827T052648_20180827T052713_012444_016F26_AACA_COG,outputs\diagnostics\design_c\c2v\scene_checkpoints\primary\S1B_IW_GRDH_1SDV_20180827T052648_20180827T052713_012444_016F26_AACA_COG.csv.gz,True,,2018,2018-08-27,descending,168,sentinel-1b,2091,False,1,True,2091,0,2091,0,0,341,1750,2091,0,0,343,1748
S1B_IW_GRDH_1SDV_20180828T171356_20180828T171421_012466_016FD2_9EB9_COG,outputs\diagnostics\design_c\c2v\scene_checkpoints\primary\S1B_IW_GRDH_1SDV_20180828T171356_20180828T171421_012466_016FD2_9EB9_COG.csv.gz,True,,2018,2018-08-28,ascending,15,sentinel-1b,1296,False,1,True,1296,0,1296,0,0,1,1295,1296,0,0,6,1290
S1B_IW_GRDH_1SDV_20180828T171356_20180828T171421_012466_016FD2_DD55_COG,outputs\diagnostics\design_c\c2v\scene_checkpoints\primary\S1B_IW_GRDH_1SDV_20180828T171356_20180828T171421_012466_016FD2_DD55_COG.csv.gz,True,,2018,2018-08-28,ascending,15,sentinel-1b,1297,False,1,True,1297,0,1297,0,0,1,1296,1297,0,0,5,1292
S1B_IW_GRDH_1SDV_20180828T171422_20180828T171446_012466_016FD2_5B2E_COG,outputs\diagnostics\design_c\c2v\scene_checkpoints\primary\S1B_IW_GRDH_1SDV_20180828T171422_20180828T171446_012466_016FD2_5B2E_COG.csv.gz,True,,2018,2018-08-28,ascending,15,sentinel-1b,3034,False,1,True,3034,0,3034,0,0,1,3033,3034,0,0,8,3026
S1B_IW_GRDH_1SDV_20180828T171422_20180828T171446_012466_016FD2_D416_COG,outputs\diagnostics\design_c\c2v\scene_checkpoints\primary\S1B_IW_GRDH_1SDV_20180828T171422_20180828T171446_012466_016FD2_D416_COG.csv.gz,True,,2018,2018-08-28,ascending,15,sentinel-1b,3034,False,1,True,3034,0,3034,0,0,1,3033,3034,0,0,6,3028
S1B_IW_GRDH_1SDV_20180901T053445_20180901T053510_012517_017168_0AB9_COG,outputs\diagnostics\design_c\c2v\scene_checkpoints\primary\S1B_IW_GRDH_1SDV_20180901T053445_20180901T053510_012517_017168_0AB9_COG.csv.gz,True,,2018,2018-09-01,descending,66,sentinel-1b,4331,False,1,True,4331,0,4331,0,0,0,4331,4331,0,0,6,4325
S1B_IW_GRDH_1SDV_20180901T053450_20180901T053515_012517_017168_1D99_COG,outputs\diagnostics\design_c\c2v\scene_checkpoints\primary\S1B_IW_GRDH_1SDV_20180901T053450_20180901T053515_012517_017168_1D99_COG.csv.gz,True,,2018,2018-09-01,descending,66,sentinel-1b,4331,False,1,True,4331,0,4331,0,0,1,4330,4331,0,0,4,4327
S1B_IW_GRDH_1SDV_20180902T172208_20180902T172233_012539_01721C_5341_COG,outputs\diagnostics\design_c\c2v\scene_checkpoints\primary\S1B_IW_GRDH_1SDV_20180902T172208_20180902T172233_012539_01721C_5341_COG.csv.gz,True,,2018,2018-09-02,ascending,88,sentinel-1b,2131,False,1,True,2131,0,2131,0,0,137,1994,2131,0,0,140,1991
S1B_IW_GRDH_1SDV_20180902T172208_20180902T172233_012539_01721C_9731_COG,outputs\diagnostics\design_c\c2v\scene_checkpoints\primary\S1B_IW_GRDH_1SDV_20180902T172208_20180902T172233_012539_01721C_9731_COG.csv.gz,True,,2018,2018-09-02,ascending,88,sentinel-1b,2130,False,1,True,2130,0,2130,0,0,137,1993,2130,0,0,142,1988
S1B_IW_GRDH_1SDV_20180902T172233_20180902T172258_012539_01721C_56BD_COG,outputs\diagnostics\design_c\c2v\scene_checkpoints\primary\S1B_IW_GRDH_1SDV_20180902T172233_20180902T172258_012539_01721C_56BD_COG.csv.gz,True,,2018,2018-09-02,ascending,88,sentinel-1b,1737,False,1,True,1737,0,1737,0,0,22,1715,1737,0,0,21,1716
S1B_IW_GRDH_1SDV_20180902T172233_20180902T172258_012539_01721C_8880_COG,outputs\diagnostics\design_c\c2v\scene_checkpoints\primary\S1B_IW_GRDH_1SDV_20180902T172233_20180902T172258_012539_01721C_8880_COG.csv.gz,True,,2018,2018-09-02,ascending,88,sentinel-1b,1735,False,1,True,1735,0,1735,0,0,22,1713,1735,0,0,21,1714
S1A_IW_GRDH_1SDV_20180902T052706_20180902T052731_023515_028F75_FD0E_COG,outputs\diagnostics\design_c\c2v\scene_checkpoints\primary\S1A_IW_GRDH_1SDV_20180902T052706_20180902T052731_023515_028F75_FD0E_COG.csv.gz,True,,2018,2018-09-02,descending,168,sentinel-1a,631,False,1,True,631,0,631,0,0,150,481,631,0,0,150,481
S1A_IW_GRDH_1SDV_20180902T052717_20180902T052742_023515_028F75_871A_COG,outputs\diagnostics\design_c\c2v\scene_checkpoints\primary\S1A_IW_GRDH_1SDV_20180902T052717_20180902T052742_023515_028F75_871A_COG.csv.gz,True,,2018,2018-09-02,descending,168,sentinel-1a,2412,False,1,True,2412,0,2412,0,0,310,2102,2412,0,0,310,2102
S1A_IW_GRDH_1SDV_20180902T052731_20180902T052756_023515_028F75_403F_COG,outputs\diagnostics\design_c\c2v\scene_checkpoints\primary\S1A_IW_GRDH_1SDV_20180902T052731_20180902T052756_023515_028F75_403F_COG.csv.gz,True,,2018,2018-09-02,descending,168,sentinel-1a,1986,False,1,True,1986,0,1986,0,0,361,1625,1986,0,0,361,1625
S1A_IW_GRDH_1SDV_20180903T171452_20180903T171517_023537_029025_47AE_COG,outputs\diagnostics\design_c\c2v\scene_checkpoints\primary\S1A_IW_GRDH_1SDV_20180903T171452_20180903T171517_023537_029025_47AE_COG.csv.gz,True,,2018,2018-09-03,ascending,15,sentinel-1a,4331,False,1,True,4331,0,4331,0,0,0,4331,4331,0,0,29,4302
S1A_IW_GRDH_1SDV_20180903T171452_20180903T171517_023537_029025_A764_COG,outputs\diagnostics\design_c\c2v\scene_checkpoints\primary\S1A_IW_GRDH_1SDV_20180903T171452_20180903T171517_023537_029025_A764_COG.csv.gz,True,,2018,2018-09-03,ascending,15,sentinel-1a,4331,False,1,True,4331,0,4331,0,0,1,4330,4331,0,0,26,4305
S1A_IW_GRDH_1SDV_20180907T053510_20180907T053535_023588_0291CF_D966_COG,outputs\diagnostics\design_c\c2v\scene_checkpoints\primary\S1A_IW_GRDH_1SDV_20180907T053510_20180907T053535_023588_0291CF_D966_COG.csv.gz,True,,2018,2018-09-07,descending,66,sentinel-1a,0,True,0,True,0,0,0,0,0,0,0,0,0,0,0,0
S1A_IW_GRDH_1SDV_20180907T053519_20180907T053544_023588_0291CF_89E3_COG,outputs\diagnostics\design_c\c2v\scene_checkpoints\primary\S1A_IW_GRDH_1SDV_20180907T053519_20180907T053544_023588_0291CF_89E3_COG.csv.gz,True,,2018,2018-09-07,descending,66,sentinel-1a,3330,False,1,True,3330,0,3330,0,0,0,3330,3330,0,0,4,3326
S1A_IW_GRDH_1SDV_20180907T053535_20180907T053600_023588_0291CF_64AD_COG,outputs\diagnostics\design_c\c2v\scene_checkpoints\primary\S1A_IW_GRDH_1SDV_20180907T053535_20180907T053600_023588_0291CF_64AD_COG.csv.gz,True,,2018,2018-09-07,descending,66,sentinel-1a,4331,False,1,True,4331,0,4331,0,0,0,4331,4331,0,0,17,4314
S1A_IW_GRDH_1SDV_20180907T053544_20180907T053609_023588_0291CF_B6D5_COG,outputs\diagnostics\design_c\c2v\scene_checkpoints\primary\S1A_IW_GRDH_1SDV_20180907T053544_20180907T053609_023588_0291CF_B6D5_COG.csv.gz,True,,2018,2018-09-07,descending,66,sentinel-1a,1001,False,1,True,1001,0,1001,0,0,0,1001,1001,0,0,1,1000
S1A_IW_GRDH_1SDV_20180908T172258_20180908T172323_023610_02928B_5FC8_COG,outputs\diagnostics\design_c\c2v\scene_checkpoints\primary\S1A_IW_GRDH_1SDV_20180908T172258_20180908T172323_023610_02928B_5FC8_COG.csv.gz,True,,2018,2018-09-08,ascending,88,sentinel-1a,3857,False,1,True,3857,0,3857,0,0,151,3706,3857,0,0,157,3700
S1A_IW_GRDH_1SDV_20180908T172258_20180908T172323_023610_02928B_726B_COG,outputs\diagnostics\design_c\c2v\scene_checkpoints\primary\S1A_IW_GRDH_1SDV_20180908T172258_20180908T172323_023610_02928B_726B_COG.csv.gz,True,,2018,2018-09-08,ascending,88,sentinel-1a,3857,False,1,True,3857,0,3857,0,0,151,3706,3857,0,0,157,3700
S1A_IW_GRDH_1SDV_20180908T172323_20180908T172348_023610_02928B_27E0_COG,outputs\diagnostics\design_c\c2v\scene_checkpoints\primary\S1A_IW_GRDH_1SDV_20180908T172323_20180908T172348_023610_02928B_27E0_COG.csv.gz,True,,2018,2018-09-08,ascending,88,sentinel-1a,0,True,0,True,0,0,0,0,0,0,0,0,0,0,0,0
S1A_IW_GRDH_1SDV_20180908T172323_20180908T172348_023610_02928B_6025_COG,outputs\diagnostics\design_c\c2v\scene_checkpoints\primary\S1A_IW_GRDH_1SDV_20180908T172323_20180908T172348_023610_02928B_6025_COG.csv.gz,True,,2018,2018-09-08,ascending,88,sentinel-1a,0,True,0,True,0,0,0,0,0,0,0,0,0,0,0,0
S1B_IW_GRDH_1SDV_20180908T052624_20180908T052649_012619_01748C_2F02_COG,outputs\diagnostics\design_c\c2v\scene_checkpoints\primary\S1B_IW_GRDH_1SDV_20180908T052624_20180908T052649_012619_01748C_2F02_COG.csv.gz,True,,2018,2018-09-08,descending,168,sentinel-1b,462,False,1,True,462,0,462,0,0,105,357,462,0,0,105,357
S1B_IW_GRDH_1SDV_20180908T052632_20180908T052657_012619_01748C_593B_COG,outputs\diagnostics\design_c\c2v\scene_checkpoints\primary\S1B_IW_GRDH_1SDV_20180908T052632_20180908T052657_012619_01748C_593B_COG.csv.gz,True,,2018,2018-09-08,descending,168,sentinel-1b,2392,False,1,True,2392,0,2392,0,0,286,2106,2392,0,0,290,2102
S1B_IW_GRDH_1SDV_20180908T052649_20180908T052714_012619_01748C_7271_COG,outputs\diagnostics\design_c\c2v\scene_checkpoints\primary\S1B_IW_GRDH_1SDV_20180908T052649_20180908T052714_012619_01748C_7271_COG.csv.gz,True,,2018,2018-09-08,descending,168,sentinel-1b,2093,False,1,True,2093,0,2093,0,0,341,1752,2093,0,0,343,1750
S1B_IW_GRDH_1SDV_20180909T171357_20180909T171422_012641_017538_36A6_COG,outputs\diagnostics\design_c\c2v\scene_checkpoints\primary\S1B_IW_GRDH_1SDV_20180909T171357_20180909T171422_012641_017538_36A6_COG.csv.gz,True,,2018,2018-09-09,ascending,15,sentinel-1b,1296,False,1,True,1296,0,1296,0,0,0,1296,1296,0,0,5,1291
S1B_IW_GRDH_1SDV_20180909T171357_20180909T171422_012641_017538_B30B_COG,outputs\diagnostics\design_c\c2v\scene_checkpoints\primary\S1B_IW_GRDH_1SDV_20180909T171357_20180909T171422_012641_017538_B30B_COG.csv.gz,True,,2018,2018-09-09,ascending,15,sentinel-1b,1297,False,1,True,1297,0,1297,0,0,0,1297,1297,0,0,7,1290
S1B_IW_GRDH_1SDV_20180909T171422_20180909T171447_012641_017538_A20D_COG,outputs\diagnostics\design_c\c2v\scene_checkpoints\primary\S1B_IW_GRDH_1SDV_20180909T171422_20180909T171447_012641_017538_A20D_COG.csv.gz,True,,2018,2018-09-09,ascending,15,sentinel-1b,3035,False,1,True,3035,0,3035,0,0,0,3035,3035,0,0,7,3028
S1B_IW_GRDH_1SDV_20180909T171422_20180909T171447_012641_017538_EA51_COG,outputs\diagnostics\design_c\c2v\scene_checkpoints\primary\S1B_IW_GRDH_1SDV_20180909T171422_20180909T171447_012641_017538_EA51_COG.csv.gz,True,,2018,2018-09-09,ascending,15,sentinel-1b,3033,False,1,True,3033,0,3033,0,0,0,3033,3033,0,0,12,3021
S1B_IW_GRDH_1SDV_20180913T053445_20180913T053510_012692_0176C0_0603_COG,outputs\diagnostics\design_c\c2v\scene_checkpoints\primary\S1B_IW_GRDH_1SDV_20180913T053445_20180913T053510_012692_0176C0_0603_COG.csv.gz,True,,2018,2018-09-13,descending,66,sentinel-1b,4331,False,1,True,4331,0,4331,0,0,0,4331,4331,0,0,12,4319
S1B_IW_GRDH_1SDV_20180913T053451_20180913T053516_012692_0176C0_0789_COG,outputs\diagnostics\design_c\c2v\scene_checkpoints\primary\S1B_IW_GRDH_1SDV_20180913T053451_20180913T053516_012692_0176C0_0789_COG.csv.gz,True,,2018,2018-09-13,descending,66,sentinel-1b,4331,False,1,True,4331,0,4331,0,0,1,4330,4331,0,0,14,4317
S1B_IW_GRDH_1SDV_20180914T172209_20180914T172234_012714_017772_C14B_COG,outputs\diagnostics\design_c\c2v\scene_checkpoints\primary\S1B_IW_GRDH_1SDV_20180914T172209_20180914T172234_012714_017772_C14B_COG.csv.gz,True,,2018,2018-09-14,ascending,88,sentinel-1b,2132,False,1,True,2132,0,2132,0,0,138,1994,2132,0,0,139,1993
S1B_IW_GRDH_1SDV_20180914T172209_20180914T172234_012714_017772_C553_COG,outputs\diagnostics\design_c\c2v\scene_checkpoints\primary\S1B_IW_GRDH_1SDV_20180914T172209_20180914T172234_012714_017772_C553_COG.csv.gz,True,,2018,2018-09-14,ascending,88,sentinel-1b,2132,False,1,True,2132,0,2132,0,0,138,1994,2132,0,0,139,1993
S1B_IW_GRDH_1SDV_20180914T172234_20180914T172259_012714_017772_1F5C_COG,outputs\diagnostics\design_c\c2v\scene_checkpoints\primary\S1B_IW_GRDH_1SDV_20180914T172234_20180914T172259_012714_017772_1F5C_COG.csv.gz,True,,2018,2018-09-14,ascending,88,sentinel-1b,1737,False,1,True,1737,0,1737,0,0,21,1716,1737,0,0,21,1716
S1B_IW_GRDH_1SDV_20180914T172234_20180914T172259_012714_017772_E26D_COG,outputs\diagnostics\design_c\c2v\scene_checkpoints\primary\S1B_IW_GRDH_1SDV_20180914T172234_20180914T172259_012714_017772_E26D_COG.csv.gz,True,,2018,2018-09-14,ascending,88,sentinel-1b,1737,False,1,True,1737,0,1737,0,0,21,1716,1737,0,0,21,1716
S1A_IW_GRDH_1SDV_20180914T052706_20180914T052731_023690_029512_673D_COG,outputs\diagnostics\design_c\c2v\scene_checkpoints\primary\S1A_IW_GRDH_1SDV_20180914T052706_20180914T052731_023690_029512_673D_COG.csv.gz,True,,2018,2018-09-14,descending,168,sentinel-1a,629,False,1,True,629,0,629,0,0,148,481,629,0,0,148,481
S1A_IW_GRDH_1SDV_20180914T052717_20180914T052742_023690_029512_B6FD_COG,outputs\diagnostics\design_c\c2v\scene_checkpoints\primary\S1A_IW_GRDH_1SDV_20180914T052717_20180914T052742_023690_029512_B6FD_COG.csv.gz,True,,2018,2018-09-14,descending,168,sentinel-1a,2409,False,1,True,2409,0,2409,0,0,309,2100,2409,0,0,311,2098
S1A_IW_GRDH_1SDV_20180914T052731_20180914T052756_023690_029512_B9DA_COG,outputs\diagnostics\design_c\c2v\scene_checkpoints\primary\S1A_IW_GRDH_1SDV_20180914T052731_20180914T052756_023690_029512_B9DA_COG.csv.gz,True,,2018,2018-09-14,descending,168,sentinel-1a,1984,False,1,True,1984,0,1984,0,0,360,1624,1984,0,0,361,1623
S1A_IW_GRDH_1SDV_20180915T171452_20180915T171517_023712_0295C0_0034_COG,outputs\diagnostics\design_c\c2v\scene_checkpoints\primary\S1A_IW_GRDH_1SDV_20180915T171452_20180915T171517_023712_0295C0_0034_COG.csv.gz,True,,2018,2018-09-15,ascending,15,sentinel-1a,4331,False,1,True,4331,0,4331,0,0,0,4331,4331,0,0,36,4295
S1A_IW_GRDH_1SDV_20180915T171452_20180915T171517_023712_0295C0_92ED_COG,outputs\diagnostics\design_c\c2v\scene_checkpoints\primary\S1A_IW_GRDH_1SDV_20180915T171452_20180915T171517_023712_0295C0_92ED_COG.csv.gz,True,,2018,2018-09-15,ascending,15,sentinel-1a,4331,False,1,True,4331,0,4331,0,0,0,4331,4331,0,0,30,4301
S1A_IW_GRDH_1SDV_20180919T053510_20180919T053535_023763_029771_0A42_COG,outputs\diagnostics\design_c\c2v\scene_checkpoints\primary\S1A_IW_GRDH_1SDV_20180919T053510_20180919T053535_023763_029771_0A42_COG.csv.gz,True,,2018,2018-09-19,descending,66,sentinel-1a,0,True,0,True,0,0,0,0,0,0,0,0,0,0,0,0
S1A_IW_GRDH_1SDV_20180919T053519_20180919T053544_023763_029771_1278_COG,outputs\diagnostics\design_c\c2v\scene_checkpoints\primary\S1A_IW_GRDH_1SDV_20180919T053519_20180919T053544_023763_029771_1278_COG.csv.gz,True,,2018,2018-09-19,descending,66,sentinel-1a,3329,False,1,True,3329,0,3329,0,0,0,3329,3329,0,0,5,3324
S1A_IW_GRDH_1SDV_20180919T053535_20180919T053600_023763_029771_8D7A_COG,outputs\diagnostics\design_c\c2v\scene_checkpoints\primary\S1A_IW_GRDH_1SDV_20180919T053535_20180919T053600_023763_029771_8D7A_COG.csv.gz,True,,2018,2018-09-19,descending,66,sentinel-1a,4331,False,1,True,4331,0,4331,0,0,1,4330,4331,0,0,17,4314
S1A_IW_GRDH_1SDV_20180919T053544_20180919T053609_023763_029771_7567_COG,outputs\diagnostics\design_c\c2v\scene_checkpoints\primary\S1A_IW_GRDH_1SDV_20180919T053544_20180919T053609_023763_029771_7567_COG.csv.gz,True,,2018,2018-09-19,descending,66,sentinel-1a,1002,False,1,True,1002,0,1002,0,0,0,1002,1002,0,0,7,995
S1A_IW_GRDH_1SDV_20180920T172258_20180920T172323_023785_029829_238E_COG,outputs\diagnostics\design_c\c2v\scene_checkpoints\primary\S1A_IW_GRDH_1SDV_20180920T172258_20180920T172323_023785_029829_238E_COG.csv.gz,True,,2018,2018-09-20,ascending,88,sentinel-1a,3857,False,1,True,3857,0,3857,0,0,151,3706,3857,0,0,158,3699
S1A_IW_GRDH_1SDV_20180920T172258_20180920T172323_023785_029829_97FE_COG,outputs\diagnostics\design_c\c2v\scene_checkpoints\primary\S1A_IW_GRDH_1SDV_20180920T172258_20180920T172323_023785_029829_97FE_COG.csv.gz,True,,2018,2018-09-20,ascending,88,sentinel-1a,3857,False,1,True,3857,0,3857,0,0,151,3706,3857,0,0,162,3695
S1A_IW_GRDH_1SDV_20180920T172323_20180920T172348_023785_029829_9494_COG,outputs\diagnostics\design_c\c2v\scene_checkpoints\primary\S1A_IW_GRDH_1SDV_20180920T172323_20180920T172348_023785_029829_9494_COG.csv.gz,True,,2018,2018-09-20,ascending,88,sentinel-1a,0,True,0,True,0,0,0,0,0,0,0,0,0,0,0,0
S1A_IW_GRDH_1SDV_20180920T172323_20180920T172348_023785_029829_A013_COG,outputs\diagnostics\design_c\c2v\scene_checkpoints\primary\S1A_IW_GRDH_1SDV_20180920T172323_20180920T172348_023785_029829_A013_COG.csv.gz,True,,2018,2018-09-20,ascending,88,sentinel-1a,0,True,0,True,0,0,0,0,0,0,0,0,0,0,0,0
S1B_IW_GRDH_1SDV_20180920T052624_20180920T052649_012794_0179E4_AF98_COG,outputs\diagnostics\design_c\c2v\scene_checkpoints\primary\S1B_IW_GRDH_1SDV_20180920T052624_20180920T052649_012794_0179E4_AF98_COG.csv.gz,True,,2018,2018-09-20,descending,168,sentinel-1b,460,False,1,True,460,0,460,0,0,104,356,460,0,0,104,356
S1B_IW_GRDH_1SDV_20180920T052633_20180920T052658_012794_0179E4_7E8F_COG,outputs\diagnostics\design_c\c2v\scene_checkpoints\primary\S1B_IW_GRDH_1SDV_20180920T052633_20180920T052658_012794_0179E4_7E8F_COG.csv.gz,True,,2018,2018-09-20,descending,168,sentinel-1b,2393,False,1,True,2393,0,2393,0,0,292,2101,2393,0,0,298,2095
S1B_IW_GRDH_1SDV_20180920T052649_20180920T052714_012794_0179E4_59BE_COG,outputs\diagnostics\design_c\c2v\scene_checkpoints\primary\S1B_IW_GRDH_1SDV_20180920T052649_20180920T052714_012794_0179E4_59BE_COG.csv.gz,True,,2018,2018-09-20,descending,168,sentinel-1b,2091,False,1,True,2091,0,2091,0,0,341,1750,2091,0,0,342,1749
S1B_IW_GRDH_1SDV_20180921T171357_20180921T171422_012816_017A90_B3CA_COG,outputs\diagnostics\design_c\c2v\scene_checkpoints\primary\S1B_IW_GRDH_1SDV_20180921T171357_20180921T171422_012816_017A90_B3CA_COG.csv.gz,True,,2018,2018-09-21,ascending,15,sentinel-1b,1298,False,1,True,1298,0,1298,0,0,0,1298,1298,0,0,7,1291
S1B_IW_GRDH_1SDV_20180921T171357_20180921T171422_012816_017A90_F8C6_COG,outputs\diagnostics\design_c\c2v\scene_checkpoints\primary\S1B_IW_GRDH_1SDV_20180921T171357_20180921T171422_012816_017A90_F8C6_COG.csv.gz,True,,2018,2018-09-21,ascending,15,sentinel-1b,1298,False,1,True,1298,0,1298,0,0,1,1297,1298,0,0,7,1291
S1B_IW_GRDH_1SDV_20180921T171422_20180921T171447_012816_017A90_7473_COG,outputs\diagnostics\design_c\c2v\scene_checkpoints\primary\S1B_IW_GRDH_1SDV_20180921T171422_20180921T171447_012816_017A90_7473_COG.csv.gz,True,,2018,2018-09-21,ascending,15,sentinel-1b,3033,False,1,True,3033,0,3033,0,0,0,3033,3033,0,0,12,3021
S1B_IW_GRDH_1SDV_20180921T171422_20180921T171447_012816_017A90_B760_COG,outputs\diagnostics\design_c\c2v\scene_checkpoints\primary\S1B_IW_GRDH_1SDV_20180921T171422_20180921T171447_012816_017A90_B760_COG.csv.gz,True,,2018,2018-09-21,ascending,15,sentinel-1b,3033,False,1,True,3033,0,3033,0,0,1,3032,3033,0,0,11,3022
S1B_IW_GRDH_1SDV_20180925T053445_20180925T053510_012867_017C25_202E_COG,outputs\diagnostics\design_c\c2v\scene_checkpoints\primary\S1B_IW_GRDH_1SDV_20180925T053445_20180925T053510_012867_017C25_202E_COG.csv.gz,True,,2018,2018-09-25,descending,66,sentinel-1b,4331,False,1,True,4331,0,4331,0,0,0,4331,4331,0,0,26,4305
S1B_IW_GRDH_1SDV_20180925T053450_20180925T053515_012867_017C25_1ADC_COG,outputs\diagnostics\design_c\c2v\scene_checkpoints\primary\S1B_IW_GRDH_1SDV_20180925T053450_20180925T053515_012867_017C25_1ADC_COG.csv.gz,True,,2018,2018-09-25,descending,66,sentinel-1b,4331,False,1,True,4331,0,4331,0,0,0,4331,4331,0,0,26,4305
S1B_IW_GRDH_1SDV_20180926T172209_20180926T172234_012889_017CD5_9B9A_COG,outputs\diagnostics\design_c\c2v\scene_checkpoints\primary\S1B_IW_GRDH_1SDV_20180926T172209_20180926T172234_012889_017CD5_9B9A_COG.csv.gz,True,,2018,2018-09-26,ascending,88,sentinel-1b,2133,False,1,True,2133,0,2133,0,0,138,1995,2133,0,0,141,1992
S1B_IW_GRDH_1SDV_20180926T172209_20180926T172234_012889_017CD5_F605_COG,outputs\diagnostics\design_c\c2v\scene_checkpoints\primary\S1B_IW_GRDH_1SDV_20180926T172209_20180926T172234_012889_017CD5_F605_COG.csv.gz,True,,2018,2018-09-26,ascending,88,sentinel-1b,2134,False,1,True,2134,0,2134,0,0,138,1996,2134,0,0,140,1994
S1B_IW_GRDH_1SDV_20180926T172234_20180926T172259_012889_017CD5_3288_COG,outputs\diagnostics\design_c\c2v\scene_checkpoints\primary\S1B_IW_GRDH_1SDV_20180926T172234_20180926T172259_012889_017CD5_3288_COG.csv.gz,True,,2018,2018-09-26,ascending,88,sentinel-1b,1740,False,1,True,1740,0,1740,0,0,22,1718,1740,0,0,22,1718
S1B_IW_GRDH_1SDV_20180926T172234_20180926T172259_012889_017CD5_FC37_COG,outputs\diagnostics\design_c\c2v\scene_checkpoints\primary\S1B_IW_GRDH_1SDV_20180926T172234_20180926T172259_012889_017CD5_FC37_COG.csv.gz,True,,2018,2018-09-26,ascending,88,sentinel-1b,1738,False,1,True,1738,0,1738,0,0,22,1716,1738,0,0,23,1715
S1A_IW_GRDH_1SDV_20180926T052706_20180926T052731_023865_029AC2_EE67_COG,outputs\diagnostics\design_c\c2v\scene_checkpoints\primary\S1A_IW_GRDH_1SDV_20180926T052706_20180926T052731_023865_029AC2_EE67_COG.csv.gz,True,,2018,2018-09-26,descending,168,sentinel-1a,630,False,1,True,630,0,630,0,0,149,481,630,0,0,152,478
S1A_IW_GRDH_1SDV_20180926T052717_20180926T052742_023865_029AC2_74D9_COG,outputs\diagnostics\design_c\c2v\scene_checkpoints\primary\S1A_IW_GRDH_1SDV_20180926T052717_20180926T052742_023865_029AC2_74D9_COG.csv.gz,True,,2018,2018-09-26,descending,168,sentinel-1a,2413,False,1,True,2413,0,2413,0,0,310,2103,2413,0,0,323,2090
S1A_IW_GRDH_1SDV_20180926T052731_20180926T052756_023865_029AC2_EF9B_COG,outputs\diagnostics\design_c\c2v\scene_checkpoints\primary\S1A_IW_GRDH_1SDV_20180926T052731_20180926T052756_023865_029AC2_EF9B_COG.csv.gz,True,,2018,2018-09-26,descending,168,sentinel-1a,1987,False,1,True,1987,0,1987,0,0,361,1626,1987,0,0,364,1623
S1A_IW_GRDH_1SDV_20180927T171452_20180927T171517_023887_029B6B_1C2B_COG,outputs\diagnostics\design_c\c2v\scene_checkpoints\primary\S1A_IW_GRDH_1SDV_20180927T171452_20180927T171517_023887_029B6B_1C2B_COG.csv.gz,True,,2018,2018-09-27,ascending,15,sentinel-1a,4331,False,1,True,4331,0,4331,0,0,0,4331,4331,0,0,43,4288
S1A_IW_GRDH_1SDV_20180927T171452_20180927T171517_023887_029B6B_5164_COG,outputs\diagnostics\design_c\c2v\scene_checkpoints\primary\S1A_IW_GRDH_1SDV_20180927T171452_20180927T171517_023887_029B6B_5164_COG.csv.gz,True,,2018,2018-09-27,ascending,15,sentinel-1a,4331,False,1,True,4331,0,4331,0,0,0,4331,4331,0,0,46,4285
S1B_IW_GRDH_1SDV_20190401T171355_20190401T171420_015616_01D477_14DD_COG,outputs\diagnostics\design_c\c2v\scene_checkpoints\primary\S1B_IW_GRDH_1SDV_20190401T171355_20190401T171420_015616_01D477_14DD_COG.csv.gz,True,,2019,2019-04-01,ascending,15,sentinel-1b,1295,False,1,True,1295,0,1295,0,0,0,1295,1295,0,0,80,1215
S1B_IW_GRDH_1SDV_20190401T171355_20190401T171420_015616_01D477_95FF_COG,outputs\diagnostics\design_c\c2v\scene_checkpoints\primary\S1B_IW_GRDH_1SDV_20190401T171355_20190401T171420_015616_01D477_95FF_COG.csv.gz,True,,2019,2019-04-01,ascending,15,sentinel-1b,1295,False,1,True,1295,0,1295,0,0,0,1295,1295,0,0,84,1211
S1B_IW_GRDH_1SDV_20190401T171420_20190401T171445_015616_01D477_2D05_COG,outputs\diagnostics\design_c\c2v\scene_checkpoints\primary\S1B_IW_GRDH_1SDV_20190401T171420_20190401T171445_015616_01D477_2D05_COG.csv.gz,True,,2019,2019-04-01,ascending,15,sentinel-1b,3036,False,1,True,3036,0,3036,0,0,6,3030,3036,0,0,184,2852
S1B_IW_GRDH_1SDV_20190401T171420_20190401T171445_015616_01D477_74D8_COG,outputs\diagnostics\design_c\c2v\scene_checkpoints\primary\S1B_IW_GRDH_1SDV_20190401T171420_20190401T171445_015616_01D477_74D8_COG.csv.gz,True,,2019,2019-04-01,ascending,15,sentinel-1b,3036,False,1,True,3036,0,3036,0,0,7,3029,3036,0,0,183,2853
S1B_IW_GRDH_1SDV_20190405T053439_20190405T053504_015667_01D631_835A_COG,outputs\diagnostics\design_c\c2v\scene_checkpoints\primary\S1B_IW_GRDH_1SDV_20190405T053439_20190405T053504_015667_01D631_835A_COG.csv.gz,True,,2019,2019-04-05,descending,66,sentinel-1b,4331,False,1,True,4331,0,4331,0,0,2,4329,4331,0,0,75,4256
S1B_IW_GRDH_1SDV_20190405T053439_20190405T053504_015667_01D631_FDE8_COG,outputs\diagnostics\design_c\c2v\scene_checkpoints\primary\S1B_IW_GRDH_1SDV_20190405T053439_20190405T053504_015667_01D631_FDE8_COG.csv.gz,True,,2019,2019-04-05,descending,66,sentinel-1b,4331,False,1,True,4331,0,4331,0,0,0,4331,4331,0,0,82,4249
S1B_IW_GRDH_1SDV_20190405T053504_20190405T053529_015667_01D631_3B5F_COG,outputs\diagnostics\design_c\c2v\scene_checkpoints\primary\S1B_IW_GRDH_1SDV_20190405T053504_20190405T053529_015667_01D631_3B5F_COG.csv.gz,True,,2019,2019-04-05,descending,66,sentinel-1b,0,True,0,True,0,0,0,0,0,0,0,0,0,0,0,0
S1B_IW_GRDH_1SDV_20190405T053504_20190405T053529_015667_01D631_9F91_COG,outputs\diagnostics\design_c\c2v\scene_checkpoints\primary\S1B_IW_GRDH_1SDV_20190405T053504_20190405T053529_015667_01D631_9F91_COG.csv.gz,True,,2019,2019-04-05,descending,66,sentinel-1b,0,True,0,True,0,0,0,0,0,0,0,0,0,0,0,0
S1B_IW_GRDH_1SDV_20190406T172207_20190406T172232_015689_01D6F7_A6A0_COG,outputs\diagnostics\design_c\c2v\scene_checkpoints\primary\S1B_IW_GRDH_1SDV_20190406T172207_20190406T172232_015689_01D6F7_A6A0_COG.csv.gz,True,,2019,2019-04-06,ascending,88,sentinel-1b,2129,False,1,True,2129,0,2129,0,0,142,1987,2129,0,0,172,1957
S1B_IW_GRDH_1SDV_20190406T172207_20190406T172232_015689_01D6F7_FF91_COG,outputs\diagnostics\design_c\c2v\scene_checkpoints\primary\S1B_IW_GRDH_1SDV_20190406T172207_20190406T172232_015689_01D6F7_FF91_COG.csv.gz,True,,2019,2019-04-06,ascending,88,sentinel-1b,2129,False,1,True,2129,0,2129,0,0,142,1987,2129,0,0,169,1960
S1B_IW_GRDH_1SDV_20190406T172232_20190406T172257_015689_01D6F7_86B5_COG,outputs\diagnostics\design_c\c2v\scene_checkpoints\primary\S1B_IW_GRDH_1SDV_20190406T172232_20190406T172257_015689_01D6F7_86B5_COG.csv.gz,True,,2019,2019-04-06,ascending,88,sentinel-1b,1744,False,1,True,1744,0,1744,0,0,23,1721,1744,0,0,41,1703
S1B_IW_GRDH_1SDV_20190406T172232_20190406T172257_015689_01D6F7_929E_COG,outputs\diagnostics\design_c\c2v\scene_checkpoints\primary\S1B_IW_GRDH_1SDV_20190406T172232_20190406T172257_015689_01D6F7_929E_COG.csv.gz,True,,2019,2019-04-06,ascending,88,sentinel-1b,1744,False,1,True,1744,0,1744,0,0,23,1721,1744,0,0,41,1703
S1A_IW_GRDH_1SDV_20190406T052702_20190406T052727_026665_02FE08_616D_COG,outputs\diagnostics\design_c\c2v\scene_checkpoints\primary\S1A_IW_GRDH_1SDV_20190406T052702_20190406T052727_026665_02FE08_616D_COG.csv.gz,True,,2019,2019-04-06,descending,168,sentinel-1a,99,False,1,True,99,0,99,0,0,37,62,99,0,0,37,62
S1A_IW_GRDH_1SDV_20190406T052704_20190406T052729_026665_02FE08_6CDF_COG,outputs\diagnostics\design_c\c2v\scene_checkpoints\primary\S1A_IW_GRDH_1SDV_20190406T052704_20190406T052729_026665_02FE08_6CDF_COG.csv.gz,True,,2019,2019-04-06,descending,168,sentinel-1a,634,False,1,True,634,0,634,0,0,150,484,634,0,0,156,478
S1A_IW_GRDH_1SDV_20190406T052727_20190406T052752_026665_02FE08_99ED_COG,outputs\diagnostics\design_c\c2v\scene_checkpoints\primary\S1A_IW_GRDH_1SDV_20190406T052727_20190406T052752_026665_02FE08_99ED_COG.csv.gz,True,,2019,2019-04-06,descending,168,sentinel-1a,2322,False,1,True,2322,0,2322,0,0,273,2049,2322,0,0,353,1969
S1A_IW_GRDH_1SDV_20190406T052729_20190406T052754_026665_02FE08_76A1_COG,outputs\diagnostics\design_c\c2v\scene_checkpoints\primary\S1A_IW_GRDH_1SDV_20190406T052729_20190406T052754_026665_02FE08_76A1_COG.csv.gz,True,,2019,2019-04-06,descending,168,sentinel-1a,1991,False,1,True,1991,0,1991,0,0,363,1628,1991,0,0,405,1586
S1A_IW_GRDH_1SDV_20190407T171450_20190407T171515_026687_02FECA_0CB0_COG,outputs\diagnostics\design_c\c2v\scene_checkpoints\primary\S1A_IW_GRDH_1SDV_20190407T171450_20190407T171515_026687_02FECA_0CB0_COG.csv.gz,True,,2019,2019-04-07,ascending,15,sentinel-1a,4331,False,1,True,4331,0,4331,0,0,4,4327,4331,0,0,126,4205
S1A_IW_GRDH_1SDV_20190407T171450_20190407T171515_026687_02FECA_F0CA_COG,outputs\diagnostics\design_c\c2v\scene_checkpoints\primary\S1A_IW_GRDH_1SDV_20190407T171450_20190407T171515_026687_02FECA_F0CA_COG.csv.gz,True,,2019,2019-04-07,ascending,15,sentinel-1a,4331,False,1,True,4331,0,4331,0,0,5,4326,4331,0,0,125,4206
S1A_IW_GRDH_1SDV_20190411T053517_20190411T053542_026738_0300AB_08CA_COG,outputs\diagnostics\design_c\c2v\scene_checkpoints\primary\S1A_IW_GRDH_1SDV_20190411T053517_20190411T053542_026738_0300AB_08CA_COG.csv.gz,True,,2019,2019-04-11,descending,66,sentinel-1a,3324,False,1,True,3324,0,3324,0,0,3,3321,3324,0,0,155,3169
S1A_IW_GRDH_1SDV_20190411T053520_20190411T053545_026738_0300AB_7F1A_COG,outputs\diagnostics\design_c\c2v\scene_checkpoints\primary\S1A_IW_GRDH_1SDV_20190411T053520_20190411T053545_026738_0300AB_7F1A_COG.csv.gz,True,,2019,2019-04-11,descending,66,sentinel-1a,4331,False,1,True,4331,0,4331,0,0,5,4326,4331,0,0,222,4109
S1A_IW_GRDH_1SDV_20190411T053542_20190411T053607_026738_0300AB_7C6C_COG,outputs\diagnostics\design_c\c2v\scene_checkpoints\primary\S1A_IW_GRDH_1SDV_20190411T053542_20190411T053607_026738_0300AB_7C6C_COG.csv.gz,True,,2019,2019-04-11,descending,66,sentinel-1a,1007,False,1,True,1007,0,1007,0,0,0,1007,1007,0,0,24,983
S1A_IW_GRDH_1SDV_20190411T053545_20190411T053610_026738_0300AB_7F4C_COG,outputs\diagnostics\design_c\c2v\scene_checkpoints\primary\S1A_IW_GRDH_1SDV_20190411T053545_20190411T053610_026738_0300AB_7F4C_COG.csv.gz,True,,2019,2019-04-11,descending,66,sentinel-1a,0,True,0,True,0,0,0,0,0,0,0,0,0,0,0,0
S1A_IW_GRDH_1SDV_20190412T172256_20190412T172321_026760_030177_9D83_COG,outputs\diagnostics\design_c\c2v\scene_checkpoints\primary\S1A_IW_GRDH_1SDV_20190412T172256_20190412T172321_026760_030177_9D83_COG.csv.gz,True,,2019,2019-04-12,ascending,88,sentinel-1a,3857,False,1,True,3857,0,3857,0,0,152,3705,3857,0,0,213,3644
S1A_IW_GRDH_1SDV_20190412T172256_20190412T172321_026760_030177_C2AD_COG,outputs\diagnostics\design_c\c2v\scene_checkpoints\primary\S1A_IW_GRDH_1SDV_20190412T172256_20190412T172321_026760_030177_C2AD_COG.csv.gz,True,,2019,2019-04-12,ascending,88,sentinel-1a,3857,False,1,True,3857,0,3857,0,0,151,3706,3857,0,0,219,3638
S1A_IW_GRDH_1SDV_20190412T172321_20190412T172346_026760_030177_2A8B_COG,outputs\diagnostics\design_c\c2v\scene_checkpoints\primary\S1A_IW_GRDH_1SDV_20190412T172321_20190412T172346_026760_030177_2A8B_COG.csv.gz,True,,2019,2019-04-12,ascending,88,sentinel-1a,0,True,0,True,0,0,0,0,0,0,0,0,0,0,0,0
S1A_IW_GRDH_1SDV_20190412T172321_20190412T172346_026760_030177_C2EC_COG,outputs\diagnostics\design_c\c2v\scene_checkpoints\primary\S1A_IW_GRDH_1SDV_20190412T172321_20190412T172346_026760_030177_C2EC_COG.csv.gz,True,,2019,2019-04-12,ascending,88,sentinel-1a,0,True,0,True,0,0,0,0,0,0,0,0,0,0,0,0
S1B_IW_GRDH_1SDV_20190412T052634_20190412T052659_015769_01D98F_60EE_COG,outputs\diagnostics\design_c\c2v\scene_checkpoints\primary\S1B_IW_GRDH_1SDV_20190412T052634_20190412T052659_015769_01D98F_60EE_COG.csv.gz,True,,2019,2019-04-12,descending,168,sentinel-1b,2296,False,1,True,2296,0,2296,0,0,198,2098,2296,0,0,214,2082
S1B_IW_GRDH_1SDV_20190412T052634_20190412T052659_015769_01D98F_CDFA_COG,outputs\diagnostics\design_c\c2v\scene_checkpoints\primary\S1B_IW_GRDH_1SDV_20190412T052634_20190412T052659_015769_01D98F_CDFA_COG.csv.gz,True,,2019,2019-04-12,descending,168,sentinel-1b,2296,False,1,True,2296,0,2296,0,0,198,2098,2296,0,0,213,2083
S1B_IW_GRDH_1SDV_20190413T171355_20190413T171420_015791_01DA48_7354_COG,outputs\diagnostics\design_c\c2v\scene_checkpoints\primary\S1B_IW_GRDH_1SDV_20190413T171355_20190413T171420_015791_01DA48_7354_COG.csv.gz,True,,2019,2019-04-13,ascending,15,sentinel-1b,1298,False,1,True,1298,0,1298,0,0,0,1298,1298,0,0,50,1248
S1B_IW_GRDH_1SDV_20190413T171355_20190413T171420_015791_01DA48_D21E_COG,outputs\diagnostics\design_c\c2v\scene_checkpoints\primary\S1B_IW_GRDH_1SDV_20190413T171355_20190413T171420_015791_01DA48_D21E_COG.csv.gz,True,,2019,2019-04-13,ascending,15,sentinel-1b,1298,False,1,True,1298,0,1298,0,0,0,1298,1298,0,0,48,1250
S1B_IW_GRDH_1SDV_20190413T171420_20190413T171445_015791_01DA48_0FA3_COG,outputs\diagnostics\design_c\c2v\scene_checkpoints\primary\S1B_IW_GRDH_1SDV_20190413T171420_20190413T171445_015791_01DA48_0FA3_COG.csv.gz,True,,2019,2019-04-13,ascending,15,sentinel-1b,3033,False,1,True,3033,0,3033,0,0,2,3031,3033,0,0,160,2873
S1B_IW_GRDH_1SDV_20190413T171420_20190413T171445_015791_01DA48_806E_COG,outputs\diagnostics\design_c\c2v\scene_checkpoints\primary\S1B_IW_GRDH_1SDV_20190413T171420_20190413T171445_015791_01DA48_806E_COG.csv.gz,True,,2019,2019-04-13,ascending,15,sentinel-1b,3033,False,1,True,3033,0,3033,0,0,2,3031,3033,0,0,159,2874
S1B_IW_GRDH_1SDV_20190417T053439_20190417T053504_015842_01DC01_4D36_COG,outputs\diagnostics\design_c\c2v\scene_checkpoints\primary\S1B_IW_GRDH_1SDV_20190417T053439_20190417T053504_015842_01DC01_4D36_COG.csv.gz,True,,2019,2019-04-17,descending,66,sentinel-1b,4331,False,1,True,4331,0,4331,0,0,6,4325,4331,0,0,210,4121
S1B_IW_GRDH_1SDV_20190417T053439_20190417T053504_015842_01DC01_80ED_COG,outputs\diagnostics\design_c\c2v\scene_checkpoints\primary\S1B_IW_GRDH_1SDV_20190417T053439_20190417T053504_015842_01DC01_80ED_COG.csv.gz,True,,2019,2019-04-17,descending,66,sentinel-1b,4331,False,1,True,4331,0,4331,0,0,6,4325,4331,0,0,218,4113
S1B_IW_GRDH_1SDV_20190417T053504_20190417T053529_015842_01DC01_23AE_COG,outputs\diagnostics\design_c\c2v\scene_checkpoints\primary\S1B_IW_GRDH_1SDV_20190417T053504_20190417T053529_015842_01DC01_23AE_COG.csv.gz,True,,2019,2019-04-17,descending,66,sentinel-1b,0,True,0,True,0,0,0,0,0,0,0,0,0,0,0,0
S1B_IW_GRDH_1SDV_20190417T053504_20190417T053529_015842_01DC01_B61B_COG,outputs\diagnostics\design_c\c2v\scene_checkpoints\primary\S1B_IW_GRDH_1SDV_20190417T053504_20190417T053529_015842_01DC01_B61B_COG.csv.gz,True,,2019,2019-04-17,descending,66,sentinel-1b,0,True,0,True,0,0,0,0,0,0,0,0,0,0,0,0
S1B_IW_GRDH_1SDV_20190418T172207_20190418T172232_015864_01DCBF_4525_COG,outputs\diagnostics\design_c\c2v\scene_checkpoints\primary\S1B_IW_GRDH_1SDV_20190418T172207_20190418T172232_015864_01DCBF_4525_COG.csv.gz,True,,2019,2019-04-18,ascending,88,sentinel-1b,2135,False,1,True,2135,0,2135,0,0,141,1994,2135,0,0,189,1946
S1B_IW_GRDH_1SDV_20190418T172207_20190418T172232_015864_01DCBF_C67A_COG,outputs\diagnostics\design_c\c2v\scene_checkpoints\primary\S1B_IW_GRDH_1SDV_20190418T172207_20190418T172232_015864_01DCBF_C67A_COG.csv.gz,True,,2019,2019-04-18,ascending,88,sentinel-1b,2136,False,1,True,2136,0,2136,0,0,142,1994,2136,0,0,202,1934
S1B_IW_GRDH_1SDV_20190418T172232_20190418T172257_015864_01DCBF_3BFB_COG,outputs\diagnostics\design_c\c2v\scene_checkpoints\primary\S1B_IW_GRDH_1SDV_20190418T172232_20190418T172257_015864_01DCBF_3BFB_COG.csv.gz,True,,2019,2019-04-18,ascending,88,sentinel-1b,1738,False,1,True,1738,0,1738,0,0,24,1714,1738,0,0,96,1642
S1B_IW_GRDH_1SDV_20190418T172232_20190418T172257_015864_01DCBF_7CD5_COG,outputs\diagnostics\design_c\c2v\scene_checkpoints\primary\S1B_IW_GRDH_1SDV_20190418T172232_20190418T172257_015864_01DCBF_7CD5_COG.csv.gz,True,,2019,2019-04-18,ascending,88,sentinel-1b,1738,False,1,True,1738,0,1738,0,0,22,1716,1738,0,0,92,1646
S1A_IW_GRDH_1SDV_20190419T171450_20190419T171515_026862_030523_1B32_COG,outputs\diagnostics\design_c\c2v\scene_checkpoints\primary\S1A_IW_GRDH_1SDV_20190419T171450_20190419T171515_026862_030523_1B32_COG.csv.gz,True,,2019,2019-04-19,ascending,15,sentinel-1a,4331,False,1,True,4331,0,4331,0,0,11,4320,4331,0,0,437,3894
S1A_IW_GRDH_1SDV_20190419T171450_20190419T171515_026862_030523_5699_COG,outputs\diagnostics\design_c\c2v\scene_checkpoints\primary\S1A_IW_GRDH_1SDV_20190419T171450_20190419T171515_026862_030523_5699_COG.csv.gz,True,,2019,2019-04-19,ascending,15,sentinel-1a,4331,False,1,True,4331,0,4331,0,0,9,4322,4331,0,0,443,3888
S1A_IW_GRDH_1SDV_20190423T053517_20190423T053542_026913_030702_16F4_COG,outputs\diagnostics\design_c\c2v\scene_checkpoints\primary\S1A_IW_GRDH_1SDV_20190423T053517_20190423T053542_026913_030702_16F4_COG.csv.gz,True,,2019,2019-04-23,descending,66,sentinel-1a,3324,False,1,True,3324,0,3324,0,0,0,3324,3324,0,0,126,3198
S1A_IW_GRDH_1SDV_20190423T053520_20190423T053545_026913_030702_D81A_COG,outputs\diagnostics\design_c\c2v\scene_checkpoints\primary\S1A_IW_GRDH_1SDV_20190423T053520_20190423T053545_026913_030702_D81A_COG.csv.gz,True,,2019,2019-04-23,descending,66,sentinel-1a,4331,False,1,True,4331,0,4331,0,0,5,4326,4331,0,0,284,4047
S1A_IW_GRDH_1SDV_20190423T053542_20190423T053607_026913_030702_3B91_COG,outputs\diagnostics\design_c\c2v\scene_checkpoints\primary\S1A_IW_GRDH_1SDV_20190423T053542_20190423T053607_026913_030702_3B91_COG.csv.gz,True,,2019,2019-04-23,descending,66,sentinel-1a,1007,False,1,True,1007,0,1007,0,0,0,1007,1007,0,0,28,979
S1A_IW_GRDH_1SDV_20190423T053545_20190423T053610_026913_030702_2144_COG,outputs\diagnostics\design_c\c2v\scene_checkpoints\primary\S1A_IW_GRDH_1SDV_20190423T053545_20190423T053610_026913_030702_2144_COG.csv.gz,True,,2019,2019-04-23,descending,66,sentinel-1a,0,True,0,True,0,0,0,0,0,0,0,0,0,0,0,0
S1A_IW_GRDH_1SDV_20190424T172257_20190424T172322_026935_0307CD_0F0D_COG,outputs\diagnostics\design_c\c2v\scene_checkpoints\primary\S1A_IW_GRDH_1SDV_20190424T172257_20190424T172322_026935_0307CD_0F0D_COG.csv.gz,True,,2019,2019-04-24,ascending,88,sentinel-1a,3851,False,1,True,3851,0,3851,0,0,149,3702,3851,0,0,230,3621
S1A_IW_GRDH_1SDV_20190424T172257_20190424T172322_026935_0307CD_2C57_COG,outputs\diagnostics\design_c\c2v\scene_checkpoints\primary\S1A_IW_GRDH_1SDV_20190424T172257_20190424T172322_026935_0307CD_2C57_COG.csv.gz,True,,2019,2019-04-24,ascending,88,sentinel-1a,3851,False,1,True,3851,0,3851,0,0,150,3701,3851,0,0,234,3617
S1A_IW_GRDH_1SDV_20190424T172322_20190424T172347_026935_0307CD_727B_COG,outputs\diagnostics\design_c\c2v\scene_checkpoints\primary\S1A_IW_GRDH_1SDV_20190424T172322_20190424T172347_026935_0307CD_727B_COG.csv.gz,True,,2019,2019-04-24,ascending,88,sentinel-1a,0,True,0,True,0,0,0,0,0,0,0,0,0,0,0,0
S1A_IW_GRDH_1SDV_20190424T172322_20190424T172347_026935_0307CD_D508_COG,outputs\diagnostics\design_c\c2v\scene_checkpoints\primary\S1A_IW_GRDH_1SDV_20190424T172322_20190424T172347_026935_0307CD_D508_COG.csv.gz,True,,2019,2019-04-24,ascending,88,sentinel-1a,0,True,0,True,0,0,0,0,0,0,0,0,0,0,0,0
S1B_IW_GRDH_1SDV_20190424T052634_20190424T052659_015944_01DF5C_5F30_COG,outputs\diagnostics\design_c\c2v\scene_checkpoints\primary\S1B_IW_GRDH_1SDV_20190424T052634_20190424T052659_015944_01DF5C_5F30_COG.csv.gz,True,,2019,2019-04-24,descending,168,sentinel-1b,2297,False,1,True,2297,0,2297,0,0,198,2099,2297,0,0,218,2079
S1B_IW_GRDH_1SDV_20190429T053440_20190429T053505_016017_01E1D1_5652_COG,outputs\diagnostics\design_c\c2v\scene_checkpoints\primary\S1B_IW_GRDH_1SDV_20190429T053440_20190429T053505_016017_01E1D1_5652_COG.csv.gz,True,,2019,2019-04-29,descending,66,sentinel-1b,4331,False,1,True,4331,0,4331,0,0,3,4328,4331,0,0,214,4117
S1B_IW_GRDH_1SDV_20190429T053440_20190429T053505_016017_01E1D1_7F9F_COG,outputs\diagnostics\design_c\c2v\scene_checkpoints\primary\S1B_IW_GRDH_1SDV_20190429T053440_20190429T053505_016017_01E1D1_7F9F_COG.csv.gz,True,,2019,2019-04-29,descending,66,sentinel-1b,4331,False,1,True,4331,0,4331,0,0,4,4327,4331,0,0,226,4105
S1B_IW_GRDH_1SDV_20190429T053505_20190429T053530_016017_01E1D1_58A3_COG,outputs\diagnostics\design_c\c2v\scene_checkpoints\primary\S1B_IW_GRDH_1SDV_20190429T053505_20190429T053530_016017_01E1D1_58A3_COG.csv.gz,True,,2019,2019-04-29,descending,66,sentinel-1b,0,True,0,True,0,0,0,0,0,0,0,0,0,0,0,0
S1B_IW_GRDH_1SDV_20190429T053505_20190429T053530_016017_01E1D1_6402_COG,outputs\diagnostics\design_c\c2v\scene_checkpoints\primary\S1B_IW_GRDH_1SDV_20190429T053505_20190429T053530_016017_01E1D1_6402_COG.csv.gz,True,,2019,2019-04-29,descending,66,sentinel-1b,0,True,0,True,0,0,0,0,0,0,0,0,0,0,0,0
S1B_IW_GRDH_1SDV_20190430T172208_20190430T172233_016039_01E299_215F_COG,outputs\diagnostics\design_c\c2v\scene_checkpoints\primary\S1B_IW_GRDH_1SDV_20190430T172208_20190430T172233_016039_01E299_215F_COG.csv.gz,True,,2019,2019-04-30,ascending,88,sentinel-1b,2134,False,1,True,2134,0,2134,0,0,142,1992,2134,0,0,189,1945
S1B_IW_GRDH_1SDV_20190430T172208_20190430T172233_016039_01E299_445D_COG,outputs\diagnostics\design_c\c2v\scene_checkpoints\primary\S1B_IW_GRDH_1SDV_20190430T172208_20190430T172233_016039_01E299_445D_COG.csv.gz,True,,2019,2019-04-30,ascending,88,sentinel-1b,2134,False,1,True,2134,0,2134,0,0,141,1993,2134,0,0,181,1953
S1B_IW_GRDH_1SDV_20190430T172233_20190430T172258_016039_01E299_154E_COG,outputs\diagnostics\design_c\c2v\scene_checkpoints\primary\S1B_IW_GRDH_1SDV_20190430T172233_20190430T172258_016039_01E299_154E_COG.csv.gz,True,,2019,2019-04-30,ascending,88,sentinel-1b,1737,False,1,True,1737,0,1737,0,0,22,1715,1737,0,0,83,1654
S1B_IW_GRDH_1SDV_20190430T172233_20190430T172258_016039_01E299_2843_COG,outputs\diagnostics\design_c\c2v\scene_checkpoints\primary\S1B_IW_GRDH_1SDV_20190430T172233_20190430T172258_016039_01E299_2843_COG.csv.gz,True,,2019,2019-04-30,ascending,88,sentinel-1b,1737,False,1,True,1737,0,1737,0,0,22,1715,1737,0,0,79,1658
S1A_IW_GRDH_1SDV_20190430T052702_20190430T052727_027015_030ABC_B671_COG,outputs\diagnostics\design_c\c2v\scene_checkpoints\primary\S1A_IW_GRDH_1SDV_20190430T052702_20190430T052727_027015_030ABC_B671_COG.csv.gz,True,,2019,2019-04-30,descending,168,sentinel-1a,2,False,1,True,2,0,2,0,0,2,0,2,0,0,2,0
S1A_IW_GRDH_1SDV_20190430T052705_20190430T052730_027015_030ABC_4D0B_COG,outputs\diagnostics\design_c\c2v\scene_checkpoints\primary\S1A_IW_GRDH_1SDV_20190430T052705_20190430T052730_027015_030ABC_4D0B_COG.csv.gz,True,,2019,2019-04-30,descending,168,sentinel-1a,630,False,1,True,630,0,630,0,0,149,481,630,0,0,162,468
S1A_IW_GRDH_1SDV_20190430T052727_20190430T052752_027015_030ABC_75E7_COG,outputs\diagnostics\design_c\c2v\scene_checkpoints\primary\S1A_IW_GRDH_1SDV_20190430T052727_20190430T052752_027015_030ABC_75E7_COG.csv.gz,True,,2019,2019-04-30,descending,168,sentinel-1a,2411,False,1,True,2411,0,2411,0,0,300,2111,2411,0,0,361,2050
S1A_IW_GRDH_1SDV_20190430T052730_20190430T052755_027015_030ABC_30E8_COG,outputs\diagnostics\design_c\c2v\scene_checkpoints\primary\S1A_IW_GRDH_1SDV_20190430T052730_20190430T052755_027015_030ABC_30E8_COG.csv.gz,True,,2019,2019-04-30,descending,168,sentinel-1a,1990,False,1,True,1990,0,1990,0,0,362,1628,1990,0,0,412,1578
S1A_IW_GRDH_1SDV_20190501T171451_20190501T171516_027037_030B82_A471_COG,outputs\diagnostics\design_c\c2v\scene_checkpoints\primary\S1A_IW_GRDH_1SDV_20190501T171451_20190501T171516_027037_030B82_A471_COG.csv.gz,True,,2019,2019-05-01,ascending,15,sentinel-1a,4331,False,1,True,4331,0,4331,0,0,8,4323,4331,0,0,457,3874
S1A_IW_GRDH_1SDV_20190501T171451_20190501T171516_027037_030B82_DA74_COG,outputs\diagnostics\design_c\c2v\scene_checkpoints\primary\S1A_IW_GRDH_1SDV_20190501T171451_20190501T171516_027037_030B82_DA74_COG.csv.gz,True,,2019,2019-05-01,ascending,15,sentinel-1a,4331,False,1,True,4331,0,4331,0,0,14,4317,4331,0,0,482,3849
S1A_IW_GRDH_1SDV_20190505T053518_20190505T053543_027088_030D62_F48E_COG,outputs\diagnostics\design_c\c2v\scene_checkpoints\primary\S1A_IW_GRDH_1SDV_20190505T053518_20190505T053543_027088_030D62_F48E_COG.csv.gz,True,,2019,2019-05-05,descending,66,sentinel-1a,3328,False,1,True,3328,0,3328,0,0,3,3325,3328,0,0,212,3116
S1A_IW_GRDH_1SDV_20190505T053520_20190505T053545_027088_030D62_E2C1_COG,outputs\diagnostics\design_c\c2v\scene_checkpoints\primary\S1A_IW_GRDH_1SDV_20190505T053520_20190505T053545_027088_030D62_E2C1_COG.csv.gz,True,,2019,2019-05-05,descending,66,sentinel-1a,4331,False,1,True,4331,0,4331,0,0,1,4330,4331,0,0,436,3895
S1A_IW_GRDH_1SDV_20190505T053543_20190505T053608_027088_030D62_9CFE_COG,outputs\diagnostics\design_c\c2v\scene_checkpoints\primary\S1A_IW_GRDH_1SDV_20190505T053543_20190505T053608_027088_030D62_9CFE_COG.csv.gz,True,,2019,2019-05-05,descending,66,sentinel-1a,1002,False,1,True,1002,0,1002,0,0,0,1002,1002,0,0,38,964
S1A_IW_GRDH_1SDV_20190505T053545_20190505T053610_027088_030D62_1578_COG,outputs\diagnostics\design_c\c2v\scene_checkpoints\primary\S1A_IW_GRDH_1SDV_20190505T053545_20190505T053610_027088_030D62_1578_COG.csv.gz,True,,2019,2019-05-05,descending,66,sentinel-1a,0,True,0,True,0,0,0,0,0,0,0,0,0,0,0,0
S1A_IW_GRDH_1SDV_20190506T172257_20190506T172322_027110_030E30_1397_COG,outputs\diagnostics\design_c\c2v\scene_checkpoints\primary\S1A_IW_GRDH_1SDV_20190506T172257_20190506T172322_027110_030E30_1397_COG.csv.gz,True,,2019,2019-05-06,ascending,88,sentinel-1a,3857,False,1,True,3857,0,3857,0,0,150,3707,3857,0,0,332,3525
S1A_IW_GRDH_1SDV_20190506T172257_20190506T172322_027110_030E30_6E25_COG,outputs\diagnostics\design_c\c2v\scene_checkpoints\primary\S1A_IW_GRDH_1SDV_20190506T172257_20190506T172322_027110_030E30_6E25_COG.csv.gz,True,,2019,2019-05-06,ascending,88,sentinel-1a,3858,False,1,True,3858,0,3858,0,0,150,3708,3858,0,0,332,3526
S1A_IW_GRDH_1SDV_20190506T172322_20190506T172347_027110_030E30_0A4E_COG,outputs\diagnostics\design_c\c2v\scene_checkpoints\primary\S1A_IW_GRDH_1SDV_20190506T172322_20190506T172347_027110_030E30_0A4E_COG.csv.gz,True,,2019,2019-05-06,ascending,88,sentinel-1a,0,True,0,True,0,0,0,0,0,0,0,0,0,0,0,0
S1A_IW_GRDH_1SDV_20190506T172322_20190506T172347_027110_030E30_2381_COG,outputs\diagnostics\design_c\c2v\scene_checkpoints\primary\S1A_IW_GRDH_1SDV_20190506T172322_20190506T172347_027110_030E30_2381_COG.csv.gz,True,,2019,2019-05-06,ascending,88,sentinel-1a,0,True,0,True,0,0,0,0,0,0,0,0,0,0,0,0
S1B_IW_GRDH_1SDV_20190506T052635_20190506T052700_016119_01E53A_121C_COG,outputs\diagnostics\design_c\c2v\scene_checkpoints\primary\S1B_IW_GRDH_1SDV_20190506T052635_20190506T052700_016119_01E53A_121C_COG.csv.gz,True,,2019,2019-05-06,descending,168,sentinel-1b,2304,False,1,True,2304,0,2304,0,0,204,2100,2304,0,0,238,2066
S1B_IW_GRDH_1SDV_20190506T052635_20190506T052700_016119_01E53A_DDFE_COG,outputs\diagnostics\design_c\c2v\scene_checkpoints\primary\S1B_IW_GRDH_1SDV_20190506T052635_20190506T052700_016119_01E53A_DDFE_COG.csv.gz,True,,2019,2019-05-06,descending,168,sentinel-1b,2304,False,1,True,2304,0,2304,0,0,205,2099,2304,0,0,241,2063
S1B_IW_GRDH_1SDV_20190507T171356_20190507T171421_016141_01E5E8_DA33_COG,outputs\diagnostics\design_c\c2v\scene_checkpoints\primary\S1B_IW_GRDH_1SDV_20190507T171356_20190507T171421_016141_01E5E8_DA33_COG.csv.gz,True,,2019,2019-05-07,ascending,15,sentinel-1b,1295,False,1,True,1295,0,1295,0,0,0,1295,1295,0,0,100,1195
S1B_IW_GRDH_1SDV_20190507T171356_20190507T171421_016141_01E5E8_DBA1_COG,outputs\diagnostics\design_c\c2v\scene_checkpoints\primary\S1B_IW_GRDH_1SDV_20190507T171356_20190507T171421_016141_01E5E8_DBA1_COG.csv.gz,True,,2019,2019-05-07,ascending,15,sentinel-1b,1295,False,1,True,1295,0,1295,0,0,0,1295,1295,0,0,94,1201
S1B_IW_GRDH_1SDV_20190507T171421_20190507T171446_016141_01E5E8_41CB_COG,outputs\diagnostics\design_c\c2v\scene_checkpoints\primary\S1B_IW_GRDH_1SDV_20190507T171421_20190507T171446_016141_01E5E8_41CB_COG.csv.gz,True,,2019,2019-05-07,ascending,15,sentinel-1b,3036,False,1,True,3036,0,3036,0,0,9,3027,3036,0,0,299,2737
S1B_IW_GRDH_1SDV_20190507T171421_20190507T171446_016141_01E5E8_EA91_COG,outputs\diagnostics\design_c\c2v\scene_checkpoints\primary\S1B_IW_GRDH_1SDV_20190507T171421_20190507T171446_016141_01E5E8_EA91_COG.csv.gz,True,,2019,2019-05-07,ascending,15,sentinel-1b,3036,False,1,True,3036,0,3036,0,0,12,3024,3036,0,0,289,2747
S1B_IW_GRDH_1SDV_20190511T053440_20190511T053505_016192_01E786_0DAD_COG,outputs\diagnostics\design_c\c2v\scene_checkpoints\primary\S1B_IW_GRDH_1SDV_20190511T053440_20190511T053505_016192_01E786_0DAD_COG.csv.gz,True,,2019,2019-05-11,descending,66,sentinel-1b,4331,False,1,True,4331,0,4331,0,0,2,4329,4331,0,0,217,4114
S1B_IW_GRDH_1SDV_20190511T053440_20190511T053505_016192_01E786_B238_COG,outputs\diagnostics\design_c\c2v\scene_checkpoints\primary\S1B_IW_GRDH_1SDV_20190511T053440_20190511T053505_016192_01E786_B238_COG.csv.gz,True,,2019,2019-05-11,descending,66,sentinel-1b,4331,False,1,True,4331,0,4331,0,0,3,4328,4331,0,0,224,4107
S1B_IW_GRDH_1SDV_20190511T053505_20190511T053530_016192_01E786_4692_COG,outputs\diagnostics\design_c\c2v\scene_checkpoints\primary\S1B_IW_GRDH_1SDV_20190511T053505_20190511T053530_016192_01E786_4692_COG.csv.gz,True,,2019,2019-05-11,descending,66,sentinel-1b,0,True,0,True,0,0,0,0,0,0,0,0,0,0,0,0
S1B_IW_GRDH_1SDV_20190511T053505_20190511T053530_016192_01E786_EB45_COG,outputs\diagnostics\design_c\c2v\scene_checkpoints\primary\S1B_IW_GRDH_1SDV_20190511T053505_20190511T053530_016192_01E786_EB45_COG.csv.gz,True,,2019,2019-05-11,descending,66,sentinel-1b,0,True,0,True,0,0,0,0,0,0,0,0,0,0,0,0
S1B_IW_GRDH_1SDV_20190512T172208_20190512T172233_016214_01E83D_CF2E_COG,outputs\diagnostics\design_c\c2v\scene_checkpoints\primary\S1B_IW_GRDH_1SDV_20190512T172208_20190512T172233_016214_01E83D_CF2E_COG.csv.gz,True,,2019,2019-05-12,ascending,88,sentinel-1b,2134,False,1,True,2134,0,2134,0,0,142,1992,2134,0,0,188,1946
S1B_IW_GRDH_1SDV_20190512T172208_20190512T172233_016214_01E83D_F814_COG,outputs\diagnostics\design_c\c2v\scene_checkpoints\primary\S1B_IW_GRDH_1SDV_20190512T172208_20190512T172233_016214_01E83D_F814_COG.csv.gz,True,,2019,2019-05-12,ascending,88,sentinel-1b,2133,False,1,True,2133,0,2133,0,0,142,1991,2133,0,0,187,1946
S1B_IW_GRDH_1SDV_20190512T172233_20190512T172258_016214_01E83D_AEAB_COG,outputs\diagnostics\design_c\c2v\scene_checkpoints\primary\S1B_IW_GRDH_1SDV_20190512T172233_20190512T172258_016214_01E83D_AEAB_COG.csv.gz,True,,2019,2019-05-12,ascending,88,sentinel-1b,1740,False,1,True,1740,0,1740,0,0,22,1718,1740,0,0,86,1654
S1B_IW_GRDH_1SDV_20190512T172233_20190512T172258_016214_01E83D_F077_COG,outputs\diagnostics\design_c\c2v\scene_checkpoints\primary\S1B_IW_GRDH_1SDV_20190512T172233_20190512T172258_016214_01E83D_F077_COG.csv.gz,True,,2019,2019-05-12,ascending,88,sentinel-1b,1739,False,1,True,1739,0,1739,0,0,22,1717,1739,0,0,86,1653
S1A_IW_GRDH_1SDV_20190512T052702_20190512T052727_027190_0310B1_D790_COG,outputs\diagnostics\design_c\c2v\scene_checkpoints\primary\S1A_IW_GRDH_1SDV_20190512T052702_20190512T052727_027190_0310B1_D790_COG.csv.gz,True,,2019,2019-05-12,descending,168,sentinel-1a,1,False,1,True,1,0,1,0,0,1,0,1,0,0,1,0
S1A_IW_GRDH_1SDV_20190512T052705_20190512T052730_027190_0310B1_5B72_COG,outputs\diagnostics\design_c\c2v\scene_checkpoints\primary\S1A_IW_GRDH_1SDV_20190512T052705_20190512T052730_027190_0310B1_5B72_COG.csv.gz,True,,2019,2019-05-12,descending,168,sentinel-1a,621,False,1,True,621,0,621,0,0,149,472,621,0,0,160,461
S1A_IW_GRDH_1SDV_20190512T052727_20190512T052752_027190_0310B1_F3A5_COG,outputs\diagnostics\design_c\c2v\scene_checkpoints\primary\S1A_IW_GRDH_1SDV_20190512T052727_20190512T052752_027190_0310B1_F3A5_COG.csv.gz,True,,2019,2019-05-12,descending,168,sentinel-1a,2402,False,1,True,2402,0,2402,0,0,301,2101,2402,0,0,336,2066
S1A_IW_GRDH_1SDV_20190512T052730_20190512T052755_027190_0310B1_E472_COG,outputs\diagnostics\design_c\c2v\scene_checkpoints\primary\S1A_IW_GRDH_1SDV_20190512T052730_20190512T052755_027190_0310B1_E472_COG.csv.gz,True,,2019,2019-05-12,descending,168,sentinel-1a,1988,False,1,True,1988,0,1988,0,0,363,1625,1988,0,0,392,1596
S1A_IW_GRDH_1SDV_20190513T171451_20190513T171516_027212_031159_5ED7_COG,outputs\diagnostics\design_c\c2v\scene_checkpoints\primary\S1A_IW_GRDH_1SDV_20190513T171451_20190513T171516_027212_031159_5ED7_COG.csv.gz,True,,2019,2019-05-13,ascending,15,sentinel-1a,4331,False,1,True,4331,0,4331,0,0,9,4322,4331,0,0,403,3928
S1A_IW_GRDH_1SDV_20190513T171451_20190513T171516_027212_031159_5EE3_COG,outputs\diagnostics\design_c\c2v\scene_checkpoints\primary\S1A_IW_GRDH_1SDV_20190513T171451_20190513T171516_027212_031159_5EE3_COG.csv.gz,True,,2019,2019-05-13,ascending,15,sentinel-1a,4331,False,1,True,4331,0,4331,0,0,5,4326,4331,0,0,390,3941
S1A_IW_GRDH_1SDV_20190517T053518_20190517T053543_027263_0312F1_84F0_COG,outputs\diagnostics\design_c\c2v\scene_checkpoints\primary\S1A_IW_GRDH_1SDV_20190517T053518_20190517T053543_027263_0312F1_84F0_COG.csv.gz,True,,2019,2019-05-17,descending,66,sentinel-1a,3324,False,1,True,3324,0,3324,0,0,5,3319,3324,0,0,386,2938
S1A_IW_GRDH_1SDV_20190517T053521_20190517T053546_027263_0312F1_FB36_COG,outputs\diagnostics\design_c\c2v\scene_checkpoints\primary\S1A_IW_GRDH_1SDV_20190517T053521_20190517T053546_027263_0312F1_FB36_COG.csv.gz,True,,2019,2019-05-17,descending,66,sentinel-1a,4282,False,1,True,4282,0,4282,0,0,5,4277,4282,0,0,466,3816
S1A_IW_GRDH_1SDV_20190517T053543_20190517T053608_027263_0312F1_BBCC_COG,outputs\diagnostics\design_c\c2v\scene_checkpoints\primary\S1A_IW_GRDH_1SDV_20190517T053543_20190517T053608_027263_0312F1_BBCC_COG.csv.gz,True,,2019,2019-05-17,descending,66,sentinel-1a,1007,False,1,True,1007,0,1007,0,0,1,1006,1007,0,0,114,893
S1A_IW_GRDH_1SDV_20190517T053546_20190517T053611_027263_0312F1_C302_COG,outputs\diagnostics\design_c\c2v\scene_checkpoints\primary\S1A_IW_GRDH_1SDV_20190517T053546_20190517T053611_027263_0312F1_C302_COG.csv.gz,True,,2019,2019-05-17,descending,66,sentinel-1a,49,False,1,True,49,0,49,0,0,0,49,49,0,0,1,48
S1A_IW_GRDH_1SDV_20190518T172258_20190518T172323_027285_0313A8_071B_COG,outputs\diagnostics\design_c\c2v\scene_checkpoints\primary\S1A_IW_GRDH_1SDV_20190518T172258_20190518T172323_027285_0313A8_071B_COG.csv.gz,True,,2019,2019-05-18,ascending,88,sentinel-1a,3857,False,1,True,3857,0,3857,0,0,152,3705,3857,0,0,275,3582
S1A_IW_GRDH_1SDV_20190518T172258_20190518T172323_027285_0313A8_AED9_COG,outputs\diagnostics\design_c\c2v\scene_checkpoints\primary\S1A_IW_GRDH_1SDV_20190518T172258_20190518T172323_027285_0313A8_AED9_COG.csv.gz,True,,2019,2019-05-18,ascending,88,sentinel-1a,3857,False,1,True,3857,0,3857,0,0,152,3705,3857,0,0,283,3574
S1A_IW_GRDH_1SDV_20190518T172323_20190518T172348_027285_0313A8_1C26_COG,outputs\diagnostics\design_c\c2v\scene_checkpoints\primary\S1A_IW_GRDH_1SDV_20190518T172323_20190518T172348_027285_0313A8_1C26_COG.csv.gz,True,,2019,2019-05-18,ascending,88,sentinel-1a,0,True,0,True,0,0,0,0,0,0,0,0,0,0,0,0
S1A_IW_GRDH_1SDV_20190518T172323_20190518T172348_027285_0313A8_5620_COG,outputs\diagnostics\design_c\c2v\scene_checkpoints\primary\S1A_IW_GRDH_1SDV_20190518T172323_20190518T172348_027285_0313A8_5620_COG.csv.gz,True,,2019,2019-05-18,ascending,88,sentinel-1a,0,True,0,True,0,0,0,0,0,0,0,0,0,0,0,0
S1B_IW_GRDH_1SDV_20190518T052635_20190518T052700_016294_01EAAB_4F4B_COG,outputs\diagnostics\design_c\c2v\scene_checkpoints\primary\S1B_IW_GRDH_1SDV_20190518T052635_20190518T052700_016294_01EAAB_4F4B_COG.csv.gz,True,,2019,2019-05-18,descending,168,sentinel-1b,2304,False,1,True,2304,0,2304,0,0,200,2104,2304,0,0,235,2069
S1B_IW_GRDH_1SDV_20190518T052635_20190518T052700_016294_01EAAB_73A2_COG,outputs\diagnostics\design_c\c2v\scene_checkpoints\primary\S1B_IW_GRDH_1SDV_20190518T052635_20190518T052700_016294_01EAAB_73A2_COG.csv.gz,True,,2019,2019-05-18,descending,168,sentinel-1b,2304,False,1,True,2304,0,2304,0,0,201,2103,2304,0,0,233,2071
S1B_IW_GRDH_1SDV_20190519T171357_20190519T171422_016316_01EB50_0994_COG,outputs\diagnostics\design_c\c2v\scene_checkpoints\primary\S1B_IW_GRDH_1SDV_20190519T171357_20190519T171422_016316_01EB50_0994_COG.csv.gz,True,,2019,2019-05-19,ascending,15,sentinel-1b,1295,False,1,True,1295,0,1295,0,0,0,1295,1295,0,0,30,1265
S1B_IW_GRDH_1SDV_20190519T171357_20190519T171422_016316_01EB50_37E5_COG,outputs\diagnostics\design_c\c2v\scene_checkpoints\primary\S1B_IW_GRDH_1SDV_20190519T171357_20190519T171422_016316_01EB50_37E5_COG.csv.gz,True,,2019,2019-05-19,ascending,15,sentinel-1b,1295,False,1,True,1295,0,1295,0,0,2,1293,1295,0,0,29,1266
S1B_IW_GRDH_1SDV_20190519T171422_20190519T171447_016316_01EB50_3CFA_COG,outputs\diagnostics\design_c\c2v\scene_checkpoints\primary\S1B_IW_GRDH_1SDV_20190519T171422_20190519T171447_016316_01EB50_3CFA_COG.csv.gz,True,,2019,2019-05-19,ascending,15,sentinel-1b,3036,False,1,True,3036,0,3036,0,0,4,3032,3036,0,0,199,2837
S1B_IW_GRDH_1SDV_20190519T171422_20190519T171447_016316_01EB50_7F25_COG,outputs\diagnostics\design_c\c2v\scene_checkpoints\primary\S1B_IW_GRDH_1SDV_20190519T171422_20190519T171447_016316_01EB50_7F25_COG.csv.gz,True,,2019,2019-05-19,ascending,15,sentinel-1b,3036,False,1,True,3036,0,3036,0,0,1,3035,3036,0,0,209,2827
S1B_IW_GRDH_1SDV_20190523T053441_20190523T053506_016367_01ECEF_2491_COG,outputs\diagnostics\design_c\c2v\scene_checkpoints\primary\S1B_IW_GRDH_1SDV_20190523T053441_20190523T053506_016367_01ECEF_2491_COG.csv.gz,True,,2019,2019-05-23,descending,66,sentinel-1b,4331,False,1,True,4331,0,4331,0,0,8,4323,4331,0,0,190,4141
S1B_IW_GRDH_1SDV_20190523T053441_20190523T053506_016367_01ECEF_B750_COG,outputs\diagnostics\design_c\c2v\scene_checkpoints\primary\S1B_IW_GRDH_1SDV_20190523T053441_20190523T053506_016367_01ECEF_B750_COG.csv.gz,True,,2019,2019-05-23,descending,66,sentinel-1b,4331,False,1,True,4331,0,4331,0,0,9,4322,4331,0,0,194,4137
S1B_IW_GRDH_1SDV_20190523T053506_20190523T053531_016367_01ECEF_6D64_COG,outputs\diagnostics\design_c\c2v\scene_checkpoints\primary\S1B_IW_GRDH_1SDV_20190523T053506_20190523T053531_016367_01ECEF_6D64_COG.csv.gz,True,,2019,2019-05-23,descending,66,sentinel-1b,0,True,0,True,0,0,0,0,0,0,0,0,0,0,0,0
S1B_IW_GRDH_1SDV_20190523T053506_20190523T053531_016367_01ECEF_9566_COG,outputs\diagnostics\design_c\c2v\scene_checkpoints\primary\S1B_IW_GRDH_1SDV_20190523T053506_20190523T053531_016367_01ECEF_9566_COG.csv.gz,True,,2019,2019-05-23,descending,66,sentinel-1b,0,True,0,True,0,0,0,0,0,0,0,0,0,0,0,0
S1B_IW_GRDH_1SDV_20190524T172209_20190524T172234_016389_01EDA6_1B97_COG,outputs\diagnostics\design_c\c2v\scene_checkpoints\primary\S1B_IW_GRDH_1SDV_20190524T172209_20190524T172234_016389_01EDA6_1B97_COG.csv.gz,True,,2019,2019-05-24,ascending,88,sentinel-1b,2133,False,1,True,2133,0,2133,0,0,143,1990,2133,0,0,203,1930
S1B_IW_GRDH_1SDV_20190524T172209_20190524T172234_016389_01EDA6_D0B1_COG,outputs\diagnostics\design_c\c2v\scene_checkpoints\primary\S1B_IW_GRDH_1SDV_20190524T172209_20190524T172234_016389_01EDA6_D0B1_COG.csv.gz,True,,2019,2019-05-24,ascending,88,sentinel-1b,2133,False,1,True,2133,0,2133,0,0,143,1990,2133,0,0,205,1928
S1B_IW_GRDH_1SDV_20190524T172234_20190524T172259_016389_01EDA6_A8CA_COG,outputs\diagnostics\design_c\c2v\scene_checkpoints\primary\S1B_IW_GRDH_1SDV_20190524T172234_20190524T172259_016389_01EDA6_A8CA_COG.csv.gz,True,,2019,2019-05-24,ascending,88,sentinel-1b,1740,False,1,True,1740,0,1740,0,0,23,1717,1740,0,0,86,1654
S1B_IW_GRDH_1SDV_20190524T172234_20190524T172259_016389_01EDA6_FD00_COG,outputs\diagnostics\design_c\c2v\scene_checkpoints\primary\S1B_IW_GRDH_1SDV_20190524T172234_20190524T172259_016389_01EDA6_FD00_COG.csv.gz,True,,2019,2019-05-24,ascending,88,sentinel-1b,1740,False,1,True,1740,0,1740,0,0,23,1717,1740,0,0,82,1658
S1A_IW_GRDH_1SDV_20190524T052703_20190524T052728_027365_03162B_C259_COG,outputs\diagnostics\design_c\c2v\scene_checkpoints\primary\S1A_IW_GRDH_1SDV_20190524T052703_20190524T052728_027365_03162B_C259_COG.csv.gz,True,,2019,2019-05-24,descending,168,sentinel-1a,0,True,0,True,0,0,0,0,0,0,0,0,0,0,0,0
S1A_IW_GRDH_1SDV_20190524T052706_20190524T052731_027365_03162B_A2AD_COG,outputs\diagnostics\design_c\c2v\scene_checkpoints\primary\S1A_IW_GRDH_1SDV_20190524T052706_20190524T052731_027365_03162B_A2AD_COG.csv.gz,True,,2019,2019-05-24,descending,168,sentinel-1a,629,False,1,True,629,0,629,0,0,150,479,629,0,0,162,467
S1A_IW_GRDH_1SDV_20190524T052728_20190524T052753_027365_03162B_B2E2_COG,outputs\diagnostics\design_c\c2v\scene_checkpoints\primary\S1A_IW_GRDH_1SDV_20190524T052728_20190524T052753_027365_03162B_B2E2_COG.csv.gz,True,,2019,2019-05-24,descending,168,sentinel-1a,2413,False,1,True,2413,0,2413,0,0,306,2107,2413,0,0,364,2049
S1A_IW_GRDH_1SDV_20190524T052731_20190524T052756_027365_03162B_C369_COG,outputs\diagnostics\design_c\c2v\scene_checkpoints\primary\S1A_IW_GRDH_1SDV_20190524T052731_20190524T052756_027365_03162B_C369_COG.csv.gz,True,,2019,2019-05-24,descending,168,sentinel-1a,1988,False,1,True,1988,0,1988,0,0,363,1625,1988,0,0,423,1565
S1A_IW_GRDH_1SDV_20190525T171452_20190525T171517_027387_0316D0_5286_COG,outputs\diagnostics\design_c\c2v\scene_checkpoints\primary\S1A_IW_GRDH_1SDV_20190525T171452_20190525T171517_027387_0316D0_5286_COG.csv.gz,True,,2019,2019-05-25,ascending,15,sentinel-1a,4331,False,1,True,4331,0,4331,0,0,3,4328,4331,0,0,352,3979
S1A_IW_GRDH_1SDV_20190525T171452_20190525T171517_027387_0316D0_C329_COG,outputs\diagnostics\design_c\c2v\scene_checkpoints\primary\S1A_IW_GRDH_1SDV_20190525T171452_20190525T171517_027387_0316D0_C329_COG.csv.gz,True,,2019,2019-05-25,ascending,15,sentinel-1a,4331,False,1,True,4331,0,4331,0,0,3,4328,4331,0,0,350,3981
S1A_IW_GRDH_1SDV_20190529T053519_20190529T053544_027438_031868_E82C_COG,outputs\diagnostics\design_c\c2v\scene_checkpoints\primary\S1A_IW_GRDH_1SDV_20190529T053519_20190529T053544_027438_031868_E82C_COG.csv.gz,True,,2019,2019-05-29,descending,66,sentinel-1a,3327,False,1,True,3327,0,3327,0,0,4,3323,3327,0,0,175,3152
S1A_IW_GRDH_1SDV_20190529T053520_20190529T053545_027438_031868_5020_COG,outputs\diagnostics\design_c\c2v\scene_checkpoints\primary\S1A_IW_GRDH_1SDV_20190529T053520_20190529T053545_027438_031868_5020_COG.csv.gz,True,,2019,2019-05-29,descending,66,sentinel-1a,4097,False,1,True,4097,0,4097,0,0,4,4093,4097,0,0,212,3885
S1A_IW_GRDH_1SDV_20190529T053544_20190529T053609_027438_031868_2D24_COG,outputs\diagnostics\design_c\c2v\scene_checkpoints\primary\S1A_IW_GRDH_1SDV_20190529T053544_20190529T053609_027438_031868_2D24_COG.csv.gz,True,,2019,2019-05-29,descending,66,sentinel-1a,1002,False,1,True,1002,0,1002,0,0,1,1001,1002,0,0,57,945
S1A_IW_GRDH_1SDV_20190529T053545_20190529T053610_027438_031868_F667_COG,outputs\diagnostics\design_c\c2v\scene_checkpoints\primary\S1A_IW_GRDH_1SDV_20190529T053545_20190529T053610_027438_031868_F667_COG.csv.gz,True,,2019,2019-05-29,descending,66,sentinel-1a,234,False,1,True,234,0,234,0,0,1,233,234,0,0,10,224
S1A_IW_GRDH_1SDV_20190530T172258_20190530T172323_027460_03191D_46A7_COG,outputs\diagnostics\design_c\c2v\scene_checkpoints\primary\S1A_IW_GRDH_1SDV_20190530T172258_20190530T172323_027460_03191D_46A7_COG.csv.gz,True,,2019,2019-05-30,ascending,88,sentinel-1a,3855,False,1,True,3855,0,3855,0,0,150,3705,3855,0,0,261,3594
S1A_IW_GRDH_1SDV_20190530T172258_20190530T172323_027460_03191D_C7F0_COG,outputs\diagnostics\design_c\c2v\scene_checkpoints\primary\S1A_IW_GRDH_1SDV_20190530T172258_20190530T172323_027460_03191D_C7F0_COG.csv.gz,True,,2019,2019-05-30,ascending,88,sentinel-1a,3854,False,1,True,3854,0,3854,0,0,149,3705,3854,0,0,260,3594
S1A_IW_GRDH_1SDV_20190530T172323_20190530T172348_027460_03191D_8714_COG,outputs\diagnostics\design_c\c2v\scene_checkpoints\primary\S1A_IW_GRDH_1SDV_20190530T172323_20190530T172348_027460_03191D_8714_COG.csv.gz,True,,2019,2019-05-30,ascending,88,sentinel-1a,0,True,0,True,0,0,0,0,0,0,0,0,0,0,0,0
S1A_IW_GRDH_1SDV_20190530T172323_20190530T172348_027460_03191D_D756_COG,outputs\diagnostics\design_c\c2v\scene_checkpoints\primary\S1A_IW_GRDH_1SDV_20190530T172323_20190530T172348_027460_03191D_D756_COG.csv.gz,True,,2019,2019-05-30,ascending,88,sentinel-1a,0,True,0,True,0,0,0,0,0,0,0,0,0,0,0,0
S1B_IW_GRDH_1SDV_20190530T052620_20190530T052645_016469_01F003_565C_COG,outputs\diagnostics\design_c\c2v\scene_checkpoints\primary\S1B_IW_GRDH_1SDV_20190530T052620_20190530T052645_016469_01F003_565C_COG.csv.gz,True,,2019,2019-05-30,descending,168,sentinel-1b,0,True,0,True,0,0,0,0,0,0,0,0,0,0,0,0
S1B_IW_GRDH_1SDV_20190530T052627_20190530T052652_016469_01F003_446C_COG,outputs\diagnostics\design_c\c2v\scene_checkpoints\primary\S1B_IW_GRDH_1SDV_20190530T052627_20190530T052652_016469_01F003_446C_COG.csv.gz,True,,2019,2019-05-30,descending,168,sentinel-1b,1657,False,1,True,1657,0,1657,0,0,283,1374,1657,0,0,318,1339
S1B_IW_GRDH_1SDV_20190530T052645_20190530T052710_016469_01F003_2CB3_COG,outputs\diagnostics\design_c\c2v\scene_checkpoints\primary\S1B_IW_GRDH_1SDV_20190530T052645_20190530T052710_016469_01F003_2CB3_COG.csv.gz,True,,2019,2019-05-30,descending,168,sentinel-1b,2395,False,1,True,2395,0,2395,0,0,285,2110,2395,0,0,331,2064
S1B_IW_GRDH_1SDV_20190530T052652_20190530T052717_016469_01F003_2741_COG,outputs\diagnostics\design_c\c2v\scene_checkpoints\primary\S1B_IW_GRDH_1SDV_20190530T052652_20190530T052717_016469_01F003_2741_COG.csv.gz,True,,2019,2019-05-30,descending,168,sentinel-1b,902,False,1,True,902,0,902,0,0,166,736,902,0,0,187,715
S1B_IW_GRDH_1SDV_20190531T171358_20190531T171423_016491_01F0A2_218E_COG,outputs\diagnostics\design_c\c2v\scene_checkpoints\primary\S1B_IW_GRDH_1SDV_20190531T171358_20190531T171423_016491_01F0A2_218E_COG.csv.gz,True,,2019,2019-05-31,ascending,15,sentinel-1b,1298,False,1,True,1298,0,1298,0,0,2,1296,1298,0,0,91,1207
S1B_IW_GRDH_1SDV_20190531T171358_20190531T171423_016491_01F0A2_653A_COG,outputs\diagnostics\design_c\c2v\scene_checkpoints\primary\S1B_IW_GRDH_1SDV_20190531T171358_20190531T171423_016491_01F0A2_653A_COG.csv.gz,True,,2019,2019-05-31,ascending,15,sentinel-1b,1298,False,1,True,1298,0,1298,0,0,1,1297,1298,0,0,76,1222
S1B_IW_GRDH_1SDV_20190531T171423_20190531T171448_016491_01F0A2_0C48_COG,outputs\diagnostics\design_c\c2v\scene_checkpoints\primary\S1B_IW_GRDH_1SDV_20190531T171423_20190531T171448_016491_01F0A2_0C48_COG.csv.gz,True,,2019,2019-05-31,ascending,15,sentinel-1b,3033,False,1,True,3033,0,3033,0,0,8,3025,3033,0,0,230,2803
S1B_IW_GRDH_1SDV_20190531T171423_20190531T171448_016491_01F0A2_8E1F_COG,outputs\diagnostics\design_c\c2v\scene_checkpoints\primary\S1B_IW_GRDH_1SDV_20190531T171423_20190531T171448_016491_01F0A2_8E1F_COG.csv.gz,True,,2019,2019-05-31,ascending,15,sentinel-1b,3033,False,1,True,3033,0,3033,0,0,4,3029,3033,0,0,241,2792
S1B_IW_GRDH_1SDV_20190604T053441_20190604T053506_016542_01F23F_3463_COG,outputs\diagnostics\design_c\c2v\scene_checkpoints\primary\S1B_IW_GRDH_1SDV_20190604T053441_20190604T053506_016542_01F23F_3463_COG.csv.gz,True,,2019,2019-06-04,descending,66,sentinel-1b,4331,False,1,True,4331,0,4331,0,0,4,4327,4331,0,0,283,4048
S1B_IW_GRDH_1SDV_20190604T053441_20190604T053506_016542_01F23F_47D1_COG,outputs\diagnostics\design_c\c2v\scene_checkpoints\primary\S1B_IW_GRDH_1SDV_20190604T053441_20190604T053506_016542_01F23F_47D1_COG.csv.gz,True,,2019,2019-06-04,descending,66,sentinel-1b,4331,False,1,True,4331,0,4331,0,0,4,4327,4331,0,0,270,4061
S1B_IW_GRDH_1SDV_20190604T053506_20190604T053531_016542_01F23F_85D9_COG,outputs\diagnostics\design_c\c2v\scene_checkpoints\primary\S1B_IW_GRDH_1SDV_20190604T053506_20190604T053531_016542_01F23F_85D9_COG.csv.gz,True,,2019,2019-06-04,descending,66,sentinel-1b,0,True,0,True,0,0,0,0,0,0,0,0,0,0,0,0
S1B_IW_GRDH_1SDV_20190604T053506_20190604T053531_016542_01F23F_C05E_COG,outputs\diagnostics\design_c\c2v\scene_checkpoints\primary\S1B_IW_GRDH_1SDV_20190604T053506_20190604T053531_016542_01F23F_C05E_COG.csv.gz,True,,2019,2019-06-04,descending,66,sentinel-1b,0,True,0,True,0,0,0,0,0,0,0,0,0,0,0,0
S1B_IW_GRDH_1SDV_20190605T172210_20190605T172235_016564_01F2EB_6F7D_COG,outputs\diagnostics\design_c\c2v\scene_checkpoints\primary\S1B_IW_GRDH_1SDV_20190605T172210_20190605T172235_016564_01F2EB_6F7D_COG.csv.gz,True,,2019,2019-06-05,ascending,88,sentinel-1b,2135,False,1,True,2135,0,2135,0,0,143,1992,2135,0,0,209,1926
S1B_IW_GRDH_1SDV_20190605T172210_20190605T172235_016564_01F2EB_D6DD_COG,outputs\diagnostics\design_c\c2v\scene_checkpoints\primary\S1B_IW_GRDH_1SDV_20190605T172210_20190605T172235_016564_01F2EB_D6DD_COG.csv.gz,True,,2019,2019-06-05,ascending,88,sentinel-1b,2135,False,1,True,2135,0,2135,0,0,143,1992,2135,0,0,211,1924
S1B_IW_GRDH_1SDV_20190605T172235_20190605T172300_016564_01F2EB_174D_COG,outputs\diagnostics\design_c\c2v\scene_checkpoints\primary\S1B_IW_GRDH_1SDV_20190605T172235_20190605T172300_016564_01F2EB_174D_COG.csv.gz,True,,2019,2019-06-05,ascending,88,sentinel-1b,1740,False,1,True,1740,0,1740,0,0,23,1717,1740,0,0,88,1652
S1B_IW_GRDH_1SDV_20190605T172235_20190605T172300_016564_01F2EB_E09C_COG,outputs\diagnostics\design_c\c2v\scene_checkpoints\primary\S1B_IW_GRDH_1SDV_20190605T172235_20190605T172300_016564_01F2EB_E09C_COG.csv.gz,True,,2019,2019-06-05,ascending,88,sentinel-1b,1740,False,1,True,1740,0,1740,0,0,23,1717,1740,0,0,83,1657
S1A_IW_GRDH_1SDV_20190605T052701_20190605T052726_027540_031B94_31F7_COG,outputs\diagnostics\design_c\c2v\scene_checkpoints\primary\S1A_IW_GRDH_1SDV_20190605T052701_20190605T052726_027540_031B94_31F7_COG.csv.gz,True,,2019,2019-06-05,descending,168,sentinel-1a,0,True,0,True,0,0,0,0,0,0,0,0,0,0,0,0
S1A_IW_GRDH_1SDV_20190605T052706_20190605T052731_027540_031B94_C74F_COG,outputs\diagnostics\design_c\c2v\scene_checkpoints\primary\S1A_IW_GRDH_1SDV_20190605T052706_20190605T052731_027540_031B94_C74F_COG.csv.gz,True,,2019,2019-06-05,descending,168,sentinel-1a,631,False,1,True,631,0,631,0,0,151,480,631,0,0,168,463
S1A_IW_GRDH_1SDV_20190605T052726_20190605T052751_027540_031B94_2F81_COG,outputs\diagnostics\design_c\c2v\scene_checkpoints\primary\S1A_IW_GRDH_1SDV_20190605T052726_20190605T052751_027540_031B94_2F81_COG.csv.gz,True,,2019,2019-06-05,descending,168,sentinel-1a,2415,False,1,True,2415,0,2415,0,0,303,2112,2415,0,0,463,1952
S1A_IW_GRDH_1SDV_20190605T052731_20190605T052756_027540_031B94_F64C_COG,outputs\diagnostics\design_c\c2v\scene_checkpoints\primary\S1A_IW_GRDH_1SDV_20190605T052731_20190605T052756_027540_031B94_F64C_COG.csv.gz,True,,2019,2019-06-05,descending,168,sentinel-1a,1988,False,1,True,1988,0,1988,0,0,363,1625,1988,0,0,416,1572
S1A_IW_GRDH_1SDV_20190606T171452_20190606T171517_027562_031C3A_044B_COG,outputs\diagnostics\design_c\c2v\scene_checkpoints\primary\S1A_IW_GRDH_1SDV_20190606T171452_20190606T171517_027562_031C3A_044B_COG.csv.gz,True,,2019,2019-06-06,ascending,15,sentinel-1a,4331,False,1,True,4331,0,4331,0,0,5,4326,4331,0,0,389,3942
S1A_IW_GRDH_1SDV_20190606T171452_20190606T171517_027562_031C3A_EE42_COG,outputs\diagnostics\design_c\c2v\scene_checkpoints\primary\S1A_IW_GRDH_1SDV_20190606T171452_20190606T171517_027562_031C3A_EE42_COG.csv.gz,True,,2019,2019-06-06,ascending,15,sentinel-1a,4331,False,1,True,4331,0,4331,0,0,6,4325,4331,0,0,407,3924
S1A_IW_GRDH_1SDV_20190610T053519_20190610T053544_027613_031DC6_9840_COG,outputs\diagnostics\design_c\c2v\scene_checkpoints\primary\S1A_IW_GRDH_1SDV_20190610T053519_20190610T053544_027613_031DC6_9840_COG.csv.gz,True,,2019,2019-06-10,descending,66,sentinel-1a,3324,False,1,True,3324,0,3324,0,0,7,3317,3324,0,0,296,3028
S1A_IW_GRDH_1SDV_20190610T053520_20190610T053545_027613_031DC6_316F_COG,outputs\diagnostics\design_c\c2v\scene_checkpoints\primary\S1A_IW_GRDH_1SDV_20190610T053520_20190610T053545_027613_031DC6_316F_COG.csv.gz,True,,2019,2019-06-10,descending,66,sentinel-1a,3442,False,1,True,3442,0,3442,0,0,4,3438,3442,0,0,324,3118
S1A_IW_GRDH_1SDV_20190610T053544_20190610T053609_027613_031DC6_D958_COG,outputs\diagnostics\design_c\c2v\scene_checkpoints\primary\S1A_IW_GRDH_1SDV_20190610T053544_20190610T053609_027613_031DC6_D958_COG.csv.gz,True,,2019,2019-06-10,descending,66,sentinel-1a,1007,False,1,True,1007,0,1007,0,0,1,1006,1007,0,0,77,930
S1A_IW_GRDH_1SDV_20190610T053545_20190610T053610_027613_031DC6_AD94_COG,outputs\diagnostics\design_c\c2v\scene_checkpoints\primary\S1A_IW_GRDH_1SDV_20190610T053545_20190610T053610_027613_031DC6_AD94_COG.csv.gz,True,,2019,2019-06-10,descending,66,sentinel-1a,889,False,1,True,889,0,889,0,0,1,888,889,0,0,75,814
S1A_IW_GRDH_1SDV_20190611T172259_20190611T172324_027635_031E78_5EF8_COG,outputs\diagnostics\design_c\c2v\scene_checkpoints\primary\S1A_IW_GRDH_1SDV_20190611T172259_20190611T172324_027635_031E78_5EF8_COG.csv.gz,True,,2019,2019-06-11,ascending,88,sentinel-1a,3857,False,1,True,3857,0,3857,0,0,149,3708,3857,0,0,319,3538
S1A_IW_GRDH_1SDV_20190611T172259_20190611T172324_027635_031E78_7D7D_COG,outputs\diagnostics\design_c\c2v\scene_checkpoints\primary\S1A_IW_GRDH_1SDV_20190611T172259_20190611T172324_027635_031E78_7D7D_COG.csv.gz,True,,2019,2019-06-11,ascending,88,sentinel-1a,3857,False,1,True,3857,0,3857,0,0,150,3707,3857,0,0,300,3557
S1A_IW_GRDH_1SDV_20190611T172324_20190611T172349_027635_031E78_293F_COG,outputs\diagnostics\design_c\c2v\scene_checkpoints\primary\S1A_IW_GRDH_1SDV_20190611T172324_20190611T172349_027635_031E78_293F_COG.csv.gz,True,,2019,2019-06-11,ascending,88,sentinel-1a,0,True,0,True,0,0,0,0,0,0,0,0,0,0,0,0
S1A_IW_GRDH_1SDV_20190611T172324_20190611T172349_027635_031E78_74BA_COG,outputs\diagnostics\design_c\c2v\scene_checkpoints\primary\S1A_IW_GRDH_1SDV_20190611T172324_20190611T172349_027635_031E78_74BA_COG.csv.gz,True,,2019,2019-06-11,ascending,88,sentinel-1a,0,True,0,True,0,0,0,0,0,0,0,0,0,0,0,0
S1B_IW_GRDH_1SDV_20190611T052626_20190611T052655_016644_01F53A_4F7A_COG,outputs\diagnostics\design_c\c2v\scene_checkpoints\primary\S1B_IW_GRDH_1SDV_20190611T052626_20190611T052655_016644_01F53A_4F7A_COG.csv.gz,True,,2019,2019-06-11,descending,168,sentinel-1b,2086,False,1,True,2086,0,2086,0,0,45,2041,2086,0,0,92,1994
S1B_IW_GRDH_1SDV_20190611T052626_20190611T052655_016644_01F53A_614C_COG,outputs\diagnostics\design_c\c2v\scene_checkpoints\primary\S1B_IW_GRDH_1SDV_20190611T052626_20190611T052655_016644_01F53A_614C_COG.csv.gz,True,,2019,2019-06-11,descending,168,sentinel-1b,2086,False,1,True,2086,0,2086,0,0,45,2041,2086,0,0,94,1992
S1B_IW_GRDH_1SDV_20190611T052655_20190611T052720_016644_01F53A_EE1B_COG,outputs\diagnostics\design_c\c2v\scene_checkpoints\primary\S1B_IW_GRDH_1SDV_20190611T052655_20190611T052720_016644_01F53A_EE1B_COG.csv.gz,True,,2019,2019-06-11,descending,168,sentinel-1b,60,False,1,True,60,0,60,0,0,1,59,60,0,0,3,57
S1B_IW_GRDH_1SDV_20190611T052655_20190611T052720_016644_01F53A_F98B_COG,outputs\diagnostics\design_c\c2v\scene_checkpoints\primary\S1B_IW_GRDH_1SDV_20190611T052655_20190611T052720_016644_01F53A_F98B_COG.csv.gz,True,,2019,2019-06-11,descending,168,sentinel-1b,60,False,1,True,60,0,60,0,0,1,59,60,0,0,3,57
S1B_IW_GRDH_1SDV_20190612T171358_20190612T171423_016666_01F5DC_07F7_COG,outputs\diagnostics\design_c\c2v\scene_checkpoints\primary\S1B_IW_GRDH_1SDV_20190612T171358_20190612T171423_016666_01F5DC_07F7_COG.csv.gz,True,,2019,2019-06-12,ascending,15,sentinel-1b,1296,False,1,True,1296,0,1296,0,0,0,1296,1296,0,0,69,1227
S1B_IW_GRDH_1SDV_20190612T171358_20190612T171423_016666_01F5DC_4ED5_COG,outputs\diagnostics\design_c\c2v\scene_checkpoints\primary\S1B_IW_GRDH_1SDV_20190612T171358_20190612T171423_016666_01F5DC_4ED5_COG.csv.gz,True,,2019,2019-06-12,ascending,15,sentinel-1b,1295,False,1,True,1295,0,1295,0,0,0,1295,1295,0,0,69,1226
S1B_IW_GRDH_1SDV_20190612T171423_20190612T171448_016666_01F5DC_F438_COG,outputs\diagnostics\design_c\c2v\scene_checkpoints\primary\S1B_IW_GRDH_1SDV_20190612T171423_20190612T171448_016666_01F5DC_F438_COG.csv.gz,True,,2019,2019-06-12,ascending,15,sentinel-1b,3036,False,1,True,3036,0,3036,0,0,9,3027,3036,0,0,253,2783
S1B_IW_GRDH_1SDV_20190612T171423_20190612T171448_016666_01F5DC_F4D0_COG,outputs\diagnostics\design_c\c2v\scene_checkpoints\primary\S1B_IW_GRDH_1SDV_20190612T171423_20190612T171448_016666_01F5DC_F4D0_COG.csv.gz,True,,2019,2019-06-12,ascending,15,sentinel-1b,3035,False,1,True,3035,0,3035,0,0,9,3026,3035,0,0,244,2791
S1B_IW_GRDH_1SDV_20190616T053442_20190616T053507_016717_01F76E_0B65_COG,outputs\diagnostics\design_c\c2v\scene_checkpoints\primary\S1B_IW_GRDH_1SDV_20190616T053442_20190616T053507_016717_01F76E_0B65_COG.csv.gz,True,,2019,2019-06-16,descending,66,sentinel-1b,4331,False,1,True,4331,0,4331,0,0,1,4330,4331,0,0,246,4085
S1B_IW_GRDH_1SDV_20190616T053442_20190616T053507_016717_01F76E_B12E_COG,outputs\diagnostics\design_c\c2v\scene_checkpoints\primary\S1B_IW_GRDH_1SDV_20190616T053442_20190616T053507_016717_01F76E_B12E_COG.csv.gz,True,,2019,2019-06-16,descending,66,sentinel-1b,4331,False,1,True,4331,0,4331,0,0,4,4327,4331,0,0,238,4093
S1B_IW_GRDH_1SDV_20190616T053507_20190616T053532_016717_01F76E_CB0A_COG,outputs\diagnostics\design_c\c2v\scene_checkpoints\primary\S1B_IW_GRDH_1SDV_20190616T053507_20190616T053532_016717_01F76E_CB0A_COG.csv.gz,True,,2019,2019-06-16,descending,66,sentinel-1b,0,True,0,True,0,0,0,0,0,0,0,0,0,0,0,0
S1B_IW_GRDH_1SDV_20190616T053507_20190616T053532_016717_01F76E_EE43_COG,outputs\diagnostics\design_c\c2v\scene_checkpoints\primary\S1B_IW_GRDH_1SDV_20190616T053507_20190616T053532_016717_01F76E_EE43_COG.csv.gz,True,,2019,2019-06-16,descending,66,sentinel-1b,0,True,0,True,0,0,0,0,0,0,0,0,0,0,0,0
S1B_IW_GRDH_1SDV_20190617T172210_20190617T172235_016739_01F81D_AE39_COG,outputs\diagnostics\design_c\c2v\scene_checkpoints\primary\S1B_IW_GRDH_1SDV_20190617T172210_20190617T172235_016739_01F81D_AE39_COG.csv.gz,True,,2019,2019-06-17,ascending,88,sentinel-1b,2134,False,1,True,2134,0,2134,0,0,141,1993,2134,0,0,184,1950
S1B_IW_GRDH_1SDV_20190617T172210_20190617T172235_016739_01F81D_C3C8_COG,outputs\diagnostics\design_c\c2v\scene_checkpoints\primary\S1B_IW_GRDH_1SDV_20190617T172210_20190617T172235_016739_01F81D_C3C8_COG.csv.gz,True,,2019,2019-06-17,ascending,88,sentinel-1b,2134,False,1,True,2134,0,2134,0,0,143,1991,2134,0,0,187,1947
S1B_IW_GRDH_1SDV_20190617T172235_20190617T172300_016739_01F81D_9795_COG,outputs\diagnostics\design_c\c2v\scene_checkpoints\primary\S1B_IW_GRDH_1SDV_20190617T172235_20190617T172300_016739_01F81D_9795_COG.csv.gz,True,,2019,2019-06-17,ascending,88,sentinel-1b,1742,False,1,True,1742,0,1742,0,0,23,1719,1742,0,0,61,1681
S1B_IW_GRDH_1SDV_20190617T172235_20190617T172300_016739_01F81D_B2C9_COG,outputs\diagnostics\design_c\c2v\scene_checkpoints\primary\S1B_IW_GRDH_1SDV_20190617T172235_20190617T172300_016739_01F81D_B2C9_COG.csv.gz,True,,2019,2019-06-17,ascending,88,sentinel-1b,1742,False,1,True,1742,0,1742,0,0,23,1719,1742,0,0,66,1676
S1A_IW_GRDH_1SDV_20190617T052703_20190617T052728_027715_0320DB_9C1D_COG,outputs\diagnostics\design_c\c2v\scene_checkpoints\primary\S1A_IW_GRDH_1SDV_20190617T052703_20190617T052728_027715_0320DB_9C1D_COG.csv.gz,True,,2019,2019-06-17,descending,168,sentinel-1a,0,True,0,True,0,0,0,0,0,0,0,0,0,0,0,0
S1A_IW_GRDH_1SDV_20190617T052707_20190617T052732_027715_0320DB_155C_COG,outputs\diagnostics\design_c\c2v\scene_checkpoints\primary\S1A_IW_GRDH_1SDV_20190617T052707_20190617T052732_027715_0320DB_155C_COG.csv.gz,True,,2019,2019-06-17,descending,168,sentinel-1a,629,False,1,True,629,0,629,0,0,149,480,629,0,0,155,474
S1A_IW_GRDH_1SDV_20190617T052728_20190617T052753_027715_0320DB_1415_COG,outputs\diagnostics\design_c\c2v\scene_checkpoints\primary\S1A_IW_GRDH_1SDV_20190617T052728_20190617T052753_027715_0320DB_1415_COG.csv.gz,True,,2019,2019-06-17,descending,168,sentinel-1a,2414,False,1,True,2414,0,2414,0,0,301,2113,2414,0,0,351,2063
S1A_IW_GRDH_1SDV_20190617T052732_20190617T052757_027715_0320DB_AAA2_COG,outputs\diagnostics\design_c\c2v\scene_checkpoints\primary\S1A_IW_GRDH_1SDV_20190617T052732_20190617T052757_027715_0320DB_AAA2_COG.csv.gz,True,,2019,2019-06-17,descending,168,sentinel-1a,1987,False,1,True,1987,0,1987,0,0,361,1626,1987,0,0,396,1591
S1A_IW_GRDH_1SDV_20190618T171453_20190618T171518_027737_032180_23B2_COG,outputs\diagnostics\design_c\c2v\scene_checkpoints\primary\S1A_IW_GRDH_1SDV_20190618T171453_20190618T171518_027737_032180_23B2_COG.csv.gz,True,,2019,2019-06-18,ascending,15,sentinel-1a,4331,False,1,True,4331,0,4331,0,0,1,4330,4331,0,0,362,3969
S1A_IW_GRDH_1SDV_20190618T171453_20190618T171518_027737_032180_5AED_COG,outputs\diagnostics\design_c\c2v\scene_checkpoints\primary\S1A_IW_GRDH_1SDV_20190618T171453_20190618T171518_027737_032180_5AED_COG.csv.gz,True,,2019,2019-06-18,ascending,15,sentinel-1a,4331,False,1,True,4331,0,4331,0,0,2,4329,4331,0,0,355,3976
S1A_IW_GRDH_1SDV_20190622T053520_20190622T053545_027788_032303_6BD5_COG,outputs\diagnostics\design_c\c2v\scene_checkpoints\primary\S1A_IW_GRDH_1SDV_20190622T053520_20190622T053545_027788_032303_6BD5_COG.csv.gz,True,,2019,2019-06-22,descending,66,sentinel-1a,3324,False,1,True,3324,0,3324,0,0,1,3323,3324,0,0,191,3133
S1A_IW_GRDH_1SDV_20190622T053521_20190622T053546_027788_032303_6F2B_COG,outputs\diagnostics\design_c\c2v\scene_checkpoints\primary\S1A_IW_GRDH_1SDV_20190622T053521_20190622T053546_027788_032303_6F2B_COG.csv.gz,True,,2019,2019-06-22,descending,66,sentinel-1a,3579,False,1,True,3579,0,3579,0,0,1,3578,3579,0,0,208,3371
S1A_IW_GRDH_1SDV_20190622T053545_20190622T053610_027788_032303_D751_COG,outputs\diagnostics\design_c\c2v\scene_checkpoints\primary\S1A_IW_GRDH_1SDV_20190622T053545_20190622T053610_027788_032303_D751_COG.csv.gz,True,,2019,2019-06-22,descending,66,sentinel-1a,1007,False,1,True,1007,0,1007,0,0,0,1007,1007,0,0,59,948
S1A_IW_GRDH_1SDV_20190622T053546_20190622T053611_027788_032303_D3A3_COG,outputs\diagnostics\design_c\c2v\scene_checkpoints\primary\S1A_IW_GRDH_1SDV_20190622T053546_20190622T053611_027788_032303_D3A3_COG.csv.gz,True,,2019,2019-06-22,descending,66,sentinel-1a,753,False,1,True,753,0,753,0,0,0,753,753,0,0,41,712
S1A_IW_GRDH_1SDV_20190623T172300_20190623T172325_027810_0323B0_9E25_COG,outputs\diagnostics\design_c\c2v\scene_checkpoints\primary\S1A_IW_GRDH_1SDV_20190623T172300_20190623T172325_027810_0323B0_9E25_COG.csv.gz,True,,2019,2019-06-23,ascending,88,sentinel-1a,3857,False,1,True,3857,0,3857,0,0,151,3706,3857,0,0,240,3617
S1A_IW_GRDH_1SDV_20190623T172300_20190623T172325_027810_0323B0_C6AE_COG,outputs\diagnostics\design_c\c2v\scene_checkpoints\primary\S1A_IW_GRDH_1SDV_20190623T172300_20190623T172325_027810_0323B0_C6AE_COG.csv.gz,True,,2019,2019-06-23,ascending,88,sentinel-1a,3857,False,1,True,3857,0,3857,0,0,152,3705,3857,0,0,242,3615
S1A_IW_GRDH_1SDV_20190623T172325_20190623T172350_027810_0323B0_1DB0_COG,outputs\diagnostics\design_c\c2v\scene_checkpoints\primary\S1A_IW_GRDH_1SDV_20190623T172325_20190623T172350_027810_0323B0_1DB0_COG.csv.gz,True,,2019,2019-06-23,ascending,88,sentinel-1a,0,True,0,True,0,0,0,0,0,0,0,0,0,0,0,0
S1A_IW_GRDH_1SDV_20190623T172325_20190623T172350_027810_0323B0_4052_COG,outputs\diagnostics\design_c\c2v\scene_checkpoints\primary\S1A_IW_GRDH_1SDV_20190623T172325_20190623T172350_027810_0323B0_4052_COG.csv.gz,True,,2019,2019-06-23,ascending,88,sentinel-1a,0,True,0,True,0,0,0,0,0,0,0,0,0,0,0,0
S1B_IW_GRDH_1SDV_20190623T052620_20190623T052645_016819_01FA6A_EBA4_COG,outputs\diagnostics\design_c\c2v\scene_checkpoints\primary\S1B_IW_GRDH_1SDV_20190623T052620_20190623T052645_016819_01FA6A_EBA4_COG.csv.gz,True,,2019,2019-06-23,descending,168,sentinel-1b,0,True,0,True,0,0,0,0,0,0,0,0,0,0,0,0
S1B_IW_GRDH_1SDV_20190623T052628_20190623T052653_016819_01FA6A_48CA_COG,outputs\diagnostics\design_c\c2v\scene_checkpoints\primary\S1B_IW_GRDH_1SDV_20190623T052628_20190623T052653_016819_01FA6A_48CA_COG.csv.gz,True,,2019,2019-06-23,descending,168,sentinel-1b,1659,False,1,True,1659,0,1659,0,0,283,1376,1659,0,0,300,1359
S1B_IW_GRDH_1SDV_20190623T052645_20190623T052710_016819_01FA6A_C859_COG,outputs\diagnostics\design_c\c2v\scene_checkpoints\primary\S1B_IW_GRDH_1SDV_20190623T052645_20190623T052710_016819_01FA6A_C859_COG.csv.gz,True,,2019,2019-06-23,descending,168,sentinel-1b,2394,False,1,True,2394,0,2394,0,0,286,2108,2394,0,0,307,2087
S1B_IW_GRDH_1SDV_20190623T052653_20190623T052718_016819_01FA6A_0570_COG,outputs\diagnostics\design_c\c2v\scene_checkpoints\primary\S1B_IW_GRDH_1SDV_20190623T052653_20190623T052718_016819_01FA6A_0570_COG.csv.gz,True,,2019,2019-06-23,descending,168,sentinel-1b,901,False,1,True,901,0,901,0,0,166,735,901,0,0,179,722
S1B_IW_GRDH_1SDV_20190628T053443_20190628T053508_016892_01FC97_36A7_COG,outputs\diagnostics\design_c\c2v\scene_checkpoints\primary\S1B_IW_GRDH_1SDV_20190628T053443_20190628T053508_016892_01FC97_36A7_COG.csv.gz,True,,2019,2019-06-28,descending,66,sentinel-1b,4331,False,1,True,4331,0,4331,0,0,0,4331,4331,0,0,86,4245
S1B_IW_GRDH_1SDV_20190628T053443_20190628T053508_016892_01FC97_3932_COG,outputs\diagnostics\design_c\c2v\scene_checkpoints\primary\S1B_IW_GRDH_1SDV_20190628T053443_20190628T053508_016892_01FC97_3932_COG.csv.gz,True,,2019,2019-06-28,descending,66,sentinel-1b,4331,False,1,True,4331,0,4331,0,0,0,4331,4331,0,0,83,4248
S1B_IW_GRDH_1SDV_20190628T053508_20190628T053533_016892_01FC97_2C54_COG,outputs\diagnostics\design_c\c2v\scene_checkpoints\primary\S1B_IW_GRDH_1SDV_20190628T053508_20190628T053533_016892_01FC97_2C54_COG.csv.gz,True,,2019,2019-06-28,descending,66,sentinel-1b,0,True,0,True,0,0,0,0,0,0,0,0,0,0,0,0
S1B_IW_GRDH_1SDV_20190628T053508_20190628T053533_016892_01FC97_6DA3_COG,outputs\diagnostics\design_c\c2v\scene_checkpoints\primary\S1B_IW_GRDH_1SDV_20190628T053508_20190628T053533_016892_01FC97_6DA3_COG.csv.gz,True,,2019,2019-06-28,descending,66,sentinel-1b,0,True,0,True,0,0,0,0,0,0,0,0,0,0,0,0
S1B_IW_GRDH_1SDV_20190629T172211_20190629T172236_016914_01FD4C_134D_COG,outputs\diagnostics\design_c\c2v\scene_checkpoints\primary\S1B_IW_GRDH_1SDV_20190629T172211_20190629T172236_016914_01FD4C_134D_COG.csv.gz,True,,2019,2019-06-29,ascending,88,sentinel-1b,2136,False,1,True,2136,0,2136,0,0,143,1993,2136,0,0,147,1989
S1B_IW_GRDH_1SDV_20190629T172211_20190629T172236_016914_01FD4C_250B_COG,outputs\diagnostics\design_c\c2v\scene_checkpoints\primary\S1B_IW_GRDH_1SDV_20190629T172211_20190629T172236_016914_01FD4C_250B_COG.csv.gz,True,,2019,2019-06-29,ascending,88,sentinel-1b,2136,False,1,True,2136,0,2136,0,0,143,1993,2136,0,0,148,1988
S1B_IW_GRDH_1SDV_20190629T172236_20190629T172301_016914_01FD4C_8ACA_COG,outputs\diagnostics\design_c\c2v\scene_checkpoints\primary\S1B_IW_GRDH_1SDV_20190629T172236_20190629T172301_016914_01FD4C_8ACA_COG.csv.gz,True,,2019,2019-06-29,ascending,88,sentinel-1b,1738,False,1,True,1738,0,1738,0,0,23,1715,1738,0,0,30,1708
S1B_IW_GRDH_1SDV_20190629T172236_20190629T172301_016914_01FD4C_94CC_COG,outputs\diagnostics\design_c\c2v\scene_checkpoints\primary\S1B_IW_GRDH_1SDV_20190629T172236_20190629T172301_016914_01FD4C_94CC_COG.csv.gz,True,,2019,2019-06-29,ascending,88,sentinel-1b,1738,False,1,True,1738,0,1738,0,0,22,1716,1738,0,0,32,1706
S1A_IW_GRDH_1SDV_20190629T052702_20190629T052727_027890_032617_F1E9_COG,outputs\diagnostics\design_c\c2v\scene_checkpoints\primary\S1A_IW_GRDH_1SDV_20190629T052702_20190629T052727_027890_032617_F1E9_COG.csv.gz,True,,2019,2019-06-29,descending,168,sentinel-1a,0,True,0,True,0,0,0,0,0,0,0,0,0,0,0,0
S1A_IW_GRDH_1SDV_20190629T052708_20190629T052733_027890_032617_BC30_COG,outputs\diagnostics\design_c\c2v\scene_checkpoints\primary\S1A_IW_GRDH_1SDV_20190629T052708_20190629T052733_027890_032617_BC30_COG.csv.gz,True,,2019,2019-06-29,descending,168,sentinel-1a,628,False,1,True,628,0,628,0,0,149,479,628,0,0,154,474
S1A_IW_GRDH_1SDV_20190629T052727_20190629T052752_027890_032617_D7BC_COG,outputs\diagnostics\design_c\c2v\scene_checkpoints\primary\S1A_IW_GRDH_1SDV_20190629T052727_20190629T052752_027890_032617_D7BC_COG.csv.gz,True,,2019,2019-06-29,descending,168,sentinel-1a,2410,False,1,True,2410,0,2410,0,0,298,2112,2410,0,0,324,2086
S1A_IW_GRDH_1SDV_20190629T052733_20190629T052758_027890_032617_E24A_COG,outputs\diagnostics\design_c\c2v\scene_checkpoints\primary\S1A_IW_GRDH_1SDV_20190629T052733_20190629T052758_027890_032617_E24A_COG.csv.gz,True,,2019,2019-06-29,descending,168,sentinel-1a,1988,False,1,True,1988,0,1988,0,0,361,1627,1988,0,0,375,1613
S1A_IW_GRDH_1SDV_20190630T171454_20190630T171519_027912_0326BA_2DF9_COG,outputs\diagnostics\design_c\c2v\scene_checkpoints\primary\S1A_IW_GRDH_1SDV_20190630T171454_20190630T171519_027912_0326BA_2DF9_COG.csv.gz,True,,2019,2019-06-30,ascending,15,sentinel-1a,4331,False,1,True,4331,0,4331,0,0,0,4331,4331,0,0,141,4190
S1A_IW_GRDH_1SDV_20190630T171454_20190630T171519_027912_0326BA_C7EF_COG,outputs\diagnostics\design_c\c2v\scene_checkpoints\primary\S1A_IW_GRDH_1SDV_20190630T171454_20190630T171519_027912_0326BA_C7EF_COG.csv.gz,True,,2019,2019-06-30,ascending,15,sentinel-1a,4331,False,1,True,4331,0,4331,0,0,1,4330,4331,0,0,153,4178
S1A_IW_GRDH_1SDV_20190704T053521_20190704T053546_027963_03284A_9066_COG,outputs\diagnostics\design_c\c2v\scene_checkpoints\primary\S1A_IW_GRDH_1SDV_20190704T053521_20190704T053546_027963_03284A_9066_COG.csv.gz,True,,2019,2019-07-04,descending,66,sentinel-1a,3621,False,1,True,3621,0,3621,0,0,0,3621,3621,0,0,65,3556
S1A_IW_GRDH_1SDV_20190704T053521_20190704T053546_027963_03284A_BD71_COG,outputs\diagnostics\design_c\c2v\scene_checkpoints\primary\S1A_IW_GRDH_1SDV_20190704T053521_20190704T053546_027963_03284A_BD71_COG.csv.gz,True,,2019,2019-07-04,descending,66,sentinel-1a,3329,False,1,True,3329,0,3329,0,0,0,3329,3329,0,0,55,3274
S1A_IW_GRDH_1SDV_20190704T053546_20190704T053611_027963_03284A_29D5_COG,outputs\diagnostics\design_c\c2v\scene_checkpoints\primary\S1A_IW_GRDH_1SDV_20190704T053546_20190704T053611_027963_03284A_29D5_COG.csv.gz,True,,2019,2019-07-04,descending,66,sentinel-1a,709,False,1,True,709,0,709,0,0,0,709,709,0,0,17,692
S1A_IW_GRDH_1SDV_20190704T053546_20190704T053611_027963_03284A_A315_COG,outputs\diagnostics\design_c\c2v\scene_checkpoints\primary\S1A_IW_GRDH_1SDV_20190704T053546_20190704T053611_027963_03284A_A315_COG.csv.gz,True,,2019,2019-07-04,descending,66,sentinel-1a,1002,False,1,True,1002,0,1002,0,0,0,1002,1002,0,0,23,979
S1A_IW_GRDH_1SDV_20190705T172300_20190705T172325_027985_0328F9_70FE_COG,outputs\diagnostics\design_c\c2v\scene_checkpoints\primary\S1A_IW_GRDH_1SDV_20190705T172300_20190705T172325_027985_0328F9_70FE_COG.csv.gz,True,,2019,2019-07-05,ascending,88,sentinel-1a,3857,False,1,True,3857,0,3857,0,0,149,3708,3857,0,0,179,3678
S1A_IW_GRDH_1SDV_20190705T172300_20190705T172325_027985_0328F9_E730_COG,outputs\diagnostics\design_c\c2v\scene_checkpoints\primary\S1A_IW_GRDH_1SDV_20190705T172300_20190705T172325_027985_0328F9_E730_COG.csv.gz,True,,2019,2019-07-05,ascending,88,sentinel-1a,3857,False,1,True,3857,0,3857,0,0,149,3708,3857,0,0,182,3675
S1A_IW_GRDH_1SDV_20190705T172325_20190705T172350_027985_0328F9_7D3B_COG,outputs\diagnostics\design_c\c2v\scene_checkpoints\primary\S1A_IW_GRDH_1SDV_20190705T172325_20190705T172350_027985_0328F9_7D3B_COG.csv.gz,True,,2019,2019-07-05,ascending,88,sentinel-1a,0,True,0,True,0,0,0,0,0,0,0,0,0,0,0,0
S1A_IW_GRDH_1SDV_20190705T172325_20190705T172350_027985_0328F9_F980_COG,outputs\diagnostics\design_c\c2v\scene_checkpoints\primary\S1A_IW_GRDH_1SDV_20190705T172325_20190705T172350_027985_0328F9_F980_COG.csv.gz,True,,2019,2019-07-05,ascending,88,sentinel-1a,0,True,0,True,0,0,0,0,0,0,0,0,0,0,0,0
S1B_IW_GRDH_1SDV_20190705T052621_20190705T052646_016994_01FF99_C37C_COG,outputs\diagnostics\design_c\c2v\scene_checkpoints\primary\S1B_IW_GRDH_1SDV_20190705T052621_20190705T052646_016994_01FF99_C37C_COG.csv.gz,True,,2019,2019-07-05,descending,168,sentinel-1b,0,True,0,True,0,0,0,0,0,0,0,0,0,0,0,0
S1B_IW_GRDH_1SDV_20190705T052629_20190705T052654_016994_01FF99_EAE0_COG,outputs\diagnostics\design_c\c2v\scene_checkpoints\primary\S1B_IW_GRDH_1SDV_20190705T052629_20190705T052654_016994_01FF99_EAE0_COG.csv.gz,True,,2019,2019-07-05,descending,168,sentinel-1b,1662,False,1,True,1662,0,1662,0,0,282,1380,1662,0,0,288,1374
S1B_IW_GRDH_1SDV_20190705T052646_20190705T052711_016994_01FF99_E5A3_COG,outputs\diagnostics\design_c\c2v\scene_checkpoints\primary\S1B_IW_GRDH_1SDV_20190705T052646_20190705T052711_016994_01FF99_E5A3_COG.csv.gz,True,,2019,2019-07-05,descending,168,sentinel-1b,2396,False,1,True,2396,0,2396,0,0,282,2114,2396,0,0,295,2101
S1B_IW_GRDH_1SDV_20190705T052654_20190705T052719_016994_01FF99_3ACE_COG,outputs\diagnostics\design_c\c2v\scene_checkpoints\primary\S1B_IW_GRDH_1SDV_20190705T052654_20190705T052719_016994_01FF99_3ACE_COG.csv.gz,True,,2019,2019-07-05,descending,168,sentinel-1b,902,False,1,True,902,0,902,0,0,167,735,902,0,0,169,733
S1B_IW_GRDH_1SDV_20190706T171400_20190706T171425_017016_020035_2F0D_COG,outputs\diagnostics\design_c\c2v\scene_checkpoints\primary\S1B_IW_GRDH_1SDV_20190706T171400_20190706T171425_017016_020035_2F0D_COG.csv.gz,True,,2019,2019-07-06,ascending,15,sentinel-1b,1296,False,1,True,1296,0,1296,0,0,0,1296,1296,0,0,18,1278
S1B_IW_GRDH_1SDV_20190706T171400_20190706T171425_017016_020035_742E_COG,outputs\diagnostics\design_c\c2v\scene_checkpoints\primary\S1B_IW_GRDH_1SDV_20190706T171400_20190706T171425_017016_020035_742E_COG.csv.gz,True,,2019,2019-07-06,ascending,15,sentinel-1b,1298,False,1,True,1298,0,1298,0,0,0,1298,1298,0,0,21,1277
S1B_IW_GRDH_1SDV_20190706T171425_20190706T171450_017016_020035_430E_COG,outputs\diagnostics\design_c\c2v\scene_checkpoints\primary\S1B_IW_GRDH_1SDV_20190706T171425_20190706T171450_017016_020035_430E_COG.csv.gz,True,,2019,2019-07-06,ascending,15,sentinel-1b,3033,False,1,True,3033,0,3033,0,0,2,3031,3033,0,0,44,2989
S1B_IW_GRDH_1SDV_20190706T171425_20190706T171450_017016_020035_A78C_COG,outputs\diagnostics\design_c\c2v\scene_checkpoints\primary\S1B_IW_GRDH_1SDV_20190706T171425_20190706T171450_017016_020035_A78C_COG.csv.gz,True,,2019,2019-07-06,ascending,15,sentinel-1b,3035,False,1,True,3035,0,3035,0,0,0,3035,3035,0,0,51,2984
S1B_IW_GRDH_1SDV_20190710T053439_20190710T053504_017067_0201C6_D16C_COG,outputs\diagnostics\design_c\c2v\scene_checkpoints\primary\S1B_IW_GRDH_1SDV_20190710T053439_20190710T053504_017067_0201C6_D16C_COG.csv.gz,True,,2019,2019-07-10,descending,66,sentinel-1b,3145,False,1,True,3145,0,3145,0,0,1,3144,3145,0,0,30,3115
S1B_IW_GRDH_1SDV_20190710T053448_20190710T053513_017067_0201C6_9761_COG,outputs\diagnostics\design_c\c2v\scene_checkpoints\primary\S1B_IW_GRDH_1SDV_20190710T053448_20190710T053513_017067_0201C6_9761_COG.csv.gz,True,,2019,2019-07-10,descending,66,sentinel-1b,4331,False,1,True,4331,0,4331,0,0,0,4331,4331,0,0,34,4297
S1B_IW_GRDH_1SDV_20190710T053504_20190710T053529_017067_0201C6_7137_COG,outputs\diagnostics\design_c\c2v\scene_checkpoints\primary\S1B_IW_GRDH_1SDV_20190710T053504_20190710T053529_017067_0201C6_7137_COG.csv.gz,True,,2019,2019-07-10,descending,66,sentinel-1b,1186,False,1,True,1186,0,1186,0,0,0,1186,1186,0,0,17,1169
S1B_IW_GRDH_1SDV_20190711T172212_20190711T172237_017089_020272_5C9E_COG,outputs\diagnostics\design_c\c2v\scene_checkpoints\primary\S1B_IW_GRDH_1SDV_20190711T172212_20190711T172237_017089_020272_5C9E_COG.csv.gz,True,,2019,2019-07-11,ascending,88,sentinel-1b,2135,False,1,True,2135,0,2135,0,0,142,1993,2135,0,0,146,1989
S1B_IW_GRDH_1SDV_20190711T172212_20190711T172237_017089_020272_DFEA_COG,outputs\diagnostics\design_c\c2v\scene_checkpoints\primary\S1B_IW_GRDH_1SDV_20190711T172212_20190711T172237_017089_020272_DFEA_COG.csv.gz,True,,2019,2019-07-11,ascending,88,sentinel-1b,2136,False,1,True,2136,0,2136,0,0,141,1995,2136,0,0,142,1994
S1B_IW_GRDH_1SDV_20190711T172237_20190711T172302_017089_020272_62A8_COG,outputs\diagnostics\design_c\c2v\scene_checkpoints\primary\S1B_IW_GRDH_1SDV_20190711T172237_20190711T172302_017089_020272_62A8_COG.csv.gz,True,,2019,2019-07-11,ascending,88,sentinel-1b,1738,False,1,True,1738,0,1738,0,0,22,1716,1738,0,0,24,1714
S1B_IW_GRDH_1SDV_20190711T172237_20190711T172302_017089_020272_815B_COG,outputs\diagnostics\design_c\c2v\scene_checkpoints\primary\S1B_IW_GRDH_1SDV_20190711T172237_20190711T172302_017089_020272_815B_COG.csv.gz,True,,2019,2019-07-11,ascending,88,sentinel-1b,1737,False,1,True,1737,0,1737,0,0,22,1715,1737,0,0,26,1711
S1A_IW_GRDH_1SDV_20190711T052703_20190711T052728_028065_032B64_62BD_COG,outputs\diagnostics\design_c\c2v\scene_checkpoints\primary\S1A_IW_GRDH_1SDV_20190711T052703_20190711T052728_028065_032B64_62BD_COG.csv.gz,True,,2019,2019-07-11,descending,168,sentinel-1a,0,True,0,True,0,0,0,0,0,0,0,0,0,0,0,0
S1A_IW_GRDH_1SDV_20190711T052708_20190711T052733_028065_032B64_6C61_COG,outputs\diagnostics\design_c\c2v\scene_checkpoints\primary\S1A_IW_GRDH_1SDV_20190711T052708_20190711T052733_028065_032B64_6C61_COG.csv.gz,True,,2019,2019-07-11,descending,168,sentinel-1a,625,False,1,True,625,0,625,0,0,148,477,625,0,0,149,476
S1A_IW_GRDH_1SDV_20190711T052728_20190711T052753_028065_032B64_58A3_COG,outputs\diagnostics\design_c\c2v\scene_checkpoints\primary\S1A_IW_GRDH_1SDV_20190711T052728_20190711T052753_028065_032B64_58A3_COG.csv.gz,True,,2019,2019-07-11,descending,168,sentinel-1a,2405,False,1,True,2405,0,2405,0,0,298,2107,2405,0,0,313,2092
S1A_IW_GRDH_1SDV_20190711T052733_20190711T052758_028065_032B64_9CDA_COG,outputs\diagnostics\design_c\c2v\scene_checkpoints\primary\S1A_IW_GRDH_1SDV_20190711T052733_20190711T052758_028065_032B64_9CDA_COG.csv.gz,True,,2019,2019-07-11,descending,168,sentinel-1a,1984,False,1,True,1984,0,1984,0,0,362,1622,1984,0,0,373,1611
S1A_IW_GRDH_1SDV_20190712T171454_20190712T171519_028087_032C08_2061_COG,outputs\diagnostics\design_c\c2v\scene_checkpoints\primary\S1A_IW_GRDH_1SDV_20190712T171454_20190712T171519_028087_032C08_2061_COG.csv.gz,True,,2019,2019-07-12,ascending,15,sentinel-1a,4331,False,1,True,4331,0,4331,0,0,1,4330,4331,0,0,71,4260
S1A_IW_GRDH_1SDV_20190712T171454_20190712T171519_028087_032C08_E558_COG,outputs\diagnostics\design_c\c2v\scene_checkpoints\primary\S1A_IW_GRDH_1SDV_20190712T171454_20190712T171519_028087_032C08_E558_COG.csv.gz,True,,2019,2019-07-12,ascending,15,sentinel-1a,4331,False,1,True,4331,0,4331,0,0,0,4331,4331,0,0,63,4268
S1A_IW_GRDH_1SDV_20190716T053521_20190716T053546_028138_032D98_D0BB_COG,outputs\diagnostics\design_c\c2v\scene_checkpoints\primary\S1A_IW_GRDH_1SDV_20190716T053521_20190716T053546_028138_032D98_D0BB_COG.csv.gz,True,,2019,2019-07-16,descending,66,sentinel-1a,3126,False,1,True,3126,0,3126,0,0,0,3126,3126,0,0,46,3080
S1A_IW_GRDH_1SDV_20190716T053522_20190716T053547_028138_032D98_0CF4_COG,outputs\diagnostics\design_c\c2v\scene_checkpoints\primary\S1A_IW_GRDH_1SDV_20190716T053522_20190716T053547_028138_032D98_0CF4_COG.csv.gz,True,,2019,2019-07-16,descending,66,sentinel-1a,3328,False,1,True,3328,0,3328,0,0,0,3328,3328,0,0,18,3310
S1A_IW_GRDH_1SDV_20190716T053546_20190716T053611_028138_032D98_3384_COG,outputs\diagnostics\design_c\c2v\scene_checkpoints\primary\S1A_IW_GRDH_1SDV_20190716T053546_20190716T053611_028138_032D98_3384_COG.csv.gz,True,,2019,2019-07-16,descending,66,sentinel-1a,1205,False,1,True,1205,0,1205,0,0,0,1205,1205,0,0,28,1177
S1A_IW_GRDH_1SDV_20190716T053547_20190716T053612_028138_032D98_EF04_COG,outputs\diagnostics\design_c\c2v\scene_checkpoints\primary\S1A_IW_GRDH_1SDV_20190716T053547_20190716T053612_028138_032D98_EF04_COG.csv.gz,True,,2019,2019-07-16,descending,66,sentinel-1a,1002,False,1,True,1002,0,1002,0,0,0,1002,1002,0,0,11,991
S1A_IW_GRDH_1SDV_20190717T172301_20190717T172326_028160_032E46_3D86_COG,outputs\diagnostics\design_c\c2v\scene_checkpoints\primary\S1A_IW_GRDH_1SDV_20190717T172301_20190717T172326_028160_032E46_3D86_COG.csv.gz,True,,2019,2019-07-17,ascending,88,sentinel-1a,3857,False,1,True,3857,0,3857,0,0,149,3708,3857,0,0,160,3697
S1A_IW_GRDH_1SDV_20190717T172301_20190717T172326_028160_032E46_CD0F_COG,outputs\diagnostics\design_c\c2v\scene_checkpoints\primary\S1A_IW_GRDH_1SDV_20190717T172301_20190717T172326_028160_032E46_CD0F_COG.csv.gz,True,,2019,2019-07-17,ascending,88,sentinel-1a,3857,False,1,True,3857,0,3857,0,0,149,3708,3857,0,0,162,3695
S1A_IW_GRDH_1SDV_20190717T172326_20190717T172351_028160_032E46_7FAE_COG,outputs\diagnostics\design_c\c2v\scene_checkpoints\primary\S1A_IW_GRDH_1SDV_20190717T172326_20190717T172351_028160_032E46_7FAE_COG.csv.gz,True,,2019,2019-07-17,ascending,88,sentinel-1a,0,True,0,True,0,0,0,0,0,0,0,0,0,0,0,0
S1A_IW_GRDH_1SDV_20190717T172326_20190717T172351_028160_032E46_A467_COG,outputs\diagnostics\design_c\c2v\scene_checkpoints\primary\S1A_IW_GRDH_1SDV_20190717T172326_20190717T172351_028160_032E46_A467_COG.csv.gz,True,,2019,2019-07-17,ascending,88,sentinel-1a,0,True,0,True,0,0,0,0,0,0,0,0,0,0,0,0
S1B_IW_GRDH_1SDV_20190717T052630_20190717T052655_017169_0204BF_A739_COG,outputs\diagnostics\design_c\c2v\scene_checkpoints\primary\S1B_IW_GRDH_1SDV_20190717T052630_20190717T052655_017169_0204BF_A739_COG.csv.gz,True,,2019,2019-07-17,descending,168,sentinel-1b,1661,False,1,True,1661,0,1661,0,0,282,1379,1661,0,0,286,1375
S1B_IW_GRDH_1SDV_20190717T052630_20190717T052655_017169_0204BF_F6F3_COG,outputs\diagnostics\design_c\c2v\scene_checkpoints\primary\S1B_IW_GRDH_1SDV_20190717T052630_20190717T052655_017169_0204BF_F6F3_COG.csv.gz,True,,2019,2019-07-17,descending,168,sentinel-1b,1661,False,1,True,1661,0,1661,0,0,282,1379,1661,0,0,283,1378
S1B_IW_GRDH_1SDV_20190717T052655_20190717T052720_017169_0204BF_BD44_COG,outputs\diagnostics\design_c\c2v\scene_checkpoints\primary\S1B_IW_GRDH_1SDV_20190717T052655_20190717T052720_017169_0204BF_BD44_COG.csv.gz,True,,2019,2019-07-17,descending,168,sentinel-1b,901,False,1,True,901,0,901,0,0,166,735,901,0,0,167,734
S1B_IW_GRDH_1SDV_20190717T052655_20190717T052720_017169_0204BF_F9A9_COG,outputs\diagnostics\design_c\c2v\scene_checkpoints\primary\S1B_IW_GRDH_1SDV_20190717T052655_20190717T052720_017169_0204BF_F9A9_COG.csv.gz,True,,2019,2019-07-17,descending,168,sentinel-1b,901,False,1,True,901,0,901,0,0,166,735,901,0,0,167,734
S1B_IW_GRDH_1SDV_20190718T171400_20190718T171425_017191_020553_77D7_COG,outputs\diagnostics\design_c\c2v\scene_checkpoints\primary\S1B_IW_GRDH_1SDV_20190718T171400_20190718T171425_017191_020553_77D7_COG.csv.gz,True,,2019,2019-07-18,ascending,15,sentinel-1b,1296,False,1,True,1296,0,1296,0,0,0,1296,1296,0,0,15,1281
S1B_IW_GRDH_1SDV_20190718T171400_20190718T171425_017191_020553_E825_COG,outputs\diagnostics\design_c\c2v\scene_checkpoints\primary\S1B_IW_GRDH_1SDV_20190718T171400_20190718T171425_017191_020553_E825_COG.csv.gz,True,,2019,2019-07-18,ascending,15,sentinel-1b,1297,False,1,True,1297,0,1297,0,0,0,1297,1297,0,0,13,1284
S1B_IW_GRDH_1SDV_20190718T171425_20190718T171450_017191_020553_16A2_COG,outputs\diagnostics\design_c\c2v\scene_checkpoints\primary\S1B_IW_GRDH_1SDV_20190718T171425_20190718T171450_017191_020553_16A2_COG.csv.gz,True,,2019,2019-07-18,ascending,15,sentinel-1b,3034,False,1,True,3034,0,3034,0,0,1,3033,3034,0,0,18,3016
S1B_IW_GRDH_1SDV_20190718T171425_20190718T171450_017191_020553_FEB8_COG,outputs\diagnostics\design_c\c2v\scene_checkpoints\primary\S1B_IW_GRDH_1SDV_20190718T171425_20190718T171450_017191_020553_FEB8_COG.csv.gz,True,,2019,2019-07-18,ascending,15,sentinel-1b,3034,False,1,True,3034,0,3034,0,0,1,3033,3034,0,0,22,3012
S1B_IW_GRDH_1SDV_20190722T053440_20190722T053505_017242_0206DD_1E92_COG,outputs\diagnostics\design_c\c2v\scene_checkpoints\primary\S1B_IW_GRDH_1SDV_20190722T053440_20190722T053505_017242_0206DD_1E92_COG.csv.gz,True,,2019,2019-07-22,descending,66,sentinel-1b,3286,False,1,True,3286,0,3286,0,0,0,3286,3286,0,0,11,3275
S1B_IW_GRDH_1SDV_20190722T053449_20190722T053514_017242_0206DD_5DE8_COG,outputs\diagnostics\design_c\c2v\scene_checkpoints\primary\S1B_IW_GRDH_1SDV_20190722T053449_20190722T053514_017242_0206DD_5DE8_COG.csv.gz,True,,2019,2019-07-22,descending,66,sentinel-1b,4331,False,1,True,4331,0,4331,0,0,0,4331,4331,0,0,26,4305
S1B_IW_GRDH_1SDV_20190722T053505_20190722T053530_017242_0206DD_170A_COG,outputs\diagnostics\design_c\c2v\scene_checkpoints\primary\S1B_IW_GRDH_1SDV_20190722T053505_20190722T053530_017242_0206DD_170A_COG.csv.gz,True,,2019,2019-07-22,descending,66,sentinel-1b,1044,False,1,True,1044,0,1044,0,0,1,1043,1044,0,0,3,1041
S1B_IW_GRDH_1SDV_20190723T172212_20190723T172237_017264_020789_3628_COG,outputs\diagnostics\design_c\c2v\scene_checkpoints\primary\S1B_IW_GRDH_1SDV_20190723T172212_20190723T172237_017264_020789_3628_COG.csv.gz,True,,2019,2019-07-23,ascending,88,sentinel-1b,2134,False,1,True,2134,0,2134,0,0,142,1992,2134,0,0,146,1988
S1B_IW_GRDH_1SDV_20190723T172212_20190723T172237_017264_020789_A008_COG,outputs\diagnostics\design_c\c2v\scene_checkpoints\primary\S1B_IW_GRDH_1SDV_20190723T172212_20190723T172237_017264_020789_A008_COG.csv.gz,True,,2019,2019-07-23,ascending,88,sentinel-1b,2134,False,1,True,2134,0,2134,0,0,141,1993,2134,0,0,143,1991
S1B_IW_GRDH_1SDV_20190723T172237_20190723T172302_017264_020789_471C_COG,outputs\diagnostics\design_c\c2v\scene_checkpoints\primary\S1B_IW_GRDH_1SDV_20190723T172237_20190723T172302_017264_020789_471C_COG.csv.gz,True,,2019,2019-07-23,ascending,88,sentinel-1b,1737,False,1,True,1737,0,1737,0,0,22,1715,1737,0,0,23,1714
S1B_IW_GRDH_1SDV_20190723T172237_20190723T172302_017264_020789_C06C_COG,outputs\diagnostics\design_c\c2v\scene_checkpoints\primary\S1B_IW_GRDH_1SDV_20190723T172237_20190723T172302_017264_020789_C06C_COG.csv.gz,True,,2019,2019-07-23,ascending,88,sentinel-1b,1737,False,1,True,1737,0,1737,0,0,22,1715,1737,0,0,22,1715
S1A_IW_GRDH_1SDV_20190723T052704_20190723T052729_028240_0330AD_269F_COG,outputs\diagnostics\design_c\c2v\scene_checkpoints\primary\S1A_IW_GRDH_1SDV_20190723T052704_20190723T052729_028240_0330AD_269F_COG.csv.gz,True,,2019,2019-07-23,descending,168,sentinel-1a,0,True,0,True,0,0,0,0,0,0,0,0,0,0,0,0
S1A_IW_GRDH_1SDV_20190723T052709_20190723T052734_028240_0330AD_948F_COG,outputs\diagnostics\design_c\c2v\scene_checkpoints\primary\S1A_IW_GRDH_1SDV_20190723T052709_20190723T052734_028240_0330AD_948F_COG.csv.gz,True,,2019,2019-07-23,descending,168,sentinel-1a,627,False,1,True,627,0,627,0,0,149,478,627,0,0,151,476
S1A_IW_GRDH_1SDV_20190723T052729_20190723T052754_028240_0330AD_5DB6_COG,outputs\diagnostics\design_c\c2v\scene_checkpoints\primary\S1A_IW_GRDH_1SDV_20190723T052729_20190723T052754_028240_0330AD_5DB6_COG.csv.gz,True,,2019,2019-07-23,descending,168,sentinel-1a,2408,False,1,True,2408,0,2408,0,0,298,2110,2408,0,0,302,2106
S1A_IW_GRDH_1SDV_20190723T052734_20190723T052759_028240_0330AD_F813_COG,outputs\diagnostics\design_c\c2v\scene_checkpoints\primary\S1A_IW_GRDH_1SDV_20190723T052734_20190723T052759_028240_0330AD_F813_COG.csv.gz,True,,2019,2019-07-23,descending,168,sentinel-1a,1986,False,1,True,1986,0,1986,0,0,361,1625,1986,0,0,365,1621
S1A_IW_GRDH_1SDV_20190724T171455_20190724T171520_028262_033151_ACEB_COG,outputs\diagnostics\design_c\c2v\scene_checkpoints\primary\S1A_IW_GRDH_1SDV_20190724T171455_20190724T171520_028262_033151_ACEB_COG.csv.gz,True,,2019,2019-07-24,ascending,15,sentinel-1a,4331,False,1,True,4331,0,4331,0,0,1,4330,4331,0,0,39,4292
S1A_IW_GRDH_1SDV_20190724T171455_20190724T171520_028262_033151_AF57_COG,outputs\diagnostics\design_c\c2v\scene_checkpoints\primary\S1A_IW_GRDH_1SDV_20190724T171455_20190724T171520_028262_033151_AF57_COG.csv.gz,True,,2019,2019-07-24,ascending,15,sentinel-1a,4331,False,1,True,4331,0,4331,0,0,1,4330,4331,0,0,39,4292
S1A_IW_GRDH_1SDV_20190728T053522_20190728T053547_028313_0332EF_5D96_COG,outputs\diagnostics\design_c\c2v\scene_checkpoints\primary\S1A_IW_GRDH_1SDV_20190728T053522_20190728T053547_028313_0332EF_5D96_COG.csv.gz,True,,2019,2019-07-28,descending,66,sentinel-1a,3329,False,1,True,3329,0,3329,0,0,0,3329,3329,0,0,18,3311
S1A_IW_GRDH_1SDV_20190728T053522_20190728T053547_028313_0332EF_65BF_COG,outputs\diagnostics\design_c\c2v\scene_checkpoints\primary\S1A_IW_GRDH_1SDV_20190728T053522_20190728T053547_028313_0332EF_65BF_COG.csv.gz,True,,2019,2019-07-28,descending,66,sentinel-1a,3291,False,1,True,3291,0,3291,0,0,0,3291,3291,0,0,18,3273
S1A_IW_GRDH_1SDV_20190728T053547_20190728T053612_028313_0332EF_6100_COG,outputs\diagnostics\design_c\c2v\scene_checkpoints\primary\S1A_IW_GRDH_1SDV_20190728T053547_20190728T053612_028313_0332EF_6100_COG.csv.gz,True,,2019,2019-07-28,descending,66,sentinel-1a,1040,False,1,True,1040,0,1040,0,0,0,1040,1040,0,0,7,1033
S1A_IW_GRDH_1SDV_20190728T053547_20190728T053612_028313_0332EF_94EA_COG,outputs\diagnostics\design_c\c2v\scene_checkpoints\primary\S1A_IW_GRDH_1SDV_20190728T053547_20190728T053612_028313_0332EF_94EA_COG.csv.gz,True,,2019,2019-07-28,descending,66,sentinel-1a,1002,False,1,True,1002,0,1002,0,0,0,1002,1002,0,0,6,996
S1A_IW_GRDH_1SDV_20190729T172302_20190729T172327_028335_03339E_22F6_COG,outputs\diagnostics\design_c\c2v\scene_checkpoints\primary\S1A_IW_GRDH_1SDV_20190729T172302_20190729T172327_028335_03339E_22F6_COG.csv.gz,True,,2019,2019-07-29,ascending,88,sentinel-1a,3857,False,1,True,3857,0,3857,0,0,151,3706,3857,0,0,166,3691
S1A_IW_GRDH_1SDV_20190729T172302_20190729T172327_028335_03339E_8816_COG,outputs\diagnostics\design_c\c2v\scene_checkpoints\primary\S1A_IW_GRDH_1SDV_20190729T172302_20190729T172327_028335_03339E_8816_COG.csv.gz,True,,2019,2019-07-29,ascending,88,sentinel-1a,3857,False,1,True,3857,0,3857,0,0,151,3706,3857,0,0,162,3695
S1A_IW_GRDH_1SDV_20190729T172327_20190729T172352_028335_03339E_6368_COG,outputs\diagnostics\design_c\c2v\scene_checkpoints\primary\S1A_IW_GRDH_1SDV_20190729T172327_20190729T172352_028335_03339E_6368_COG.csv.gz,True,,2019,2019-07-29,ascending,88,sentinel-1a,0,True,0,True,0,0,0,0,0,0,0,0,0,0,0,0
S1A_IW_GRDH_1SDV_20190729T172327_20190729T172352_028335_03339E_E799_COG,outputs\diagnostics\design_c\c2v\scene_checkpoints\primary\S1A_IW_GRDH_1SDV_20190729T172327_20190729T172352_028335_03339E_E799_COG.csv.gz,True,,2019,2019-07-29,ascending,88,sentinel-1a,0,True,0,True,0,0,0,0,0,0,0,0,0,0,0,0
S1B_IW_GRDH_1SDV_20190729T052622_20190729T052647_017344_0209DE_92E3_COG,outputs\diagnostics\design_c\c2v\scene_checkpoints\primary\S1B_IW_GRDH_1SDV_20190729T052622_20190729T052647_017344_0209DE_92E3_COG.csv.gz,True,,2019,2019-07-29,descending,168,sentinel-1b,0,True,0,True,0,0,0,0,0,0,0,0,0,0,0,0
S1B_IW_GRDH_1SDV_20190729T052630_20190729T052655_017344_0209DE_B520_COG,outputs\diagnostics\design_c\c2v\scene_checkpoints\primary\S1B_IW_GRDH_1SDV_20190729T052630_20190729T052655_017344_0209DE_B520_COG.csv.gz,True,,2019,2019-07-29,descending,168,sentinel-1b,1659,False,1,True,1659,0,1659,0,0,283,1376,1659,0,0,285,1374
S1B_IW_GRDH_1SDV_20190729T052647_20190729T052712_017344_0209DE_8236_COG,outputs\diagnostics\design_c\c2v\scene_checkpoints\primary\S1B_IW_GRDH_1SDV_20190729T052647_20190729T052712_017344_0209DE_8236_COG.csv.gz,True,,2019,2019-07-29,descending,168,sentinel-1b,2395,False,1,True,2395,0,2395,0,0,285,2110,2395,0,0,287,2108
S1B_IW_GRDH_1SDV_20190729T052655_20190729T052720_017344_0209DE_7E9B_COG,outputs\diagnostics\design_c\c2v\scene_checkpoints\primary\S1B_IW_GRDH_1SDV_20190729T052655_20190729T052720_017344_0209DE_7E9B_COG.csv.gz,True,,2019,2019-07-29,descending,168,sentinel-1b,901,False,1,True,901,0,901,0,0,167,734,901,0,0,170,731
S1B_IW_GRDH_1SDV_20190730T171401_20190730T171426_017366_020A7C_A2AF_COG,outputs\diagnostics\design_c\c2v\scene_checkpoints\primary\S1B_IW_GRDH_1SDV_20190730T171401_20190730T171426_017366_020A7C_A2AF_COG.csv.gz,True,,2019,2019-07-30,ascending,15,sentinel-1b,1295,False,1,True,1295,0,1295,0,0,0,1295,1295,0,0,5,1290
S1B_IW_GRDH_1SDV_20190730T171401_20190730T171426_017366_020A7C_F4D5_COG,outputs\diagnostics\design_c\c2v\scene_checkpoints\primary\S1B_IW_GRDH_1SDV_20190730T171401_20190730T171426_017366_020A7C_F4D5_COG.csv.gz,True,,2019,2019-07-30,ascending,15,sentinel-1b,1295,False,1,True,1295,0,1295,0,0,0,1295,1295,0,0,3,1292
S1B_IW_GRDH_1SDV_20190730T171426_20190730T171451_017366_020A7C_ADC7_COG,outputs\diagnostics\design_c\c2v\scene_checkpoints\primary\S1B_IW_GRDH_1SDV_20190730T171426_20190730T171451_017366_020A7C_ADC7_COG.csv.gz,True,,2019,2019-07-30,ascending,15,sentinel-1b,3036,False,1,True,3036,0,3036,0,0,1,3035,3036,0,0,12,3024
S1B_IW_GRDH_1SDV_20190730T171426_20190730T171451_017366_020A7C_E096_COG,outputs\diagnostics\design_c\c2v\scene_checkpoints\primary\S1B_IW_GRDH_1SDV_20190730T171426_20190730T171451_017366_020A7C_E096_COG.csv.gz,True,,2019,2019-07-30,ascending,15,sentinel-1b,3036,False,1,True,3036,0,3036,0,0,1,3035,3036,0,0,15,3021
S1B_IW_GRDH_1SDV_20190803T053441_20190803T053506_017417_020C1C_FE7D_COG,outputs\diagnostics\design_c\c2v\scene_checkpoints\primary\S1B_IW_GRDH_1SDV_20190803T053441_20190803T053506_017417_020C1C_FE7D_COG.csv.gz,True,,2019,2019-08-03,descending,66,sentinel-1b,3641,False,1,True,3641,0,3641,0,0,0,3641,3641,0,0,19,3622
S1B_IW_GRDH_1SDV_20190803T053449_20190803T053514_017417_020C1C_3A22_COG,outputs\diagnostics\design_c\c2v\scene_checkpoints\primary\S1B_IW_GRDH_1SDV_20190803T053449_20190803T053514_017417_020C1C_3A22_COG.csv.gz,True,,2019,2019-08-03,descending,66,sentinel-1b,4331,False,1,True,4331,0,4331,0,0,1,4330,4331,0,0,25,4306
S1B_IW_GRDH_1SDV_20190803T053506_20190803T053531_017417_020C1C_4484_COG,outputs\diagnostics\design_c\c2v\scene_checkpoints\primary\S1B_IW_GRDH_1SDV_20190803T053506_20190803T053531_017417_020C1C_4484_COG.csv.gz,True,,2019,2019-08-03,descending,66,sentinel-1b,690,False,1,True,690,0,690,0,0,0,690,690,0,0,7,683
S1B_IW_GRDH_1SDV_20190804T172213_20190804T172238_017439_020CCC_27C8_COG,outputs\diagnostics\design_c\c2v\scene_checkpoints\primary\S1B_IW_GRDH_1SDV_20190804T172213_20190804T172238_017439_020CCC_27C8_COG.csv.gz,True,,2019,2019-08-04,ascending,88,sentinel-1b,2134,False,1,True,2134,0,2134,0,0,142,1992,2134,0,0,150,1984
S1B_IW_GRDH_1SDV_20190804T172213_20190804T172238_017439_020CCC_81C8_COG,outputs\diagnostics\design_c\c2v\scene_checkpoints\primary\S1B_IW_GRDH_1SDV_20190804T172213_20190804T172238_017439_020CCC_81C8_COG.csv.gz,True,,2019,2019-08-04,ascending,88,sentinel-1b,2134,False,1,True,2134,0,2134,0,0,142,1992,2134,0,0,148,1986
S1B_IW_GRDH_1SDV_20190804T172238_20190804T172303_017439_020CCC_371D_COG,outputs\diagnostics\design_c\c2v\scene_checkpoints\primary\S1B_IW_GRDH_1SDV_20190804T172238_20190804T172303_017439_020CCC_371D_COG.csv.gz,True,,2019,2019-08-04,ascending,88,sentinel-1b,1740,False,1,True,1740,0,1740,0,0,22,1718,1740,0,0,23,1717
S1B_IW_GRDH_1SDV_20190804T172238_20190804T172303_017439_020CCC_E57F_COG,outputs\diagnostics\design_c\c2v\scene_checkpoints\primary\S1B_IW_GRDH_1SDV_20190804T172238_20190804T172303_017439_020CCC_E57F_COG.csv.gz,True,,2019,2019-08-04,ascending,88,sentinel-1b,1740,False,1,True,1740,0,1740,0,0,22,1718,1740,0,0,23,1717
S1A_IW_GRDH_1SDV_20190804T052705_20190804T052730_028415_033604_E291_COG,outputs\diagnostics\design_c\c2v\scene_checkpoints\primary\S1A_IW_GRDH_1SDV_20190804T052705_20190804T052730_028415_033604_E291_COG.csv.gz,True,,2019,2019-08-04,descending,168,sentinel-1a,0,True,0,True,0,0,0,0,0,0,0,0,0,0,0,0
S1A_IW_GRDH_1SDV_20190804T052710_20190804T052735_028415_033604_00D9_COG,outputs\diagnostics\design_c\c2v\scene_checkpoints\primary\S1A_IW_GRDH_1SDV_20190804T052710_20190804T052735_028415_033604_00D9_COG.csv.gz,True,,2019,2019-08-04,descending,168,sentinel-1a,630,False,1,True,630,0,630,0,0,149,481,630,0,0,149,481
S1A_IW_GRDH_1SDV_20190804T052730_20190804T052755_028415_033604_F117_COG,outputs\diagnostics\design_c\c2v\scene_checkpoints\primary\S1A_IW_GRDH_1SDV_20190804T052730_20190804T052755_028415_033604_F117_COG.csv.gz,True,,2019,2019-08-04,descending,168,sentinel-1a,2413,False,1,True,2413,0,2413,0,0,300,2113,2413,0,0,314,2099
S1A_IW_GRDH_1SDV_20190804T052735_20190804T052800_028415_033604_E778_COG,outputs\diagnostics\design_c\c2v\scene_checkpoints\primary\S1A_IW_GRDH_1SDV_20190804T052735_20190804T052800_028415_033604_E778_COG.csv.gz,True,,2019,2019-08-04,descending,168,sentinel-1a,1986,False,1,True,1986,0,1986,0,0,361,1625,1986,0,0,365,1621
S1A_IW_GRDH_1SDV_20190805T171456_20190805T171521_028437_0336AC_541E_COG,outputs\diagnostics\design_c\c2v\scene_checkpoints\primary\S1A_IW_GRDH_1SDV_20190805T171456_20190805T171521_028437_0336AC_541E_COG.csv.gz,True,,2019,2019-08-05,ascending,15,sentinel-1a,4331,False,1,True,4331,0,4331,0,0,0,4331,4331,0,0,42,4289
S1A_IW_GRDH_1SDV_20190805T171456_20190805T171521_028437_0336AC_7DC1_COG,outputs\diagnostics\design_c\c2v\scene_checkpoints\primary\S1A_IW_GRDH_1SDV_20190805T171456_20190805T171521_028437_0336AC_7DC1_COG.csv.gz,True,,2019,2019-08-05,ascending,15,sentinel-1a,4331,False,1,True,4331,0,4331,0,0,0,4331,4331,0,0,39,4292
S1A_IW_GRDH_1SDV_20190809T053523_20190809T053548_028488_033855_2405_COG,outputs\diagnostics\design_c\c2v\scene_checkpoints\primary\S1A_IW_GRDH_1SDV_20190809T053523_20190809T053548_028488_033855_2405_COG.csv.gz,True,,2019,2019-08-09,descending,66,sentinel-1a,3329,False,1,True,3329,0,3329,0,0,0,3329,3329,0,0,26,3303
S1A_IW_GRDH_1SDV_20190809T053523_20190809T053548_028488_033855_FF4C_COG,outputs\diagnostics\design_c\c2v\scene_checkpoints\primary\S1A_IW_GRDH_1SDV_20190809T053523_20190809T053548_028488_033855_FF4C_COG.csv.gz,True,,2019,2019-08-09,descending,66,sentinel-1a,3294,False,1,True,3294,0,3294,0,0,1,3293,3294,0,0,27,3267
S1A_IW_GRDH_1SDV_20190809T053548_20190809T053613_028488_033855_108E_COG,outputs\diagnostics\design_c\c2v\scene_checkpoints\primary\S1A_IW_GRDH_1SDV_20190809T053548_20190809T053613_028488_033855_108E_COG.csv.gz,True,,2019,2019-08-09,descending,66,sentinel-1a,1002,False,1,True,1002,0,1002,0,0,0,1002,1002,0,0,9,993
S1A_IW_GRDH_1SDV_20190809T053548_20190809T053613_028488_033855_F8D7_COG,outputs\diagnostics\design_c\c2v\scene_checkpoints\primary\S1A_IW_GRDH_1SDV_20190809T053548_20190809T053613_028488_033855_F8D7_COG.csv.gz,True,,2019,2019-08-09,descending,66,sentinel-1a,1037,False,1,True,1037,0,1037,0,0,0,1037,1037,0,0,8,1029
S1A_IW_GRDH_1SDV_20190810T172303_20190810T172328_028510_033918_6B55_COG,outputs\diagnostics\design_c\c2v\scene_checkpoints\primary\S1A_IW_GRDH_1SDV_20190810T172303_20190810T172328_028510_033918_6B55_COG.csv.gz,True,,2019,2019-08-10,ascending,88,sentinel-1a,3853,False,1,True,3853,0,3853,0,0,150,3703,3853,0,0,157,3696
S1A_IW_GRDH_1SDV_20190810T172303_20190810T172328_028510_033918_CE76_COG,outputs\diagnostics\design_c\c2v\scene_checkpoints\primary\S1A_IW_GRDH_1SDV_20190810T172303_20190810T172328_028510_033918_CE76_COG.csv.gz,True,,2019,2019-08-10,ascending,88,sentinel-1a,3853,False,1,True,3853,0,3853,0,0,150,3703,3853,0,0,156,3697
S1A_IW_GRDH_1SDV_20190810T172328_20190810T172353_028510_033918_3015_COG,outputs\diagnostics\design_c\c2v\scene_checkpoints\primary\S1A_IW_GRDH_1SDV_20190810T172328_20190810T172353_028510_033918_3015_COG.csv.gz,True,,2019,2019-08-10,ascending,88,sentinel-1a,0,True,0,True,0,0,0,0,0,0,0,0,0,0,0,0
S1A_IW_GRDH_1SDV_20190810T172328_20190810T172353_028510_033918_8271_COG,outputs\diagnostics\design_c\c2v\scene_checkpoints\primary\S1A_IW_GRDH_1SDV_20190810T172328_20190810T172353_028510_033918_8271_COG.csv.gz,True,,2019,2019-08-10,ascending,88,sentinel-1a,0,True,0,True,0,0,0,0,0,0,0,0,0,0,0,0
S1B_IW_GRDH_1SDV_20190810T052623_20190810T052648_017519_020F28_5113_COG,outputs\diagnostics\design_c\c2v\scene_checkpoints\primary\S1B_IW_GRDH_1SDV_20190810T052623_20190810T052648_017519_020F28_5113_COG.csv.gz,True,,2019,2019-08-10,descending,168,sentinel-1b,0,True,0,True,0,0,0,0,0,0,0,0,0,0,0,0
S1B_IW_GRDH_1SDV_20190810T052631_20190810T052656_017519_020F28_89D3_COG,outputs\diagnostics\design_c\c2v\scene_checkpoints\primary\S1B_IW_GRDH_1SDV_20190810T052631_20190810T052656_017519_020F28_89D3_COG.csv.gz,True,,2019,2019-08-10,descending,168,sentinel-1b,1658,False,1,True,1658,0,1658,0,0,287,1371,1658,0,0,292,1366
S1B_IW_GRDH_1SDV_20190810T052648_20190810T052713_017519_020F28_9CB0_COG,outputs\diagnostics\design_c\c2v\scene_checkpoints\primary\S1B_IW_GRDH_1SDV_20190810T052648_20190810T052713_017519_020F28_9CB0_COG.csv.gz,True,,2019,2019-08-10,descending,168,sentinel-1b,2394,False,1,True,2394,0,2394,0,0,284,2110,2394,0,0,287,2107
S1B_IW_GRDH_1SDV_20190810T052656_20190810T052721_017519_020F28_E629_COG,outputs\diagnostics\design_c\c2v\scene_checkpoints\primary\S1B_IW_GRDH_1SDV_20190810T052656_20190810T052721_017519_020F28_E629_COG.csv.gz,True,,2019,2019-08-10,descending,168,sentinel-1b,900,False,1,True,900,0,900,0,0,166,734,900,0,0,168,732
S1B_IW_GRDH_1SDV_20190811T171402_20190811T171427_017541_020FD8_2C7C_COG,outputs\diagnostics\design_c\c2v\scene_checkpoints\primary\S1B_IW_GRDH_1SDV_20190811T171402_20190811T171427_017541_020FD8_2C7C_COG.csv.gz,True,,2019,2019-08-11,ascending,15,sentinel-1b,1298,False,1,True,1298,0,1298,0,0,0,1298,1298,0,0,7,1291
S1B_IW_GRDH_1SDV_20190811T171402_20190811T171427_017541_020FD8_8465_COG,outputs\diagnostics\design_c\c2v\scene_checkpoints\primary\S1B_IW_GRDH_1SDV_20190811T171402_20190811T171427_017541_020FD8_8465_COG.csv.gz,True,,2019,2019-08-11,ascending,15,sentinel-1b,1298,False,1,True,1298,0,1298,0,0,0,1298,1298,0,0,8,1290
S1B_IW_GRDH_1SDV_20190811T171427_20190811T171452_017541_020FD8_51ED_COG,outputs\diagnostics\design_c\c2v\scene_checkpoints\primary\S1B_IW_GRDH_1SDV_20190811T171427_20190811T171452_017541_020FD8_51ED_COG.csv.gz,True,,2019,2019-08-11,ascending,15,sentinel-1b,3033,False,1,True,3033,0,3033,0,0,1,3032,3033,0,0,9,3024
S1B_IW_GRDH_1SDV_20190811T171427_20190811T171452_017541_020FD8_6D97_COG,outputs\diagnostics\design_c\c2v\scene_checkpoints\primary\S1B_IW_GRDH_1SDV_20190811T171427_20190811T171452_017541_020FD8_6D97_COG.csv.gz,True,,2019,2019-08-11,ascending,15,sentinel-1b,3033,False,1,True,3033,0,3033,0,0,0,3033,3033,0,0,7,3026
S1B_IW_GRDH_1SDV_20190815T053442_20190815T053507_017592_021179_B8FC_COG,outputs\diagnostics\design_c\c2v\scene_checkpoints\primary\S1B_IW_GRDH_1SDV_20190815T053442_20190815T053507_017592_021179_B8FC_COG.csv.gz,True,,2019,2019-08-15,descending,66,sentinel-1b,3671,False,1,True,3671,0,3671,0,0,0,3671,3671,0,0,19,3652
S1B_IW_GRDH_1SDV_20190815T053450_20190815T053515_017592_021179_23C5_COG,outputs\diagnostics\design_c\c2v\scene_checkpoints\primary\S1B_IW_GRDH_1SDV_20190815T053450_20190815T053515_017592_021179_23C5_COG.csv.gz,True,,2019,2019-08-15,descending,66,sentinel-1b,4331,False,1,True,4331,0,4331,0,0,0,4331,4331,0,0,21,4310
S1B_IW_GRDH_1SDV_20190815T053507_20190815T053532_017592_021179_5635_COG,outputs\diagnostics\design_c\c2v\scene_checkpoints\primary\S1B_IW_GRDH_1SDV_20190815T053507_20190815T053532_017592_021179_5635_COG.csv.gz,True,,2019,2019-08-15,descending,66,sentinel-1b,659,False,1,True,659,0,659,0,0,0,659,659,0,0,3,656
S1B_IW_GRDH_1SDV_20190816T172214_20190816T172239_017614_021234_5960_COG,outputs\diagnostics\design_c\c2v\scene_checkpoints\primary\S1B_IW_GRDH_1SDV_20190816T172214_20190816T172239_017614_021234_5960_COG.csv.gz,True,,2019,2019-08-16,ascending,88,sentinel-1b,2138,False,1,True,2138,0,2138,0,0,142,1996,2138,0,0,144,1994
S1B_IW_GRDH_1SDV_20190816T172214_20190816T172239_017614_021234_5F4A_COG,outputs\diagnostics\design_c\c2v\scene_checkpoints\primary\S1B_IW_GRDH_1SDV_20190816T172214_20190816T172239_017614_021234_5F4A_COG.csv.gz,True,,2019,2019-08-16,ascending,88,sentinel-1b,2138,False,1,True,2138,0,2138,0,0,142,1996,2138,0,0,146,1992
S1B_IW_GRDH_1SDV_20190816T172239_20190816T172304_017614_021234_5A8D_COG,outputs\diagnostics\design_c\c2v\scene_checkpoints\primary\S1B_IW_GRDH_1SDV_20190816T172239_20190816T172304_017614_021234_5A8D_COG.csv.gz,True,,2019,2019-08-16,ascending,88,sentinel-1b,1739,False,1,True,1739,0,1739,0,0,23,1716,1739,0,0,24,1715
S1B_IW_GRDH_1SDV_20190816T172239_20190816T172304_017614_021234_6899_COG,outputs\diagnostics\design_c\c2v\scene_checkpoints\primary\S1B_IW_GRDH_1SDV_20190816T172239_20190816T172304_017614_021234_6899_COG.csv.gz,True,,2019,2019-08-16,ascending,88,sentinel-1b,1739,False,1,True,1739,0,1739,0,0,24,1715,1739,0,0,23,1716
S1A_IW_GRDH_1SDV_20190816T052706_20190816T052731_028590_033BDA_7773_COG,outputs\diagnostics\design_c\c2v\scene_checkpoints\primary\S1A_IW_GRDH_1SDV_20190816T052706_20190816T052731_028590_033BDA_7773_COG.csv.gz,True,,2019,2019-08-16,descending,168,sentinel-1a,0,True,0,True,0,0,0,0,0,0,0,0,0,0,0,0
S1A_IW_GRDH_1SDV_20190816T052711_20190816T052736_028590_033BDA_2334_COG,outputs\diagnostics\design_c\c2v\scene_checkpoints\primary\S1A_IW_GRDH_1SDV_20190816T052711_20190816T052736_028590_033BDA_2334_COG.csv.gz,True,,2019,2019-08-16,descending,168,sentinel-1a,633,False,1,True,633,0,633,0,0,149,484,633,0,0,150,483
S1A_IW_GRDH_1SDV_20190816T052731_20190816T052756_028590_033BDA_D458_COG,outputs\diagnostics\design_c\c2v\scene_checkpoints\primary\S1A_IW_GRDH_1SDV_20190816T052731_20190816T052756_028590_033BDA_D458_COG.csv.gz,True,,2019,2019-08-16,descending,168,sentinel-1a,2421,False,1,True,2421,0,2421,0,0,303,2118,2421,0,0,311,2110
S1A_IW_GRDH_1SDV_20190816T052736_20190816T052801_028590_033BDA_A8C8_COG,outputs\diagnostics\design_c\c2v\scene_checkpoints\primary\S1A_IW_GRDH_1SDV_20190816T052736_20190816T052801_028590_033BDA_A8C8_COG.csv.gz,True,,2019,2019-08-16,descending,168,sentinel-1a,1988,False,1,True,1988,0,1988,0,0,361,1627,1988,0,0,363,1625
S1A_IW_GRDH_1SDV_20190817T171457_20190817T171522_028612_033C97_0EB0_COG,outputs\diagnostics\design_c\c2v\scene_checkpoints\primary\S1A_IW_GRDH_1SDV_20190817T171457_20190817T171522_028612_033C97_0EB0_COG.csv.gz,True,,2019,2019-08-17,ascending,15,sentinel-1a,4331,False,1,True,4331,0,4331,0,0,1,4330,4331,0,0,34,4297
S1A_IW_GRDH_1SDV_20190817T171457_20190817T171522_028612_033C97_0F7C_COG,outputs\diagnostics\design_c\c2v\scene_checkpoints\primary\S1A_IW_GRDH_1SDV_20190817T171457_20190817T171522_028612_033C97_0F7C_COG.csv.gz,True,,2019,2019-08-17,ascending,15,sentinel-1a,4331,False,1,True,4331,0,4331,0,0,1,4330,4331,0,0,31,4300
S1A_IW_GRDH_1SDV_20190821T053524_20190821T053549_028663_033E6E_0F91_COG,outputs\diagnostics\design_c\c2v\scene_checkpoints\primary\S1A_IW_GRDH_1SDV_20190821T053524_20190821T053549_028663_033E6E_0F91_COG.csv.gz,True,,2019,2019-08-21,descending,66,sentinel-1a,3329,False,1,True,3329,0,3329,0,0,2,3327,3329,0,0,16,3313
S1A_IW_GRDH_1SDV_20190821T053524_20190821T053549_028663_033E6E_C640_COG,outputs\diagnostics\design_c\c2v\scene_checkpoints\primary\S1A_IW_GRDH_1SDV_20190821T053524_20190821T053549_028663_033E6E_C640_COG.csv.gz,True,,2019,2019-08-21,descending,66,sentinel-1a,3576,False,1,True,3576,0,3576,0,0,0,3576,3576,0,0,13,3563
S1A_IW_GRDH_1SDV_20190821T053549_20190821T053614_028663_033E6E_5068_COG,outputs\diagnostics\design_c\c2v\scene_checkpoints\primary\S1A_IW_GRDH_1SDV_20190821T053549_20190821T053614_028663_033E6E_5068_COG.csv.gz,True,,2019,2019-08-21,descending,66,sentinel-1a,754,False,1,True,754,0,754,0,0,0,754,754,0,0,10,744
S1A_IW_GRDH_1SDV_20190821T053549_20190821T053614_028663_033E6E_A6DB_COG,outputs\diagnostics\design_c\c2v\scene_checkpoints\primary\S1A_IW_GRDH_1SDV_20190821T053549_20190821T053614_028663_033E6E_A6DB_COG.csv.gz,True,,2019,2019-08-21,descending,66,sentinel-1a,1002,False,1,True,1002,0,1002,0,0,0,1002,1002,0,0,5,997
S1A_IW_GRDH_1SDV_20190822T172303_20190822T172328_028685_033F24_2CB9_COG,outputs\diagnostics\design_c\c2v\scene_checkpoints\primary\S1A_IW_GRDH_1SDV_20190822T172303_20190822T172328_028685_033F24_2CB9_COG.csv.gz,True,,2019,2019-08-22,ascending,88,sentinel-1a,3852,False,1,True,3852,0,3852,0,0,148,3704,3852,0,0,158,3694
S1A_IW_GRDH_1SDV_20190822T172303_20190822T172328_028685_033F24_6163_COG,outputs\diagnostics\design_c\c2v\scene_checkpoints\primary\S1A_IW_GRDH_1SDV_20190822T172303_20190822T172328_028685_033F24_6163_COG.csv.gz,True,,2019,2019-08-22,ascending,88,sentinel-1a,3852,False,1,True,3852,0,3852,0,0,148,3704,3852,0,0,158,3694
S1A_IW_GRDH_1SDV_20190822T172328_20190822T172353_028685_033F24_0730_COG,outputs\diagnostics\design_c\c2v\scene_checkpoints\primary\S1A_IW_GRDH_1SDV_20190822T172328_20190822T172353_028685_033F24_0730_COG.csv.gz,True,,2019,2019-08-22,ascending,88,sentinel-1a,0,True,0,True,0,0,0,0,0,0,0,0,0,0,0,0
S1A_IW_GRDH_1SDV_20190822T172328_20190822T172353_028685_033F24_EC86_COG,outputs\diagnostics\design_c\c2v\scene_checkpoints\primary\S1A_IW_GRDH_1SDV_20190822T172328_20190822T172353_028685_033F24_EC86_COG.csv.gz,True,,2019,2019-08-22,ascending,88,sentinel-1a,0,True,0,True,0,0,0,0,0,0,0,0,0,0,0,0
S1B_IW_GRDH_1SDV_20190822T052624_20190822T052649_017694_02149F_3DD6_COG,outputs\diagnostics\design_c\c2v\scene_checkpoints\primary\S1B_IW_GRDH_1SDV_20190822T052624_20190822T052649_017694_02149F_3DD6_COG.csv.gz,True,,2019,2019-08-22,descending,168,sentinel-1b,0,True,0,True,0,0,0,0,0,0,0,0,0,0,0,0
S1B_IW_GRDH_1SDV_20190822T052632_20190822T052657_017694_02149F_0592_COG,outputs\diagnostics\design_c\c2v\scene_checkpoints\primary\S1B_IW_GRDH_1SDV_20190822T052632_20190822T052657_017694_02149F_0592_COG.csv.gz,True,,2019,2019-08-22,descending,168,sentinel-1b,1659,False,1,True,1659,0,1659,0,0,288,1371,1659,0,0,290,1369
S1B_IW_GRDH_1SDV_20190822T052649_20190822T052714_017694_02149F_2F26_COG,outputs\diagnostics\design_c\c2v\scene_checkpoints\primary\S1B_IW_GRDH_1SDV_20190822T052649_20190822T052714_017694_02149F_2F26_COG.csv.gz,True,,2019,2019-08-22,descending,168,sentinel-1b,2395,False,1,True,2395,0,2395,0,0,285,2110,2395,0,0,286,2109
S1B_IW_GRDH_1SDV_20190822T052657_20190822T052722_017694_02149F_B3F9_COG,outputs\diagnostics\design_c\c2v\scene_checkpoints\primary\S1B_IW_GRDH_1SDV_20190822T052657_20190822T052722_017694_02149F_B3F9_COG.csv.gz,True,,2019,2019-08-22,descending,168,sentinel-1b,900,False,1,True,900,0,900,0,0,166,734,900,0,0,168,732
S1B_IW_GRDH_1SDV_20190827T053442_20190827T053507_017767_0216F5_E93D_COG,outputs\diagnostics\design_c\c2v\scene_checkpoints\primary\S1B_IW_GRDH_1SDV_20190827T053442_20190827T053507_017767_0216F5_E93D_COG.csv.gz,True,,2019,2019-08-27,descending,66,sentinel-1b,3286,False,1,True,3286,0,3286,0,0,0,3286,3286,0,0,13,3273
S1B_IW_GRDH_1SDV_20190827T053451_20190827T053516_017767_0216F5_E219_COG,outputs\diagnostics\design_c\c2v\scene_checkpoints\primary\S1B_IW_GRDH_1SDV_20190827T053451_20190827T053516_017767_0216F5_E219_COG.csv.gz,True,,2019,2019-08-27,descending,66,sentinel-1b,4331,False,1,True,4331,0,4331,0,0,1,4330,4331,0,0,8,4323
S1B_IW_GRDH_1SDV_20190827T053507_20190827T053532_017767_0216F5_AA84_COG,outputs\diagnostics\design_c\c2v\scene_checkpoints\primary\S1B_IW_GRDH_1SDV_20190827T053507_20190827T053532_017767_0216F5_AA84_COG.csv.gz,True,,2019,2019-08-27,descending,66,sentinel-1b,1045,False,1,True,1045,0,1045,0,0,1,1044,1045,0,0,10,1035
S1B_IW_GRDH_1SDV_20190828T172214_20190828T172239_017789_0217A2_11FE_COG,outputs\diagnostics\design_c\c2v\scene_checkpoints\primary\S1B_IW_GRDH_1SDV_20190828T172214_20190828T172239_017789_0217A2_11FE_COG.csv.gz,True,,2019,2019-08-28,ascending,88,sentinel-1b,2135,False,1,True,2135,0,2135,0,0,142,1993,2135,0,0,142,1993
S1B_IW_GRDH_1SDV_20190828T172214_20190828T172239_017789_0217A2_2710_COG,outputs\diagnostics\design_c\c2v\scene_checkpoints\primary\S1B_IW_GRDH_1SDV_20190828T172214_20190828T172239_017789_0217A2_2710_COG.csv.gz,True,,2019,2019-08-28,ascending,88,sentinel-1b,2135,False,1,True,2135,0,2135,0,0,142,1993,2135,0,0,143,1992
S1B_IW_GRDH_1SDV_20190828T172239_20190828T172304_017789_0217A2_9BD8_COG,outputs\diagnostics\design_c\c2v\scene_checkpoints\primary\S1B_IW_GRDH_1SDV_20190828T172239_20190828T172304_017789_0217A2_9BD8_COG.csv.gz,True,,2019,2019-08-28,ascending,88,sentinel-1b,1741,False,1,True,1741,0,1741,0,0,23,1718,1741,0,0,23,1718
S1B_IW_GRDH_1SDV_20190828T172239_20190828T172304_017789_0217A2_CAE9_COG,outputs\diagnostics\design_c\c2v\scene_checkpoints\primary\S1B_IW_GRDH_1SDV_20190828T172239_20190828T172304_017789_0217A2_CAE9_COG.csv.gz,True,,2019,2019-08-28,ascending,88,sentinel-1b,1741,False,1,True,1741,0,1741,0,0,23,1718,1741,0,0,23,1718
S1A_IW_GRDH_1SDV_20190828T052706_20190828T052731_028765_0341F8_97A7_COG,outputs\diagnostics\design_c\c2v\scene_checkpoints\primary\S1A_IW_GRDH_1SDV_20190828T052706_20190828T052731_028765_0341F8_97A7_COG.csv.gz,True,,2019,2019-08-28,descending,168,sentinel-1a,0,True,0,True,0,0,0,0,0,0,0,0,0,0,0,0
S1A_IW_GRDH_1SDV_20190828T052711_20190828T052736_028765_0341F8_C01D_COG,outputs\diagnostics\design_c\c2v\scene_checkpoints\primary\S1A_IW_GRDH_1SDV_20190828T052711_20190828T052736_028765_0341F8_C01D_COG.csv.gz,True,,2019,2019-08-28,descending,168,sentinel-1a,629,False,1,True,629,0,629,0,0,149,480,629,0,0,149,480
S1A_IW_GRDH_1SDV_20190828T052731_20190828T052756_028765_0341F8_18A7_COG,outputs\diagnostics\design_c\c2v\scene_checkpoints\primary\S1A_IW_GRDH_1SDV_20190828T052731_20190828T052756_028765_0341F8_18A7_COG.csv.gz,True,,2019,2019-08-28,descending,168,sentinel-1a,2409,False,1,True,2409,0,2409,0,0,298,2111,2409,0,0,303,2106
S1A_IW_GRDH_1SDV_20190828T052736_20190828T052801_028765_0341F8_0B2C_COG,outputs\diagnostics\design_c\c2v\scene_checkpoints\primary\S1A_IW_GRDH_1SDV_20190828T052736_20190828T052801_028765_0341F8_0B2C_COG.csv.gz,True,,2019,2019-08-28,descending,168,sentinel-1a,1986,False,1,True,1986,0,1986,0,0,360,1626,1986,0,0,365,1621
S1A_IW_GRDH_1SDV_20190829T171457_20190829T171522_028787_0342BB_93C6_COG,outputs\diagnostics\design_c\c2v\scene_checkpoints\primary\S1A_IW_GRDH_1SDV_20190829T171457_20190829T171522_028787_0342BB_93C6_COG.csv.gz,True,,2019,2019-08-29,ascending,15,sentinel-1a,4331,False,1,True,4331,0,4331,0,0,0,4331,4331,0,0,17,4314
S1A_IW_GRDH_1SDV_20190829T171457_20190829T171522_028787_0342BB_FB02_COG,outputs\diagnostics\design_c\c2v\scene_checkpoints\primary\S1A_IW_GRDH_1SDV_20190829T171457_20190829T171522_028787_0342BB_FB02_COG.csv.gz,True,,2019,2019-08-29,ascending,15,sentinel-1a,4331,False,1,True,4331,0,4331,0,0,0,4331,4331,0,0,19,4312
S1A_IW_GRDH_1SDV_20190902T053524_20190902T053549_028838_034486_4A0D_COG,outputs\diagnostics\design_c\c2v\scene_checkpoints\primary\S1A_IW_GRDH_1SDV_20190902T053524_20190902T053549_028838_034486_4A0D_COG.csv.gz,True,,2019,2019-09-02,descending,66,sentinel-1a,3329,False,1,True,3329,0,3329,0,0,0,3329,3329,0,0,12,3317
S1A_IW_GRDH_1SDV_20190902T053525_20190902T053550_028838_034486_C16C_COG,outputs\diagnostics\design_c\c2v\scene_checkpoints\primary\S1A_IW_GRDH_1SDV_20190902T053525_20190902T053550_028838_034486_C16C_COG.csv.gz,True,,2019,2019-09-02,descending,66,sentinel-1a,3369,False,1,True,3369,0,3369,0,0,0,3369,3369,0,0,13,3356
S1A_IW_GRDH_1SDV_20190902T053549_20190902T053614_028838_034486_A3F5_COG,outputs\diagnostics\design_c\c2v\scene_checkpoints\primary\S1A_IW_GRDH_1SDV_20190902T053549_20190902T053614_028838_034486_A3F5_COG.csv.gz,True,,2019,2019-09-02,descending,66,sentinel-1a,1002,False,1,True,1002,0,1002,0,0,0,1002,1002,0,0,6,996
S1A_IW_GRDH_1SDV_20190902T053550_20190902T053615_028838_034486_3527_COG,outputs\diagnostics\design_c\c2v\scene_checkpoints\primary\S1A_IW_GRDH_1SDV_20190902T053550_20190902T053615_028838_034486_3527_COG.csv.gz,True,,2019,2019-09-02,descending,66,sentinel-1a,960,False,1,True,960,0,960,0,0,0,960,960,0,0,4,956
S1A_IW_GRDH_1SDV_20190903T172304_20190903T172329_028860_034540_2D6C_COG,outputs\diagnostics\design_c\c2v\scene_checkpoints\primary\S1A_IW_GRDH_1SDV_20190903T172304_20190903T172329_028860_034540_2D6C_COG.csv.gz,True,,2019,2019-09-03,ascending,88,sentinel-1a,3854,False,1,True,3854,0,3854,0,0,148,3706,3854,0,0,156,3698
S1A_IW_GRDH_1SDV_20190903T172304_20190903T172329_028860_034540_8FF3_COG,outputs\diagnostics\design_c\c2v\scene_checkpoints\primary\S1A_IW_GRDH_1SDV_20190903T172304_20190903T172329_028860_034540_8FF3_COG.csv.gz,True,,2019,2019-09-03,ascending,88,sentinel-1a,3854,False,1,True,3854,0,3854,0,0,148,3706,3854,0,0,153,3701
S1A_IW_GRDH_1SDV_20190903T172329_20190903T172354_028860_034540_D7C4_COG,outputs\diagnostics\design_c\c2v\scene_checkpoints\primary\S1A_IW_GRDH_1SDV_20190903T172329_20190903T172354_028860_034540_D7C4_COG.csv.gz,True,,2019,2019-09-03,ascending,88,sentinel-1a,0,True,0,True,0,0,0,0,0,0,0,0,0,0,0,0
S1A_IW_GRDH_1SDV_20190903T172329_20190903T172354_028860_034540_E0B9_COG,outputs\diagnostics\design_c\c2v\scene_checkpoints\primary\S1A_IW_GRDH_1SDV_20190903T172329_20190903T172354_028860_034540_E0B9_COG.csv.gz,True,,2019,2019-09-03,ascending,88,sentinel-1a,0,True,0,True,0,0,0,0,0,0,0,0,0,0,0,0
S1B_IW_GRDH_1SDV_20190903T052625_20190903T052650_017869_021A0C_CDA1_COG,outputs\diagnostics\design_c\c2v\scene_checkpoints\primary\S1B_IW_GRDH_1SDV_20190903T052625_20190903T052650_017869_021A0C_CDA1_COG.csv.gz,True,,2019,2019-09-03,descending,168,sentinel-1b,0,True,0,True,0,0,0,0,0,0,0,0,0,0,0,0
S1B_IW_GRDH_1SDV_20190903T052632_20190903T052657_017869_021A0C_C2BE_COG,outputs\diagnostics\design_c\c2v\scene_checkpoints\primary\S1B_IW_GRDH_1SDV_20190903T052632_20190903T052657_017869_021A0C_C2BE_COG.csv.gz,True,,2019,2019-09-03,descending,168,sentinel-1b,1659,False,1,True,1659,0,1659,0,0,287,1372,1659,0,0,287,1372
S1B_IW_GRDH_1SDV_20190903T052650_20190903T052715_017869_021A0C_CCB0_COG,outputs\diagnostics\design_c\c2v\scene_checkpoints\primary\S1B_IW_GRDH_1SDV_20190903T052650_20190903T052715_017869_021A0C_CCB0_COG.csv.gz,True,,2019,2019-09-03,descending,168,sentinel-1b,2396,False,1,True,2396,0,2396,0,0,285,2111,2396,0,0,292,2104
S1B_IW_GRDH_1SDV_20190903T052657_20190903T052722_017869_021A0C_92A3_COG,outputs\diagnostics\design_c\c2v\scene_checkpoints\primary\S1B_IW_GRDH_1SDV_20190903T052657_20190903T052722_017869_021A0C_92A3_COG.csv.gz,True,,2019,2019-09-03,descending,168,sentinel-1b,901,False,1,True,901,0,901,0,0,167,734,901,0,0,169,732
S1B_IW_GRDH_1SDV_20190904T171403_20190904T171428_017891_021ABA_58EE_COG,outputs\diagnostics\design_c\c2v\scene_checkpoints\primary\S1B_IW_GRDH_1SDV_20190904T171403_20190904T171428_017891_021ABA_58EE_COG.csv.gz,True,,2019,2019-09-04,ascending,15,sentinel-1b,1298,False,1,True,1298,0,1298,0,0,0,1298,1298,0,0,4,1294
S1B_IW_GRDH_1SDV_20190904T171403_20190904T171428_017891_021ABA_DE27_COG,outputs\diagnostics\design_c\c2v\scene_checkpoints\primary\S1B_IW_GRDH_1SDV_20190904T171403_20190904T171428_017891_021ABA_DE27_COG.csv.gz,True,,2019,2019-09-04,ascending,15,sentinel-1b,1298,False,1,True,1298,0,1298,0,0,0,1298,1298,0,0,2,1296
S1B_IW_GRDH_1SDV_20190904T171428_20190904T171453_017891_021ABA_6A9D_COG,outputs\diagnostics\design_c\c2v\scene_checkpoints\primary\S1B_IW_GRDH_1SDV_20190904T171428_20190904T171453_017891_021ABA_6A9D_COG.csv.gz,True,,2019,2019-09-04,ascending,15,sentinel-1b,3033,False,1,True,3033,0,3033,0,0,1,3032,3033,0,0,12,3021
S1B_IW_GRDH_1SDV_20190904T171428_20190904T171453_017891_021ABA_FC40_COG,outputs\diagnostics\design_c\c2v\scene_checkpoints\primary\S1B_IW_GRDH_1SDV_20190904T171428_20190904T171453_017891_021ABA_FC40_COG.csv.gz,True,,2019,2019-09-04,ascending,15,sentinel-1b,3033,False,1,True,3033,0,3033,0,0,1,3032,3033,0,0,13,3020
S1B_IW_GRDH_1SDV_20190908T053444_20190908T053509_017942_021C60_EB40_COG,outputs\diagnostics\design_c\c2v\scene_checkpoints\primary\S1B_IW_GRDH_1SDV_20190908T053444_20190908T053509_017942_021C60_EB40_COG.csv.gz,True,,2019,2019-09-08,descending,66,sentinel-1b,3634,False,1,True,3634,0,3634,0,0,0,3634,3634,0,0,1,3633
S1B_IW_GRDH_1SDV_20190908T053451_20190908T053516_017942_021C60_E3EC_COG,outputs\diagnostics\design_c\c2v\scene_checkpoints\primary\S1B_IW_GRDH_1SDV_20190908T053451_20190908T053516_017942_021C60_E3EC_COG.csv.gz,True,,2019,2019-09-08,descending,66,sentinel-1b,4331,False,1,True,4331,0,4331,0,0,0,4331,4331,0,0,4,4327
S1B_IW_GRDH_1SDV_20190908T053509_20190908T053534_017942_021C60_44C7_COG,outputs\diagnostics\design_c\c2v\scene_checkpoints\primary\S1B_IW_GRDH_1SDV_20190908T053509_20190908T053534_017942_021C60_44C7_COG.csv.gz,True,,2019,2019-09-08,descending,66,sentinel-1b,697,False,1,True,697,0,697,0,0,0,697,697,0,0,1,696
S1B_IW_GRDH_1SDV_20190909T172215_20190909T172240_017964_021D21_4E56_COG,outputs\diagnostics\design_c\c2v\scene_checkpoints\primary\S1B_IW_GRDH_1SDV_20190909T172215_20190909T172240_017964_021D21_4E56_COG.csv.gz,True,,2019,2019-09-09,ascending,88,sentinel-1b,2135,False,1,True,2135,0,2135,0,0,141,1994,2135,0,0,143,1992
S1B_IW_GRDH_1SDV_20190909T172215_20190909T172240_017964_021D21_8E49_COG,outputs\diagnostics\design_c\c2v\scene_checkpoints\primary\S1B_IW_GRDH_1SDV_20190909T172215_20190909T172240_017964_021D21_8E49_COG.csv.gz,True,,2019,2019-09-09,ascending,88,sentinel-1b,2135,False,1,True,2135,0,2135,0,0,141,1994,2135,0,0,144,1991
S1B_IW_GRDH_1SDV_20190909T172240_20190909T172305_017964_021D21_58CD_COG,outputs\diagnostics\design_c\c2v\scene_checkpoints\primary\S1B_IW_GRDH_1SDV_20190909T172240_20190909T172305_017964_021D21_58CD_COG.csv.gz,True,,2019,2019-09-09,ascending,88,sentinel-1b,1735,False,1,True,1735,0,1735,0,0,22,1713,1735,0,0,25,1710
S1B_IW_GRDH_1SDV_20190909T172240_20190909T172305_017964_021D21_CDED_COG,outputs\diagnostics\design_c\c2v\scene_checkpoints\primary\S1B_IW_GRDH_1SDV_20190909T172240_20190909T172305_017964_021D21_CDED_COG.csv.gz,True,,2019,2019-09-09,ascending,88,sentinel-1b,1735,False,1,True,1735,0,1735,0,0,22,1713,1735,0,0,26,1709
S1A_IW_GRDH_1SDV_20190909T052707_20190909T052732_028940_03480E_5401_COG,outputs\diagnostics\design_c\c2v\scene_checkpoints\primary\S1A_IW_GRDH_1SDV_20190909T052707_20190909T052732_028940_03480E_5401_COG.csv.gz,True,,2019,2019-09-09,descending,168,sentinel-1a,0,True,0,True,0,0,0,0,0,0,0,0,0,0,0,0
S1A_IW_GRDH_1SDV_20190909T052712_20190909T052737_028940_03480E_7DC9_COG,outputs\diagnostics\design_c\c2v\scene_checkpoints\primary\S1A_IW_GRDH_1SDV_20190909T052712_20190909T052737_028940_03480E_7DC9_COG.csv.gz,True,,2019,2019-09-09,descending,168,sentinel-1a,628,False,1,True,628,0,628,0,0,149,479,628,0,0,149,479
S1A_IW_GRDH_1SDV_20190909T052732_20190909T052757_028940_03480E_230A_COG,outputs\diagnostics\design_c\c2v\scene_checkpoints\primary\S1A_IW_GRDH_1SDV_20190909T052732_20190909T052757_028940_03480E_230A_COG.csv.gz,True,,2019,2019-09-09,descending,168,sentinel-1a,2410,False,1,True,2410,0,2410,0,0,299,2111,2410,0,0,303,2107
S1A_IW_GRDH_1SDV_20190909T052737_20190909T052802_028940_03480E_475A_COG,outputs\diagnostics\design_c\c2v\scene_checkpoints\primary\S1A_IW_GRDH_1SDV_20190909T052737_20190909T052802_028940_03480E_475A_COG.csv.gz,True,,2019,2019-09-09,descending,168,sentinel-1a,1985,False,1,True,1985,0,1985,0,0,361,1624,1985,0,0,362,1623
S1A_IW_GRDH_1SDV_20190910T171458_20190910T171523_028962_0348D4_8A77_COG,outputs\diagnostics\design_c\c2v\scene_checkpoints\primary\S1A_IW_GRDH_1SDV_20190910T171458_20190910T171523_028962_0348D4_8A77_COG.csv.gz,True,,2019,2019-09-10,ascending,15,sentinel-1a,4331,False,1,True,4331,0,4331,0,0,0,4331,4331,0,0,27,4304
S1A_IW_GRDH_1SDV_20190910T171458_20190910T171523_028962_0348D4_B042_COG,outputs\diagnostics\design_c\c2v\scene_checkpoints\primary\S1A_IW_GRDH_1SDV_20190910T171458_20190910T171523_028962_0348D4_B042_COG.csv.gz,True,,2019,2019-09-10,ascending,15,sentinel-1a,4331,False,1,True,4331,0,4331,0,0,0,4331,4331,0,0,16,4315
S1A_IW_GRDH_1SDV_20190915T172304_20190915T172329_029035_034B57_16B1_COG,outputs\diagnostics\design_c\c2v\scene_checkpoints\primary\S1A_IW_GRDH_1SDV_20190915T172304_20190915T172329_029035_034B57_16B1_COG.csv.gz,True,,2019,2019-09-15,ascending,88,sentinel-1a,3857,False,1,True,3857,0,3857,0,0,149,3708,3857,0,0,155,3702
S1A_IW_GRDH_1SDV_20190915T172304_20190915T172329_029035_034B57_406F_COG,outputs\diagnostics\design_c\c2v\scene_checkpoints\primary\S1A_IW_GRDH_1SDV_20190915T172304_20190915T172329_029035_034B57_406F_COG.csv.gz,True,,2019,2019-09-15,ascending,88,sentinel-1a,3857,False,1,True,3857,0,3857,0,0,149,3708,3857,0,0,154,3703
S1A_IW_GRDH_1SDV_20190915T172329_20190915T172354_029035_034B57_3E97_COG,outputs\diagnostics\design_c\c2v\scene_checkpoints\primary\S1A_IW_GRDH_1SDV_20190915T172329_20190915T172354_029035_034B57_3E97_COG.csv.gz,True,,2019,2019-09-15,ascending,88,sentinel-1a,0,True,0,True,0,0,0,0,0,0,0,0,0,0,0,0
S1A_IW_GRDH_1SDV_20190915T172329_20190915T172354_029035_034B57_8EFA_COG,outputs\diagnostics\design_c\c2v\scene_checkpoints\primary\S1A_IW_GRDH_1SDV_20190915T172329_20190915T172354_029035_034B57_8EFA_COG.csv.gz,True,,2019,2019-09-15,ascending,88,sentinel-1a,0,True,0,True,0,0,0,0,0,0,0,0,0,0,0,0
S1B_IW_GRDH_1SDV_20190915T052625_20190915T052650_018044_021F7F_BA2D_COG,outputs\diagnostics\design_c\c2v\scene_checkpoints\primary\S1B_IW_GRDH_1SDV_20190915T052625_20190915T052650_018044_021F7F_BA2D_COG.csv.gz,True,,2019,2019-09-15,descending,168,sentinel-1b,0,True,0,True,0,0,0,0,0,0,0,0,0,0,0,0
S1B_IW_GRDH_1SDV_20190915T052633_20190915T052658_018044_021F7F_6F34_COG,outputs\diagnostics\design_c\c2v\scene_checkpoints\primary\S1B_IW_GRDH_1SDV_20190915T052633_20190915T052658_018044_021F7F_6F34_COG.csv.gz,True,,2019,2019-09-15,descending,168,sentinel-1b,1660,False,1,True,1660,0,1660,0,0,284,1376,1660,0,0,285,1375
S1B_IW_GRDH_1SDV_20190915T052650_20190915T052715_018044_021F7F_A2EF_COG,outputs\diagnostics\design_c\c2v\scene_checkpoints\primary\S1B_IW_GRDH_1SDV_20190915T052650_20190915T052715_018044_021F7F_A2EF_COG.csv.gz,True,,2019,2019-09-15,descending,168,sentinel-1b,2395,False,1,True,2395,0,2395,0,0,284,2111,2395,0,0,286,2109
S1B_IW_GRDH_1SDV_20190915T052658_20190915T052723_018044_021F7F_1910_COG,outputs\diagnostics\design_c\c2v\scene_checkpoints\primary\S1B_IW_GRDH_1SDV_20190915T052658_20190915T052723_018044_021F7F_1910_COG.csv.gz,True,,2019,2019-09-15,descending,168,sentinel-1b,901,False,1,True,901,0,901,0,0,167,734,901,0,0,168,733
S1B_IW_GRDH_1SDV_20190916T171404_20190916T171429_018066_02202D_D6BB_COG,outputs\diagnostics\design_c\c2v\scene_checkpoints\primary\S1B_IW_GRDH_1SDV_20190916T171404_20190916T171429_018066_02202D_D6BB_COG.csv.gz,True,,2019,2019-09-16,ascending,15,sentinel-1b,1298,False,1,True,1298,0,1298,0,0,0,1298,1298,0,0,6,1292
S1B_IW_GRDH_1SDV_20190916T171404_20190916T171429_018066_02202D_DBED_COG,outputs\diagnostics\design_c\c2v\scene_checkpoints\primary\S1B_IW_GRDH_1SDV_20190916T171404_20190916T171429_018066_02202D_DBED_COG.csv.gz,True,,2019,2019-09-16,ascending,15,sentinel-1b,1298,False,1,True,1298,0,1298,0,0,0,1298,1298,0,0,4,1294
S1B_IW_GRDH_1SDV_20190916T171429_20190916T171454_018066_02202D_B541_COG,outputs\diagnostics\design_c\c2v\scene_checkpoints\primary\S1B_IW_GRDH_1SDV_20190916T171429_20190916T171454_018066_02202D_B541_COG.csv.gz,True,,2019,2019-09-16,ascending,15,sentinel-1b,3033,False,1,True,3033,0,3033,0,0,0,3033,3033,0,0,10,3023
S1B_IW_GRDH_1SDV_20190916T171429_20190916T171454_018066_02202D_DC75_COG,outputs\diagnostics\design_c\c2v\scene_checkpoints\primary\S1B_IW_GRDH_1SDV_20190916T171429_20190916T171454_018066_02202D_DC75_COG.csv.gz,True,,2019,2019-09-16,ascending,15,sentinel-1b,3033,False,1,True,3033,0,3033,0,0,0,3033,3033,0,0,11,3022
S1B_IW_GRDH_1SDV_20190920T053443_20190920T053508_018117_0221D2_3DAD_COG,outputs\diagnostics\design_c\c2v\scene_checkpoints\primary\S1B_IW_GRDH_1SDV_20190920T053443_20190920T053508_018117_0221D2_3DAD_COG.csv.gz,True,,2019,2019-09-20,descending,66,sentinel-1b,3281,False,1,True,3281,0,3281,0,0,0,3281,3281,0,0,7,3274
S1B_IW_GRDH_1SDV_20190920T053452_20190920T053517_018117_0221D2_472A_COG,outputs\diagnostics\design_c\c2v\scene_checkpoints\primary\S1B_IW_GRDH_1SDV_20190920T053452_20190920T053517_018117_0221D2_472A_COG.csv.gz,True,,2019,2019-09-20,descending,66,sentinel-1b,4331,False,1,True,4331,0,4331,0,0,0,4331,4331,0,0,17,4314
S1B_IW_GRDH_1SDV_20190920T053508_20190920T053533_018117_0221D2_0560_COG,outputs\diagnostics\design_c\c2v\scene_checkpoints\primary\S1B_IW_GRDH_1SDV_20190920T053508_20190920T053533_018117_0221D2_0560_COG.csv.gz,True,,2019,2019-09-20,descending,66,sentinel-1b,1049,False,1,True,1049,0,1049,0,0,0,1049,1049,0,0,6,1043
S1B_IW_GRDH_1SDV_20190921T172216_20190921T172241_018139_02228B_AC89_COG,outputs\diagnostics\design_c\c2v\scene_checkpoints\primary\S1B_IW_GRDH_1SDV_20190921T172216_20190921T172241_018139_02228B_AC89_COG.csv.gz,True,,2019,2019-09-21,ascending,88,sentinel-1b,2137,False,1,True,2137,0,2137,0,0,141,1996,2137,0,0,144,1993
S1B_IW_GRDH_1SDV_20190921T172216_20190921T172241_018139_02228B_D2AC_COG,outputs\diagnostics\design_c\c2v\scene_checkpoints\primary\S1B_IW_GRDH_1SDV_20190921T172216_20190921T172241_018139_02228B_D2AC_COG.csv.gz,True,,2019,2019-09-21,ascending,88,sentinel-1b,2137,False,1,True,2137,0,2137,0,0,141,1996,2137,0,0,143,1994
S1B_IW_GRDH_1SDV_20190921T172241_20190921T172306_018139_02228B_0A61_COG,outputs\diagnostics\design_c\c2v\scene_checkpoints\primary\S1B_IW_GRDH_1SDV_20190921T172241_20190921T172306_018139_02228B_0A61_COG.csv.gz,True,,2019,2019-09-21,ascending,88,sentinel-1b,1734,False,1,True,1734,0,1734,0,0,22,1712,1734,0,0,23,1711
S1B_IW_GRDH_1SDV_20190921T172241_20190921T172306_018139_02228B_B8EE_COG,outputs\diagnostics\design_c\c2v\scene_checkpoints\primary\S1B_IW_GRDH_1SDV_20190921T172241_20190921T172306_018139_02228B_B8EE_COG.csv.gz,True,,2019,2019-09-21,ascending,88,sentinel-1b,1734,False,1,True,1734,0,1734,0,0,22,1712,1734,0,0,23,1711
S1A_IW_GRDH_1SDV_20190921T052707_20190921T052732_029115_034E0E_4B25_COG,outputs\diagnostics\design_c\c2v\scene_checkpoints\primary\S1A_IW_GRDH_1SDV_20190921T052707_20190921T052732_029115_034E0E_4B25_COG.csv.gz,True,,2019,2019-09-21,descending,168,sentinel-1a,0,True,0,True,0,0,0,0,0,0,0,0,0,0,0,0
S1A_IW_GRDH_1SDV_20190921T052713_20190921T052738_029115_034E0E_3753_COG,outputs\diagnostics\design_c\c2v\scene_checkpoints\primary\S1A_IW_GRDH_1SDV_20190921T052713_20190921T052738_029115_034E0E_3753_COG.csv.gz,True,,2019,2019-09-21,descending,168,sentinel-1a,626,False,1,True,626,0,626,0,0,148,478,626,0,0,149,477
S1A_IW_GRDH_1SDV_20190921T052732_20190921T052757_029115_034E0E_8210_COG,outputs\diagnostics\design_c\c2v\scene_checkpoints\primary\S1A_IW_GRDH_1SDV_20190921T052732_20190921T052757_029115_034E0E_8210_COG.csv.gz,True,,2019,2019-09-21,descending,168,sentinel-1a,2406,False,1,True,2406,0,2406,0,0,297,2109,2406,0,0,303,2103
S1A_IW_GRDH_1SDV_20190921T052738_20190921T052803_029115_034E0E_4ACF_COG,outputs\diagnostics\design_c\c2v\scene_checkpoints\primary\S1A_IW_GRDH_1SDV_20190921T052738_20190921T052803_029115_034E0E_4ACF_COG.csv.gz,True,,2019,2019-09-21,descending,168,sentinel-1a,1986,False,1,True,1986,0,1986,0,0,361,1625,1986,0,0,366,1620
S1A_IW_GRDH_1SDV_20190922T171458_20190922T171523_029137_034EC9_217B_COG,outputs\diagnostics\design_c\c2v\scene_checkpoints\primary\S1A_IW_GRDH_1SDV_20190922T171458_20190922T171523_029137_034EC9_217B_COG.csv.gz,True,,2019,2019-09-22,ascending,15,sentinel-1a,4331,False,1,True,4331,0,4331,0,0,0,4331,4331,0,0,24,4307
S1A_IW_GRDH_1SDV_20190922T171458_20190922T171523_029137_034EC9_3A40_COG,outputs\diagnostics\design_c\c2v\scene_checkpoints\primary\S1A_IW_GRDH_1SDV_20190922T171458_20190922T171523_029137_034EC9_3A40_COG.csv.gz,True,,2019,2019-09-22,ascending,15,sentinel-1a,4331,False,1,True,4331,0,4331,0,0,1,4330,4331,0,0,23,4308
S1A_IW_GRDH_1SDV_20190926T053525_20190926T053550_029188_03508B_BC12_COG,outputs\diagnostics\design_c\c2v\scene_checkpoints\primary\S1A_IW_GRDH_1SDV_20190926T053525_20190926T053550_029188_03508B_BC12_COG.csv.gz,True,,2019,2019-09-26,descending,66,sentinel-1a,3205,False,1,True,3205,0,3205,0,0,1,3204,3205,0,0,29,3176
S1A_IW_GRDH_1SDV_20190926T053526_20190926T053551_029188_03508B_A3F0_COG,outputs\diagnostics\design_c\c2v\scene_checkpoints\primary\S1A_IW_GRDH_1SDV_20190926T053526_20190926T053551_029188_03508B_A3F0_COG.csv.gz,True,,2019,2019-09-26,descending,66,sentinel-1a,3327,False,1,True,3327,0,3327,0,0,0,3327,3327,0,0,16,3311
S1A_IW_GRDH_1SDV_20190926T053550_20190926T053615_029188_03508B_6D89_COG,outputs\diagnostics\design_c\c2v\scene_checkpoints\primary\S1A_IW_GRDH_1SDV_20190926T053550_20190926T053615_029188_03508B_6D89_COG.csv.gz,True,,2019,2019-09-26,descending,66,sentinel-1a,1126,False,1,True,1126,0,1126,0,0,1,1125,1126,0,0,18,1108
S1A_IW_GRDH_1SDV_20190926T053551_20190926T053616_029188_03508B_2D97_COG,outputs\diagnostics\design_c\c2v\scene_checkpoints\primary\S1A_IW_GRDH_1SDV_20190926T053551_20190926T053616_029188_03508B_2D97_COG.csv.gz,True,,2019,2019-09-26,descending,66,sentinel-1a,1004,False,1,True,1004,0,1004,0,0,0,1004,1004,0,0,8,996
S1A_IW_GRDH_1SDV_20190927T172305_20190927T172330_029210_03514C_1A44_COG,outputs\diagnostics\design_c\c2v\scene_checkpoints\primary\S1A_IW_GRDH_1SDV_20190927T172305_20190927T172330_029210_03514C_1A44_COG.csv.gz,True,,2019,2019-09-27,ascending,88,sentinel-1a,3857,False,1,True,3857,0,3857,0,0,151,3706,3857,0,0,158,3699
S1A_IW_GRDH_1SDV_20190927T172305_20190927T172330_029210_03514C_617F_COG,outputs\diagnostics\design_c\c2v\scene_checkpoints\primary\S1A_IW_GRDH_1SDV_20190927T172305_20190927T172330_029210_03514C_617F_COG.csv.gz,True,,2019,2019-09-27,ascending,88,sentinel-1a,3857,False,1,True,3857,0,3857,0,0,151,3706,3857,0,0,161,3696
S1A_IW_GRDH_1SDV_20190927T172330_20190927T172355_029210_03514C_6CF2_COG,outputs\diagnostics\design_c\c2v\scene_checkpoints\primary\S1A_IW_GRDH_1SDV_20190927T172330_20190927T172355_029210_03514C_6CF2_COG.csv.gz,True,,2019,2019-09-27,ascending,88,sentinel-1a,0,True,0,True,0,0,0,0,0,0,0,0,0,0,0,0
S1A_IW_GRDH_1SDV_20190927T172330_20190927T172355_029210_03514C_EEE8_COG,outputs\diagnostics\design_c\c2v\scene_checkpoints\primary\S1A_IW_GRDH_1SDV_20190927T172330_20190927T172355_029210_03514C_EEE8_COG.csv.gz,True,,2019,2019-09-27,ascending,88,sentinel-1a,0,True,0,True,0,0,0,0,0,0,0,0,0,0,0,0
S1B_IW_GRDH_1SDV_20190927T052626_20190927T052651_018219_0224E4_54D5_COG,outputs\diagnostics\design_c\c2v\scene_checkpoints\primary\S1B_IW_GRDH_1SDV_20190927T052626_20190927T052651_018219_0224E4_54D5_COG.csv.gz,True,,2019,2019-09-27,descending,168,sentinel-1b,0,True,0,True,0,0,0,0,0,0,0,0,0,0,0,0
S1B_IW_GRDH_1SDV_20190927T052634_20190927T052659_018219_0224E4_9B5B_COG,outputs\diagnostics\design_c\c2v\scene_checkpoints\primary\S1B_IW_GRDH_1SDV_20190927T052634_20190927T052659_018219_0224E4_9B5B_COG.csv.gz,True,,2019,2019-09-27,descending,168,sentinel-1b,1663,False,1,True,1663,0,1663,0,0,283,1380,1663,0,0,285,1378
S1B_IW_GRDH_1SDV_20190927T052651_20190927T052716_018219_0224E4_E0DE_COG,outputs\diagnostics\design_c\c2v\scene_checkpoints\primary\S1B_IW_GRDH_1SDV_20190927T052651_20190927T052716_018219_0224E4_E0DE_COG.csv.gz,True,,2019,2019-09-27,descending,168,sentinel-1b,2397,False,1,True,2397,0,2397,0,0,281,2116,2397,0,0,284,2113
S1B_IW_GRDH_1SDV_20190927T052659_20190927T052724_018219_0224E4_C24A_COG,outputs\diagnostics\design_c\c2v\scene_checkpoints\primary\S1B_IW_GRDH_1SDV_20190927T052659_20190927T052724_018219_0224E4_C24A_COG.csv.gz,True,,2019,2019-09-27,descending,168,sentinel-1b,902,False,1,True,902,0,902,0,0,166,736,902,0,0,169,733
S1B_IW_GRDH_1SDV_20190928T171404_20190928T171429_018241_022590_215F_COG,outputs\diagnostics\design_c\c2v\scene_checkpoints\primary\S1B_IW_GRDH_1SDV_20190928T171404_20190928T171429_018241_022590_215F_COG.csv.gz,True,,2019,2019-09-28,ascending,15,sentinel-1b,1298,False,1,True,1298,0,1298,0,0,0,1298,1298,0,0,10,1288
S1B_IW_GRDH_1SDV_20190928T171404_20190928T171429_018241_022590_9517_COG,outputs\diagnostics\design_c\c2v\scene_checkpoints\primary\S1B_IW_GRDH_1SDV_20190928T171404_20190928T171429_018241_022590_9517_COG.csv.gz,True,,2019,2019-09-28,ascending,15,sentinel-1b,1298,False,1,True,1298,0,1298,0,0,0,1298,1298,0,0,10,1288
S1B_IW_GRDH_1SDV_20190928T171429_20190928T171454_018241_022590_6274_COG,outputs\diagnostics\design_c\c2v\scene_checkpoints\primary\S1B_IW_GRDH_1SDV_20190928T171429_20190928T171454_018241_022590_6274_COG.csv.gz,True,,2019,2019-09-28,ascending,15,sentinel-1b,3033,False,1,True,3033,0,3033,0,0,0,3033,3033,0,0,8,3025
S1B_IW_GRDH_1SDV_20190928T171429_20190928T171454_018241_022590_F0E0_COG,outputs\diagnostics\design_c\c2v\scene_checkpoints\primary\S1B_IW_GRDH_1SDV_20190928T171429_20190928T171454_018241_022590_F0E0_COG.csv.gz,True,,2019,2019-09-28,ascending,15,sentinel-1b,3033,False,1,True,3033,0,3033,0,0,2,3031,3033,0,0,4,3029
S1A_IW_GRDH_1SDV_20200401T171456_20200401T171521_031937_03B004_78AE_COG,outputs\diagnostics\design_c\c2v\scene_checkpoints\primary\S1A_IW_GRDH_1SDV_20200401T171456_20200401T171521_031937_03B004_78AE_COG.csv.gz,True,,2020,2020-04-01,ascending,15,sentinel-1a,4331,False,1,True,4331,0,4331,0,0,0,4331,4331,0,0,276,4055
S1A_IW_GRDH_1SDV_20200401T171456_20200401T171521_031937_03B004_B4E2_COG,outputs\diagnostics\design_c\c2v\scene_checkpoints\primary\S1A_IW_GRDH_1SDV_20200401T171456_20200401T171521_031937_03B004_B4E2_COG.csv.gz,True,,2020,2020-04-01,ascending,15,sentinel-1a,4331,False,1,True,4331,0,4331,0,0,0,4331,4331,0,0,275,4056
S1A_IW_GRDH_1SDV_20200405T053523_20200405T053548_031988_03B1D4_0F7D_COG,outputs\diagnostics\design_c\c2v\scene_checkpoints\primary\S1A_IW_GRDH_1SDV_20200405T053523_20200405T053548_031988_03B1D4_0F7D_COG.csv.gz,True,,2020,2020-04-05,descending,66,sentinel-1a,3329,False,1,True,3329,0,3329,0,0,3,3326,3329,0,0,237,3092
S1A_IW_GRDH_1SDV_20200405T053523_20200405T053548_031988_03B1D4_A818_COG,outputs\diagnostics\design_c\c2v\scene_checkpoints\primary\S1A_IW_GRDH_1SDV_20200405T053523_20200405T053548_031988_03B1D4_A818_COG.csv.gz,True,,2020,2020-04-05,descending,66,sentinel-1a,3726,False,1,True,3726,0,3726,0,0,2,3724,3726,0,0,275,3451
S1A_IW_GRDH_1SDV_20200405T053548_20200405T053613_031988_03B1D4_24FE_COG,outputs\diagnostics\design_c\c2v\scene_checkpoints\primary\S1A_IW_GRDH_1SDV_20200405T053548_20200405T053613_031988_03B1D4_24FE_COG.csv.gz,True,,2020,2020-04-05,descending,66,sentinel-1a,605,False,1,True,605,0,605,0,0,0,605,605,0,0,41,564
S1A_IW_GRDH_1SDV_20200405T053548_20200405T053613_031988_03B1D4_E0FB_COG,outputs\diagnostics\design_c\c2v\scene_checkpoints\primary\S1A_IW_GRDH_1SDV_20200405T053548_20200405T053613_031988_03B1D4_E0FB_COG.csv.gz,True,,2020,2020-04-05,descending,66,sentinel-1a,1002,False,1,True,1002,0,1002,0,0,0,1002,1002,0,0,85,917
S1A_IW_GRDH_1SDV_20200406T172302_20200406T172327_032010_03B29A_8C42_COG,outputs\diagnostics\design_c\c2v\scene_checkpoints\primary\S1A_IW_GRDH_1SDV_20200406T172302_20200406T172327_032010_03B29A_8C42_COG.csv.gz,True,,2020,2020-04-06,ascending,88,sentinel-1a,3796,False,1,True,3796,0,3796,0,0,143,3653,3796,0,0,241,3555
S1A_IW_GRDH_1SDV_20200406T172302_20200406T172327_032010_03B29A_CB07_COG,outputs\diagnostics\design_c\c2v\scene_checkpoints\primary\S1A_IW_GRDH_1SDV_20200406T172302_20200406T172327_032010_03B29A_CB07_COG.csv.gz,True,,2020,2020-04-06,ascending,88,sentinel-1a,3796,False,1,True,3796,0,3796,0,0,143,3653,3796,0,0,241,3555
S1A_IW_GRDH_1SDV_20200406T172327_20200406T172352_032010_03B29A_BC2C_COG,outputs\diagnostics\design_c\c2v\scene_checkpoints\primary\S1A_IW_GRDH_1SDV_20200406T172327_20200406T172352_032010_03B29A_BC2C_COG.csv.gz,True,,2020,2020-04-06,ascending,88,sentinel-1a,0,True,0,True,0,0,0,0,0,0,0,0,0,0,0,0
S1A_IW_GRDH_1SDV_20200406T172327_20200406T172352_032010_03B29A_F3AB_COG,outputs\diagnostics\design_c\c2v\scene_checkpoints\primary\S1A_IW_GRDH_1SDV_20200406T172327_20200406T172352_032010_03B29A_F3AB_COG.csv.gz,True,,2020,2020-04-06,ascending,88,sentinel-1a,0,True,0,True,0,0,0,0,0,0,0,0,0,0,0,0
S1B_IW_GRDH_1SDV_20200406T052629_20200406T052654_021019_027DF4_4B50_COG,outputs\diagnostics\design_c\c2v\scene_checkpoints\primary\S1B_IW_GRDH_1SDV_20200406T052629_20200406T052654_021019_027DF4_4B50_COG.csv.gz,True,,2020,2020-04-06,descending,168,sentinel-1b,652,False,1,True,652,0,652,0,0,64,588,652,0,0,69,583
S1B_IW_GRDH_1SDV_20200406T052629_20200406T052654_021019_027DF4_5672_COG,outputs\diagnostics\design_c\c2v\scene_checkpoints\primary\S1B_IW_GRDH_1SDV_20200406T052629_20200406T052654_021019_027DF4_5672_COG.csv.gz,True,,2020,2020-04-06,descending,168,sentinel-1b,652,False,1,True,652,0,652,0,0,64,588,652,0,0,69,583
S1B_IW_GRDH_1SDV_20200406T052654_20200406T052719_021019_027DF4_0EF8_COG,outputs\diagnostics\design_c\c2v\scene_checkpoints\primary\S1B_IW_GRDH_1SDV_20200406T052654_20200406T052719_021019_027DF4_0EF8_COG.csv.gz,True,,2020,2020-04-06,descending,168,sentinel-1b,1640,False,1,True,1640,0,1640,0,0,115,1525,1640,0,0,163,1477
S1B_IW_GRDH_1SDV_20200407T171401_20200407T171426_021041_027EA2_3500_COG,outputs\diagnostics\design_c\c2v\scene_checkpoints\primary\S1B_IW_GRDH_1SDV_20200407T171401_20200407T171426_021041_027EA2_3500_COG.csv.gz,True,,2020,2020-04-07,ascending,15,sentinel-1b,1295,False,1,True,1295,0,1295,0,0,0,1295,1295,0,0,108,1187
S1B_IW_GRDH_1SDV_20200407T171401_20200407T171426_021041_027EA2_CDC8_COG,outputs\diagnostics\design_c\c2v\scene_checkpoints\primary\S1B_IW_GRDH_1SDV_20200407T171401_20200407T171426_021041_027EA2_CDC8_COG.csv.gz,True,,2020,2020-04-07,ascending,15,sentinel-1b,1295,False,1,True,1295,0,1295,0,0,0,1295,1295,0,0,108,1187
S1B_IW_GRDH_1SDV_20200407T171426_20200407T171451_021041_027EA2_7D6D_COG,outputs\diagnostics\design_c\c2v\scene_checkpoints\primary\S1B_IW_GRDH_1SDV_20200407T171426_20200407T171451_021041_027EA2_7D6D_COG.csv.gz,True,,2020,2020-04-07,ascending,15,sentinel-1b,3036,False,1,True,3036,0,3036,0,0,2,3034,3036,0,0,203,2833
S1B_IW_GRDH_1SDV_20200407T171426_20200407T171451_021041_027EA2_E8A2_COG,outputs\diagnostics\design_c\c2v\scene_checkpoints\primary\S1B_IW_GRDH_1SDV_20200407T171426_20200407T171451_021041_027EA2_E8A2_COG.csv.gz,True,,2020,2020-04-07,ascending,15,sentinel-1b,3036,False,1,True,3036,0,3036,0,0,2,3034,3036,0,0,203,2833
S1B_IW_GRDH_1SDV_20200411T053456_20200411T053521_021092_02804A_151A_COG,outputs\diagnostics\design_c\c2v\scene_checkpoints\primary\S1B_IW_GRDH_1SDV_20200411T053456_20200411T053521_021092_02804A_151A_COG.csv.gz,True,,2020,2020-04-11,descending,66,sentinel-1b,4331,False,1,True,4331,0,4331,0,0,6,4325,4331,0,0,345,3986
S1B_IW_GRDH_1SDV_20200411T053456_20200411T053521_021092_02804A_91CB_COG,outputs\diagnostics\design_c\c2v\scene_checkpoints\primary\S1B_IW_GRDH_1SDV_20200411T053456_20200411T053521_021092_02804A_91CB_COG.csv.gz,True,,2020,2020-04-11,descending,66,sentinel-1b,4331,False,1,True,4331,0,4331,0,0,6,4325,4331,0,0,343,3988
S1B_IW_GRDH_1SDV_20200412T172213_20200412T172238_021114_028107_2FA3_COG,outputs\diagnostics\design_c\c2v\scene_checkpoints\primary\S1B_IW_GRDH_1SDV_20200412T172213_20200412T172238_021114_028107_2FA3_COG.csv.gz,True,,2020,2020-04-12,ascending,88,sentinel-1b,2076,False,1,True,2076,0,2076,0,0,131,1945,2076,0,0,182,1894
S1B_IW_GRDH_1SDV_20200412T172213_20200412T172238_021114_028107_D7BA_COG,outputs\diagnostics\design_c\c2v\scene_checkpoints\primary\S1B_IW_GRDH_1SDV_20200412T172213_20200412T172238_021114_028107_D7BA_COG.csv.gz,True,,2020,2020-04-12,ascending,88,sentinel-1b,2076,False,1,True,2076,0,2076,0,0,131,1945,2076,0,0,183,1893
S1B_IW_GRDH_1SDV_20200412T172238_20200412T172303_021114_028107_374F_COG,outputs\diagnostics\design_c\c2v\scene_checkpoints\primary\S1B_IW_GRDH_1SDV_20200412T172238_20200412T172303_021114_028107_374F_COG.csv.gz,True,,2020,2020-04-12,ascending,88,sentinel-1b,1727,False,1,True,1727,0,1727,0,0,27,1700,1727,0,0,73,1654
S1A_IW_GRDH_1SDV_20200412T052705_20200412T052730_032090_03B56C_D975_COG,outputs\diagnostics\design_c\c2v\scene_checkpoints\primary\S1A_IW_GRDH_1SDV_20200412T052705_20200412T052730_032090_03B56C_D975_COG.csv.gz,True,,2020,2020-04-12,descending,168,sentinel-1a,0,True,0,True,0,0,0,0,0,0,0,0,0,0,0,0
S1A_IW_GRDH_1SDV_20200412T052710_20200412T052735_032090_03B56C_CFEF_COG,outputs\diagnostics\design_c\c2v\scene_checkpoints\primary\S1A_IW_GRDH_1SDV_20200412T052710_20200412T052735_032090_03B56C_CFEF_COG.csv.gz,True,,2020,2020-04-12,descending,168,sentinel-1a,620,False,1,True,620,0,620,0,0,149,471,620,0,0,165,455
S1A_IW_GRDH_1SDV_20200412T052730_20200412T052755_032090_03B56C_BFA4_COG,outputs\diagnostics\design_c\c2v\scene_checkpoints\primary\S1A_IW_GRDH_1SDV_20200412T052730_20200412T052755_032090_03B56C_BFA4_COG.csv.gz,True,,2020,2020-04-12,descending,168,sentinel-1a,2412,False,1,True,2412,0,2412,0,0,299,2113,2412,0,0,421,1991
S1A_IW_GRDH_1SDV_20200412T052735_20200412T052800_032090_03B56C_3202_COG,outputs\diagnostics\design_c\c2v\scene_checkpoints\primary\S1A_IW_GRDH_1SDV_20200412T052735_20200412T052800_032090_03B56C_3202_COG.csv.gz,True,,2020,2020-04-12,descending,168,sentinel-1a,1990,False,1,True,1990,0,1990,0,0,360,1630,1990,0,0,459,1531
S1A_IW_GRDH_1SDV_20200413T171456_20200413T171521_032112_03B62E_6CB9_COG,outputs\diagnostics\design_c\c2v\scene_checkpoints\primary\S1A_IW_GRDH_1SDV_20200413T171456_20200413T171521_032112_03B62E_6CB9_COG.csv.gz,True,,2020,2020-04-13,ascending,15,sentinel-1a,4331,False,1,True,4331,0,4331,0,0,4,4327,4331,0,0,454,3877
S1A_IW_GRDH_1SDV_20200417T053523_20200417T053548_032163_03B803_505E_COG,outputs\diagnostics\design_c\c2v\scene_checkpoints\primary\S1A_IW_GRDH_1SDV_20200417T053523_20200417T053548_032163_03B803_505E_COG.csv.gz,True,,2020,2020-04-17,descending,66,sentinel-1a,3450,False,1,True,3450,0,3450,0,0,13,3437,3450,0,0,375,3075
S1A_IW_GRDH_1SDV_20200417T053523_20200417T053548_032163_03B803_ED97_COG,outputs\diagnostics\design_c\c2v\scene_checkpoints\primary\S1A_IW_GRDH_1SDV_20200417T053523_20200417T053548_032163_03B803_ED97_COG.csv.gz,True,,2020,2020-04-17,descending,66,sentinel-1a,3323,False,1,True,3323,0,3323,0,0,12,3311,3323,0,0,368,2955
S1A_IW_GRDH_1SDV_20200417T053548_20200417T053613_032163_03B803_2470_COG,outputs\diagnostics\design_c\c2v\scene_checkpoints\primary\S1A_IW_GRDH_1SDV_20200417T053548_20200417T053613_032163_03B803_2470_COG.csv.gz,True,,2020,2020-04-17,descending,66,sentinel-1a,1007,False,1,True,1007,0,1007,0,0,2,1005,1007,0,0,129,878
S1A_IW_GRDH_1SDV_20200417T053548_20200417T053613_032163_03B803_58C6_COG,outputs\diagnostics\design_c\c2v\scene_checkpoints\primary\S1A_IW_GRDH_1SDV_20200417T053548_20200417T053613_032163_03B803_58C6_COG.csv.gz,True,,2020,2020-04-17,descending,66,sentinel-1a,880,False,1,True,880,0,880,0,0,2,878,880,0,0,100,780
S1A_IW_GRDH_1SDV_20200418T172303_20200418T172328_032185_03B8C6_619A_COG,outputs\diagnostics\design_c\c2v\scene_checkpoints\primary\S1A_IW_GRDH_1SDV_20200418T172303_20200418T172328_032185_03B8C6_619A_COG.csv.gz,True,,2020,2020-04-18,ascending,88,sentinel-1a,3795,False,1,True,3795,0,3795,0,0,146,3649,3795,0,0,323,3472
S1A_IW_GRDH_1SDV_20200418T172303_20200418T172328_032185_03B8C6_73F8_COG,outputs\diagnostics\design_c\c2v\scene_checkpoints\primary\S1A_IW_GRDH_1SDV_20200418T172303_20200418T172328_032185_03B8C6_73F8_COG.csv.gz,True,,2020,2020-04-18,ascending,88,sentinel-1a,3795,False,1,True,3795,0,3795,0,0,146,3649,3795,0,0,320,3475
S1A_IW_GRDH_1SDV_20200418T172328_20200418T172353_032185_03B8C6_4811_COG,outputs\diagnostics\design_c\c2v\scene_checkpoints\primary\S1A_IW_GRDH_1SDV_20200418T172328_20200418T172353_032185_03B8C6_4811_COG.csv.gz,True,,2020,2020-04-18,ascending,88,sentinel-1a,0,True,0,True,0,0,0,0,0,0,0,0,0,0,0,0
S1A_IW_GRDH_1SDV_20200418T172328_20200418T172353_032185_03B8C6_8478_COG,outputs\diagnostics\design_c\c2v\scene_checkpoints\primary\S1A_IW_GRDH_1SDV_20200418T172328_20200418T172353_032185_03B8C6_8478_COG.csv.gz,True,,2020,2020-04-18,ascending,88,sentinel-1a,0,True,0,True,0,0,0,0,0,0,0,0,0,0,0,0
S1B_IW_GRDH_1SDV_20200418T052635_20200418T052700_021194_02837E_53FB_COG,outputs\diagnostics\design_c\c2v\scene_checkpoints\primary\S1B_IW_GRDH_1SDV_20200418T052635_20200418T052700_021194_02837E_53FB_COG.csv.gz,True,,2020,2020-04-18,descending,168,sentinel-1b,2304,False,1,True,2304,0,2304,0,0,210,2094,2304,0,0,299,2005
S1B_IW_GRDH_1SDV_20200418T052635_20200418T052700_021194_02837E_716D_COG,outputs\diagnostics\design_c\c2v\scene_checkpoints\primary\S1B_IW_GRDH_1SDV_20200418T052635_20200418T052700_021194_02837E_716D_COG.csv.gz,True,,2020,2020-04-18,descending,168,sentinel-1b,2304,False,1,True,2304,0,2304,0,0,210,2094,2304,0,0,299,2005
S1B_IW_GRDH_1SDV_20200418T052700_20200418T052725_021194_02837E_0B0E_COG,outputs\diagnostics\design_c\c2v\scene_checkpoints\primary\S1B_IW_GRDH_1SDV_20200418T052700_20200418T052725_021194_02837E_0B0E_COG.csv.gz,True,,2020,2020-04-18,descending,168,sentinel-1b,0,True,0,True,0,0,0,0,0,0,0,0,0,0,0,0
S1B_IW_GRDH_1SDV_20200423T053456_20200423T053521_021267_0285CF_B49E_COG,outputs\diagnostics\design_c\c2v\scene_checkpoints\primary\S1B_IW_GRDH_1SDV_20200423T053456_20200423T053521_021267_0285CF_B49E_COG.csv.gz,True,,2020,2020-04-23,descending,66,sentinel-1b,4331,False,1,True,4331,0,4331,0,0,8,4323,4331,0,0,198,4133
S1B_IW_GRDH_1SDV_20200423T053456_20200423T053521_021267_0285CF_C398_COG,outputs\diagnostics\design_c\c2v\scene_checkpoints\primary\S1B_IW_GRDH_1SDV_20200423T053456_20200423T053521_021267_0285CF_C398_COG.csv.gz,True,,2020,2020-04-23,descending,66,sentinel-1b,4331,False,1,True,4331,0,4331,0,0,9,4322,4331,0,0,197,4134
S1B_IW_GRDH_1SDV_20200424T172214_20200424T172239_021289_02868C_173E_COG,outputs\diagnostics\design_c\c2v\scene_checkpoints\primary\S1B_IW_GRDH_1SDV_20200424T172214_20200424T172239_021289_02868C_173E_COG.csv.gz,True,,2020,2020-04-24,ascending,88,sentinel-1b,2076,False,1,True,2076,0,2076,0,0,130,1946,2076,0,0,190,1886
S1B_IW_GRDH_1SDV_20200424T172239_20200424T172304_021289_02868C_3792_COG,outputs\diagnostics\design_c\c2v\scene_checkpoints\primary\S1B_IW_GRDH_1SDV_20200424T172239_20200424T172304_021289_02868C_3792_COG.csv.gz,True,,2020,2020-04-24,ascending,88,sentinel-1b,1727,False,1,True,1727,0,1727,0,0,27,1700,1727,0,0,72,1655
S1B_IW_GRDH_1SDV_20200424T172239_20200424T172304_021289_02868C_5E31_COG,outputs\diagnostics\design_c\c2v\scene_checkpoints\primary\S1B_IW_GRDH_1SDV_20200424T172239_20200424T172304_021289_02868C_5E31_COG.csv.gz,True,,2020,2020-04-24,ascending,88,sentinel-1b,1727,False,1,True,1727,0,1727,0,0,27,1700,1727,0,0,76,1651
S1A_IW_GRDH_1SDV_20200424T052705_20200424T052730_032265_03BB90_C075_COG,outputs\diagnostics\design_c\c2v\scene_checkpoints\primary\S1A_IW_GRDH_1SDV_20200424T052705_20200424T052730_032265_03BB90_C075_COG.csv.gz,True,,2020,2020-04-24,descending,168,sentinel-1a,0,True,0,True,0,0,0,0,0,0,0,0,0,0,0,0
S1A_IW_GRDH_1SDV_20200424T052711_20200424T052736_032265_03BB90_50C9_COG,outputs\diagnostics\design_c\c2v\scene_checkpoints\primary\S1A_IW_GRDH_1SDV_20200424T052711_20200424T052736_032265_03BB90_50C9_COG.csv.gz,True,,2020,2020-04-24,descending,168,sentinel-1a,623,False,1,True,623,0,623,0,0,147,476,623,0,0,160,463
S1A_IW_GRDH_1SDV_20200424T052730_20200424T052755_032265_03BB90_8D0D_COG,outputs\diagnostics\design_c\c2v\scene_checkpoints\primary\S1A_IW_GRDH_1SDV_20200424T052730_20200424T052755_032265_03BB90_8D0D_COG.csv.gz,True,,2020,2020-04-24,descending,168,sentinel-1a,2417,False,1,True,2417,0,2417,0,0,301,2116,2417,0,0,370,2047
S1A_IW_GRDH_1SDV_20200424T052736_20200424T052801_032265_03BB90_22BA_COG,outputs\diagnostics\design_c\c2v\scene_checkpoints\primary\S1A_IW_GRDH_1SDV_20200424T052736_20200424T052801_032265_03BB90_22BA_COG.csv.gz,True,,2020,2020-04-24,descending,168,sentinel-1a,1993,False,1,True,1993,0,1993,0,0,362,1631,1993,0,0,419,1574
S1A_IW_GRDH_1SDV_20200425T171457_20200425T171522_032287_03BC53_0985_COG,outputs\diagnostics\design_c\c2v\scene_checkpoints\primary\S1A_IW_GRDH_1SDV_20200425T171457_20200425T171522_032287_03BC53_0985_COG.csv.gz,True,,2020,2020-04-25,ascending,15,sentinel-1a,4331,False,1,True,4331,0,4331,0,0,4,4327,4331,0,0,375,3956
S1A_IW_GRDH_1SDV_20200425T171457_20200425T171522_032287_03BC53_1726_COG,outputs\diagnostics\design_c\c2v\scene_checkpoints\primary\S1A_IW_GRDH_1SDV_20200425T171457_20200425T171522_032287_03BC53_1726_COG.csv.gz,True,,2020,2020-04-25,ascending,15,sentinel-1a,4331,False,1,True,4331,0,4331,0,0,4,4327,4331,0,0,376,3955
S1A_IW_GRDH_1SDV_20200429T053524_20200429T053549_032338_03BE26_A282_COG,outputs\diagnostics\design_c\c2v\scene_checkpoints\primary\S1A_IW_GRDH_1SDV_20200429T053524_20200429T053549_032338_03BE26_A282_COG.csv.gz,True,,2020,2020-04-29,descending,66,sentinel-1a,3712,False,1,True,3712,0,3712,0,0,1,3711,3712,0,0,148,3564
S1A_IW_GRDH_1SDV_20200429T053524_20200429T053549_032338_03BE26_F7C8_COG,outputs\diagnostics\design_c\c2v\scene_checkpoints\primary\S1A_IW_GRDH_1SDV_20200429T053524_20200429T053549_032338_03BE26_F7C8_COG.csv.gz,True,,2020,2020-04-29,descending,66,sentinel-1a,3322,False,1,True,3322,0,3322,0,0,5,3317,3322,0,0,148,3174
S1A_IW_GRDH_1SDV_20200429T053549_20200429T053614_032338_03BE26_BF60_COG,outputs\diagnostics\design_c\c2v\scene_checkpoints\primary\S1A_IW_GRDH_1SDV_20200429T053549_20200429T053614_032338_03BE26_BF60_COG.csv.gz,True,,2020,2020-04-29,descending,66,sentinel-1a,1009,False,1,True,1009,0,1009,0,0,1,1008,1009,0,0,29,980
S1A_IW_GRDH_1SDV_20200429T053549_20200429T053614_032338_03BE26_E28F_COG,outputs\diagnostics\design_c\c2v\scene_checkpoints\primary\S1A_IW_GRDH_1SDV_20200429T053549_20200429T053614_032338_03BE26_E28F_COG.csv.gz,True,,2020,2020-04-29,descending,66,sentinel-1a,619,False,1,True,619,0,619,0,0,0,619,619,0,0,11,608
S1A_IW_GRDH_1SDV_20200430T172303_20200430T172328_032360_03BEE8_53E4_COG,outputs\diagnostics\design_c\c2v\scene_checkpoints\primary\S1A_IW_GRDH_1SDV_20200430T172303_20200430T172328_032360_03BEE8_53E4_COG.csv.gz,True,,2020,2020-04-30,ascending,88,sentinel-1a,3793,False,1,True,3793,0,3793,0,0,144,3649,3793,0,0,247,3546
S1A_IW_GRDH_1SDV_20200430T172303_20200430T172328_032360_03BEE8_C558_COG,outputs\diagnostics\design_c\c2v\scene_checkpoints\primary\S1A_IW_GRDH_1SDV_20200430T172303_20200430T172328_032360_03BEE8_C558_COG.csv.gz,True,,2020,2020-04-30,ascending,88,sentinel-1a,3793,False,1,True,3793,0,3793,0,0,144,3649,3793,0,0,247,3546
S1A_IW_GRDH_1SDV_20200430T172328_20200430T172353_032360_03BEE8_7FD4_COG,outputs\diagnostics\design_c\c2v\scene_checkpoints\primary\S1A_IW_GRDH_1SDV_20200430T172328_20200430T172353_032360_03BEE8_7FD4_COG.csv.gz,True,,2020,2020-04-30,ascending,88,sentinel-1a,0,True,0,True,0,0,0,0,0,0,0,0,0,0,0,0
S1A_IW_GRDH_1SDV_20200430T172328_20200430T172353_032360_03BEE8_9503_COG,outputs\diagnostics\design_c\c2v\scene_checkpoints\primary\S1A_IW_GRDH_1SDV_20200430T172328_20200430T172353_032360_03BEE8_9503_COG.csv.gz,True,,2020,2020-04-30,ascending,88,sentinel-1a,0,True,0,True,0,0,0,0,0,0,0,0,0,0,0,0
S1B_IW_GRDH_1SDV_20200430T052635_20200430T052700_021369_028901_75FF_COG,outputs\diagnostics\design_c\c2v\scene_checkpoints\primary\S1B_IW_GRDH_1SDV_20200430T052635_20200430T052700_021369_028901_75FF_COG.csv.gz,True,,2020,2020-04-30,descending,168,sentinel-1b,2298,False,1,True,2298,0,2298,0,0,207,2091,2298,0,0,263,2035
S1B_IW_GRDH_1SDV_20200430T052635_20200430T052700_021369_028901_9B88_COG,outputs\diagnostics\design_c\c2v\scene_checkpoints\primary\S1B_IW_GRDH_1SDV_20200430T052635_20200430T052700_021369_028901_9B88_COG.csv.gz,True,,2020,2020-04-30,descending,168,sentinel-1b,2298,False,1,True,2298,0,2298,0,0,207,2091,2298,0,0,262,2036
S1B_IW_GRDH_1SDV_20200430T052700_20200430T052725_021369_028901_30D0_COG,outputs\diagnostics\design_c\c2v\scene_checkpoints\primary\S1B_IW_GRDH_1SDV_20200430T052700_20200430T052725_021369_028901_30D0_COG.csv.gz,True,,2020,2020-04-30,descending,168,sentinel-1b,0,True,0,True,0,0,0,0,0,0,0,0,0,0,0,0
S1B_IW_GRDH_1SDV_20200430T052700_20200430T052725_021369_028901_A448_COG,outputs\diagnostics\design_c\c2v\scene_checkpoints\primary\S1B_IW_GRDH_1SDV_20200430T052700_20200430T052725_021369_028901_A448_COG.csv.gz,True,,2020,2020-04-30,descending,168,sentinel-1b,0,True,0,True,0,0,0,0,0,0,0,0,0,0,0,0
S1B_IW_GRDH_1SDV_20200501T171402_20200501T171427_021391_0289B0_1ED6_COG,outputs\diagnostics\design_c\c2v\scene_checkpoints\primary\S1B_IW_GRDH_1SDV_20200501T171402_20200501T171427_021391_0289B0_1ED6_COG.csv.gz,True,,2020,2020-05-01,ascending,15,sentinel-1b,1298,False,1,True,1298,0,1298,0,0,0,1298,1298,0,0,64,1234
S1B_IW_GRDH_1SDV_20200501T171402_20200501T171427_021391_0289B0_CB6F_COG,outputs\diagnostics\design_c\c2v\scene_checkpoints\primary\S1B_IW_GRDH_1SDV_20200501T171402_20200501T171427_021391_0289B0_CB6F_COG.csv.gz,True,,2020,2020-05-01,ascending,15,sentinel-1b,1298,False,1,True,1298,0,1298,0,0,0,1298,1298,0,0,64,1234
S1B_IW_GRDH_1SDV_20200501T171427_20200501T171452_021391_0289B0_14F3_COG,outputs\diagnostics\design_c\c2v\scene_checkpoints\primary\S1B_IW_GRDH_1SDV_20200501T171427_20200501T171452_021391_0289B0_14F3_COG.csv.gz,True,,2020,2020-05-01,ascending,15,sentinel-1b,3033,False,1,True,3033,0,3033,0,0,10,3023,3033,0,0,198,2835
S1B_IW_GRDH_1SDV_20200505T053457_20200505T053522_021442_028B5C_032A_COG,outputs\diagnostics\design_c\c2v\scene_checkpoints\primary\S1B_IW_GRDH_1SDV_20200505T053457_20200505T053522_021442_028B5C_032A_COG.csv.gz,True,,2020,2020-05-05,descending,66,sentinel-1b,4331,False,1,True,4331,0,4331,0,0,9,4322,4331,0,0,389,3942
S1B_IW_GRDH_1SDV_20200506T172214_20200506T172239_021464_028C15_1E7F_COG,outputs\diagnostics\design_c\c2v\scene_checkpoints\primary\S1B_IW_GRDH_1SDV_20200506T172214_20200506T172239_021464_028C15_1E7F_COG.csv.gz,True,,2020,2020-05-06,ascending,88,sentinel-1b,2073,False,1,True,2073,0,2073,0,0,131,1942,2073,0,0,213,1860
S1B_IW_GRDH_1SDV_20200506T172214_20200506T172239_021464_028C15_A438_COG,outputs\diagnostics\design_c\c2v\scene_checkpoints\primary\S1B_IW_GRDH_1SDV_20200506T172214_20200506T172239_021464_028C15_A438_COG.csv.gz,True,,2020,2020-05-06,ascending,88,sentinel-1b,2073,False,1,True,2073,0,2073,0,0,131,1942,2073,0,0,213,1860
S1B_IW_GRDH_1SDV_20200506T172239_20200506T172304_021464_028C15_31A4_COG,outputs\diagnostics\design_c\c2v\scene_checkpoints\primary\S1B_IW_GRDH_1SDV_20200506T172239_20200506T172304_021464_028C15_31A4_COG.csv.gz,True,,2020,2020-05-06,ascending,88,sentinel-1b,1732,False,1,True,1732,0,1732,0,0,25,1707,1732,0,0,113,1619
S1B_IW_GRDH_1SDV_20200506T172239_20200506T172304_021464_028C15_8FA8_COG,outputs\diagnostics\design_c\c2v\scene_checkpoints\primary\S1B_IW_GRDH_1SDV_20200506T172239_20200506T172304_021464_028C15_8FA8_COG.csv.gz,True,,2020,2020-05-06,ascending,88,sentinel-1b,1732,False,1,True,1732,0,1732,0,0,26,1706,1732,0,0,113,1619
S1A_IW_GRDH_1SDV_20200506T052706_20200506T052731_032440_03C1BA_DB84_COG,outputs\diagnostics\design_c\c2v\scene_checkpoints\primary\S1A_IW_GRDH_1SDV_20200506T052706_20200506T052731_032440_03C1BA_DB84_COG.csv.gz,True,,2020,2020-05-06,descending,168,sentinel-1a,0,True,0,True,0,0,0,0,0,0,0,0,0,0,0,0
S1A_IW_GRDH_1SDV_20200506T052711_20200506T052736_032440_03C1BA_B73B_COG,outputs\diagnostics\design_c\c2v\scene_checkpoints\primary\S1A_IW_GRDH_1SDV_20200506T052711_20200506T052736_032440_03C1BA_B73B_COG.csv.gz,True,,2020,2020-05-06,descending,168,sentinel-1a,625,False,1,True,625,0,625,0,0,149,476,625,0,0,165,460
S1A_IW_GRDH_1SDV_20200506T052731_20200506T052756_032440_03C1BA_F6E8_COG,outputs\diagnostics\design_c\c2v\scene_checkpoints\primary\S1A_IW_GRDH_1SDV_20200506T052731_20200506T052756_032440_03C1BA_F6E8_COG.csv.gz,True,,2020,2020-05-06,descending,168,sentinel-1a,2421,False,1,True,2421,0,2421,0,0,310,2111,2421,0,0,423,1998
S1A_IW_GRDH_1SDV_20200506T052736_20200506T052801_032440_03C1BA_804C_COG,outputs\diagnostics\design_c\c2v\scene_checkpoints\primary\S1A_IW_GRDH_1SDV_20200506T052736_20200506T052801_032440_03C1BA_804C_COG.csv.gz,True,,2020,2020-05-06,descending,168,sentinel-1a,1995,False,1,True,1995,0,1995,0,0,363,1632,1995,0,0,450,1545
S1A_IW_GRDH_1SDV_20200507T171457_20200507T171522_032462_03C261_7257_COG,outputs\diagnostics\design_c\c2v\scene_checkpoints\primary\S1A_IW_GRDH_1SDV_20200507T171457_20200507T171522_032462_03C261_7257_COG.csv.gz,True,,2020,2020-05-07,ascending,15,sentinel-1a,4331,False,1,True,4331,0,4331,0,0,14,4317,4331,0,0,512,3819
S1A_IW_GRDH_1SDV_20200507T171457_20200507T171522_032462_03C261_9C71_COG,outputs\diagnostics\design_c\c2v\scene_checkpoints\primary\S1A_IW_GRDH_1SDV_20200507T171457_20200507T171522_032462_03C261_9C71_COG.csv.gz,True,,2020,2020-05-07,ascending,15,sentinel-1a,4331,False,1,True,4331,0,4331,0,0,14,4317,4331,0,0,510,3821
S1A_IW_GRDH_1SDV_20200511T053524_20200511T053549_032513_03C3F4_735A_COG,outputs\diagnostics\design_c\c2v\scene_checkpoints\primary\S1A_IW_GRDH_1SDV_20200511T053524_20200511T053549_032513_03C3F4_735A_COG.csv.gz,True,,2020,2020-05-11,descending,66,sentinel-1a,3363,False,1,True,3363,0,3363,0,0,0,3363,3363,0,0,147,3216
S1A_IW_GRDH_1SDV_20200511T053524_20200511T053549_032513_03C3F4_AB1F_COG,outputs\diagnostics\design_c\c2v\scene_checkpoints\primary\S1A_IW_GRDH_1SDV_20200511T053524_20200511T053549_032513_03C3F4_AB1F_COG.csv.gz,True,,2020,2020-05-11,descending,66,sentinel-1a,3322,False,1,True,3322,0,3322,0,0,1,3321,3322,0,0,153,3169
S1A_IW_GRDH_1SDV_20200511T053549_20200511T053614_032513_03C3F4_0EF9_COG,outputs\diagnostics\design_c\c2v\scene_checkpoints\primary\S1A_IW_GRDH_1SDV_20200511T053549_20200511T053614_032513_03C3F4_0EF9_COG.csv.gz,True,,2020,2020-05-11,descending,66,sentinel-1a,1009,False,1,True,1009,0,1009,0,0,2,1007,1009,0,0,43,966
S1A_IW_GRDH_1SDV_20200511T053549_20200511T053614_032513_03C3F4_F3CB_COG,outputs\diagnostics\design_c\c2v\scene_checkpoints\primary\S1A_IW_GRDH_1SDV_20200511T053549_20200511T053614_032513_03C3F4_F3CB_COG.csv.gz,True,,2020,2020-05-11,descending,66,sentinel-1a,968,False,1,True,968,0,968,0,0,1,967,968,0,0,33,935
S1A_IW_GRDH_1SDV_20200512T172304_20200512T172329_032535_03C4A6_0DD0_COG,outputs\diagnostics\design_c\c2v\scene_checkpoints\primary\S1A_IW_GRDH_1SDV_20200512T172304_20200512T172329_032535_03C4A6_0DD0_COG.csv.gz,True,,2020,2020-05-12,ascending,88,sentinel-1a,3795,False,1,True,3795,0,3795,0,0,144,3651,3795,0,0,249,3546
S1A_IW_GRDH_1SDV_20200512T172304_20200512T172329_032535_03C4A6_333C_COG,outputs\diagnostics\design_c\c2v\scene_checkpoints\primary\S1A_IW_GRDH_1SDV_20200512T172304_20200512T172329_032535_03C4A6_333C_COG.csv.gz,True,,2020,2020-05-12,ascending,88,sentinel-1a,3795,False,1,True,3795,0,3795,0,0,144,3651,3795,0,0,249,3546
S1A_IW_GRDH_1SDV_20200512T172329_20200512T172354_032535_03C4A6_1C23_COG,outputs\diagnostics\design_c\c2v\scene_checkpoints\primary\S1A_IW_GRDH_1SDV_20200512T172329_20200512T172354_032535_03C4A6_1C23_COG.csv.gz,True,,2020,2020-05-12,ascending,88,sentinel-1a,0,True,0,True,0,0,0,0,0,0,0,0,0,0,0,0
S1A_IW_GRDH_1SDV_20200512T172329_20200512T172354_032535_03C4A6_DD58_COG,outputs\diagnostics\design_c\c2v\scene_checkpoints\primary\S1A_IW_GRDH_1SDV_20200512T172329_20200512T172354_032535_03C4A6_DD58_COG.csv.gz,True,,2020,2020-05-12,ascending,88,sentinel-1a,0,True,0,True,0,0,0,0,0,0,0,0,0,0,0,0
S1B_IW_GRDH_1SDV_20200512T052636_20200512T052701_021544_028E77_29AA_COG,outputs\diagnostics\design_c\c2v\scene_checkpoints\primary\S1B_IW_GRDH_1SDV_20200512T052636_20200512T052701_021544_028E77_29AA_COG.csv.gz,True,,2020,2020-05-12,descending,168,sentinel-1b,2290,False,1,True,2290,0,2290,0,0,206,2084,2290,0,0,248,2042
S1B_IW_GRDH_1SDV_20200512T052636_20200512T052701_021544_028E77_5F98_COG,outputs\diagnostics\design_c\c2v\scene_checkpoints\primary\S1B_IW_GRDH_1SDV_20200512T052636_20200512T052701_021544_028E77_5F98_COG.csv.gz,True,,2020,2020-05-12,descending,168,sentinel-1b,2290,False,1,True,2290,0,2290,0,0,206,2084,2290,0,0,248,2042
S1B_IW_GRDH_1SDV_20200512T052701_20200512T052726_021544_028E77_D27C_COG,outputs\diagnostics\design_c\c2v\scene_checkpoints\primary\S1B_IW_GRDH_1SDV_20200512T052701_20200512T052726_021544_028E77_D27C_COG.csv.gz,True,,2020,2020-05-12,descending,168,sentinel-1b,0,True,0,True,0,0,0,0,0,0,0,0,0,0,0,0
S1B_IW_GRDH_1SDV_20200512T052701_20200512T052726_021544_028E77_EF0B_COG,outputs\diagnostics\design_c\c2v\scene_checkpoints\primary\S1B_IW_GRDH_1SDV_20200512T052701_20200512T052726_021544_028E77_EF0B_COG.csv.gz,True,,2020,2020-05-12,descending,168,sentinel-1b,0,True,0,True,0,0,0,0,0,0,0,0,0,0,0,0
S1B_IW_GRDH_1SDV_20200513T171403_20200513T171428_021566_028F1C_3676_COG,outputs\diagnostics\design_c\c2v\scene_checkpoints\primary\S1B_IW_GRDH_1SDV_20200513T171403_20200513T171428_021566_028F1C_3676_COG.csv.gz,True,,2020,2020-05-13,ascending,15,sentinel-1b,1296,False,1,True,1296,0,1296,0,0,1,1295,1296,0,0,52,1244
S1B_IW_GRDH_1SDV_20200513T171428_20200513T171453_021566_028F1C_8C3C_COG,outputs\diagnostics\design_c\c2v\scene_checkpoints\primary\S1B_IW_GRDH_1SDV_20200513T171428_20200513T171453_021566_028F1C_8C3C_COG.csv.gz,True,,2020,2020-05-13,ascending,15,sentinel-1b,3035,False,1,True,3035,0,3035,0,0,12,3023,3035,0,0,189,2846
S1B_IW_GRDH_1SDV_20200517T053443_20200517T053508_021617_02909E_D89D_COG,outputs\diagnostics\design_c\c2v\scene_checkpoints\primary\S1B_IW_GRDH_1SDV_20200517T053443_20200517T053508_021617_02909E_D89D_COG.csv.gz,True,,2020,2020-05-17,descending,66,sentinel-1b,3670,False,1,True,3670,0,3670,0,0,6,3664,3670,0,0,216,3454
S1B_IW_GRDH_1SDV_20200517T053451_20200517T053516_021617_02909E_5D39_COG,outputs\diagnostics\design_c\c2v\scene_checkpoints\primary\S1B_IW_GRDH_1SDV_20200517T053451_20200517T053516_021617_02909E_5D39_COG.csv.gz,True,,2020,2020-05-17,descending,66,sentinel-1b,4331,False,1,True,4331,0,4331,0,0,5,4326,4331,0,0,209,4122
S1B_IW_GRDH_1SDV_20200517T053508_20200517T053533_021617_02909E_1E32_COG,outputs\diagnostics\design_c\c2v\scene_checkpoints\primary\S1B_IW_GRDH_1SDV_20200517T053508_20200517T053533_021617_02909E_1E32_COG.csv.gz,True,,2020,2020-05-17,descending,66,sentinel-1b,661,False,1,True,661,0,661,0,0,0,661,661,0,0,24,637
S1B_IW_GRDH_1SDV_20200518T172215_20200518T172240_021639_02914A_ADD6_COG,outputs\diagnostics\design_c\c2v\scene_checkpoints\primary\S1B_IW_GRDH_1SDV_20200518T172215_20200518T172240_021639_02914A_ADD6_COG.csv.gz,True,,2020,2020-05-18,ascending,88,sentinel-1b,2075,False,1,True,2075,0,2075,0,0,132,1943,2075,0,0,177,1898
S1B_IW_GRDH_1SDV_20200518T172215_20200518T172240_021639_02914A_C7DD_COG,outputs\diagnostics\design_c\c2v\scene_checkpoints\primary\S1B_IW_GRDH_1SDV_20200518T172215_20200518T172240_021639_02914A_C7DD_COG.csv.gz,True,,2020,2020-05-18,ascending,88,sentinel-1b,2075,False,1,True,2075,0,2075,0,0,132,1943,2075,0,0,178,1897
S1B_IW_GRDH_1SDV_20200518T172240_20200518T172305_021639_02914A_6C81_COG,outputs\diagnostics\design_c\c2v\scene_checkpoints\primary\S1B_IW_GRDH_1SDV_20200518T172240_20200518T172305_021639_02914A_6C81_COG.csv.gz,True,,2020,2020-05-18,ascending,88,sentinel-1b,1730,False,1,True,1730,0,1730,0,0,26,1704,1730,0,0,69,1661
S1B_IW_GRDH_1SDV_20200518T172240_20200518T172305_021639_02914A_9437_COG,outputs\diagnostics\design_c\c2v\scene_checkpoints\primary\S1B_IW_GRDH_1SDV_20200518T172240_20200518T172305_021639_02914A_9437_COG.csv.gz,True,,2020,2020-05-18,ascending,88,sentinel-1b,1730,False,1,True,1730,0,1730,0,0,26,1704,1730,0,0,69,1661
S1A_IW_GRDH_1SDV_20200518T052707_20200518T052732_032615_03C710_3BE6_COG,outputs\diagnostics\design_c\c2v\scene_checkpoints\primary\S1A_IW_GRDH_1SDV_20200518T052707_20200518T052732_032615_03C710_3BE6_COG.csv.gz,True,,2020,2020-05-18,descending,168,sentinel-1a,0,True,0,True,0,0,0,0,0,0,0,0,0,0,0,0
S1A_IW_GRDH_1SDV_20200518T052712_20200518T052737_032615_03C710_C1C2_COG,outputs\diagnostics\design_c\c2v\scene_checkpoints\primary\S1A_IW_GRDH_1SDV_20200518T052712_20200518T052737_032615_03C710_C1C2_COG.csv.gz,True,,2020,2020-05-18,descending,168,sentinel-1a,623,False,1,True,623,0,623,0,0,147,476,623,0,0,155,468
S1A_IW_GRDH_1SDV_20200518T052732_20200518T052757_032615_03C710_E157_COG,outputs\diagnostics\design_c\c2v\scene_checkpoints\primary\S1A_IW_GRDH_1SDV_20200518T052732_20200518T052757_032615_03C710_E157_COG.csv.gz,True,,2020,2020-05-18,descending,168,sentinel-1a,2419,False,1,True,2419,0,2419,0,0,299,2120,2419,0,0,353,2066
S1A_IW_GRDH_1SDV_20200518T052737_20200518T052802_032615_03C710_344A_COG,outputs\diagnostics\design_c\c2v\scene_checkpoints\primary\S1A_IW_GRDH_1SDV_20200518T052737_20200518T052802_032615_03C710_344A_COG.csv.gz,True,,2020,2020-05-18,descending,168,sentinel-1a,1993,False,1,True,1993,0,1993,0,0,363,1630,1993,0,0,400,1593
S1A_IW_GRDH_1SDV_20200519T171458_20200519T171523_032637_03C7B2_41DB_COG,outputs\diagnostics\design_c\c2v\scene_checkpoints\primary\S1A_IW_GRDH_1SDV_20200519T171458_20200519T171523_032637_03C7B2_41DB_COG.csv.gz,True,,2020,2020-05-19,ascending,15,sentinel-1a,4331,False,1,True,4331,0,4331,0,0,4,4327,4331,0,0,256,4075
S1A_IW_GRDH_1SDV_20200519T171458_20200519T171523_032637_03C7B2_C062_COG,outputs\diagnostics\design_c\c2v\scene_checkpoints\primary\S1A_IW_GRDH_1SDV_20200519T171458_20200519T171523_032637_03C7B2_C062_COG.csv.gz,True,,2020,2020-05-19,ascending,15,sentinel-1a,4331,False,1,True,4331,0,4331,0,0,3,4328,4331,0,0,256,4075
S1A_IW_GRDH_1SDV_20200523T053525_20200523T053550_032688_03C942_6DD6_COG,outputs\diagnostics\design_c\c2v\scene_checkpoints\primary\S1A_IW_GRDH_1SDV_20200523T053525_20200523T053550_032688_03C942_6DD6_COG.csv.gz,True,,2020,2020-05-23,descending,66,sentinel-1a,3527,False,1,True,3527,0,3527,0,0,2,3525,3527,0,0,232,3295
S1A_IW_GRDH_1SDV_20200523T053525_20200523T053550_032688_03C942_71CA_COG,outputs\diagnostics\design_c\c2v\scene_checkpoints\primary\S1A_IW_GRDH_1SDV_20200523T053525_20200523T053550_032688_03C942_71CA_COG.csv.gz,True,,2020,2020-05-23,descending,66,sentinel-1a,3324,False,1,True,3324,0,3324,0,0,7,3317,3324,0,0,212,3112
S1A_IW_GRDH_1SDV_20200523T053550_20200523T053615_032688_03C942_1C54_COG,outputs\diagnostics\design_c\c2v\scene_checkpoints\primary\S1A_IW_GRDH_1SDV_20200523T053550_20200523T053615_032688_03C942_1C54_COG.csv.gz,True,,2020,2020-05-23,descending,66,sentinel-1a,804,False,1,True,804,0,804,0,0,0,804,804,0,0,52,752
S1A_IW_GRDH_1SDV_20200523T053550_20200523T053615_032688_03C942_CDBC_COG,outputs\diagnostics\design_c\c2v\scene_checkpoints\primary\S1A_IW_GRDH_1SDV_20200523T053550_20200523T053615_032688_03C942_CDBC_COG.csv.gz,True,,2020,2020-05-23,descending,66,sentinel-1a,1006,False,1,True,1006,0,1006,0,0,0,1006,1006,0,0,62,944
S1A_IW_GRDH_1SDV_20200524T172305_20200524T172330_032710_03C9F5_5ED2_COG,outputs\diagnostics\design_c\c2v\scene_checkpoints\primary\S1A_IW_GRDH_1SDV_20200524T172305_20200524T172330_032710_03C9F5_5ED2_COG.csv.gz,True,,2020,2020-05-24,ascending,88,sentinel-1a,3795,False,1,True,3795,0,3795,0,0,142,3653,3795,0,0,252,3543
S1A_IW_GRDH_1SDV_20200524T172305_20200524T172330_032710_03C9F5_947D_COG,outputs\diagnostics\design_c\c2v\scene_checkpoints\primary\S1A_IW_GRDH_1SDV_20200524T172305_20200524T172330_032710_03C9F5_947D_COG.csv.gz,True,,2020,2020-05-24,ascending,88,sentinel-1a,3795,False,1,True,3795,0,3795,0,0,142,3653,3795,0,0,252,3543
S1A_IW_GRDH_1SDV_20200524T172330_20200524T172355_032710_03C9F5_8AE4_COG,outputs\diagnostics\design_c\c2v\scene_checkpoints\primary\S1A_IW_GRDH_1SDV_20200524T172330_20200524T172355_032710_03C9F5_8AE4_COG.csv.gz,True,,2020,2020-05-24,ascending,88,sentinel-1a,0,True,0,True,0,0,0,0,0,0,0,0,0,0,0,0
S1A_IW_GRDH_1SDV_20200524T172330_20200524T172355_032710_03C9F5_C202_COG,outputs\diagnostics\design_c\c2v\scene_checkpoints\primary\S1A_IW_GRDH_1SDV_20200524T172330_20200524T172355_032710_03C9F5_C202_COG.csv.gz,True,,2020,2020-05-24,ascending,88,sentinel-1a,0,True,0,True,0,0,0,0,0,0,0,0,0,0,0,0
S1B_IW_GRDH_1SDV_20200524T052625_20200524T052650_021719_029398_3C9E_COG,outputs\diagnostics\design_c\c2v\scene_checkpoints\primary\S1B_IW_GRDH_1SDV_20200524T052625_20200524T052650_021719_029398_3C9E_COG.csv.gz,True,,2020,2020-05-24,descending,168,sentinel-1b,0,True,0,True,0,0,0,0,0,0,0,0,0,0,0,0
S1B_IW_GRDH_1SDV_20200524T052633_20200524T052658_021719_029398_2276_COG,outputs\diagnostics\design_c\c2v\scene_checkpoints\primary\S1B_IW_GRDH_1SDV_20200524T052633_20200524T052658_021719_029398_2276_COG.csv.gz,True,,2020,2020-05-24,descending,168,sentinel-1b,1647,False,1,True,1647,0,1647,0,0,276,1371,1647,0,0,294,1353
S1B_IW_GRDH_1SDV_20200524T052650_20200524T052715_021719_029398_9080_COG,outputs\diagnostics\design_c\c2v\scene_checkpoints\primary\S1B_IW_GRDH_1SDV_20200524T052650_20200524T052715_021719_029398_9080_COG.csv.gz,True,,2020,2020-05-24,descending,168,sentinel-1b,2396,False,1,True,2396,0,2396,0,0,284,2112,2396,0,0,326,2070
S1B_IW_GRDH_1SDV_20200524T052658_20200524T052723_021719_029398_99F9_COG,outputs\diagnostics\design_c\c2v\scene_checkpoints\primary\S1B_IW_GRDH_1SDV_20200524T052658_20200524T052723_021719_029398_99F9_COG.csv.gz,True,,2020,2020-05-24,descending,168,sentinel-1b,905,False,1,True,905,0,905,0,0,167,738,905,0,0,195,710
S1B_IW_GRDH_1SDV_20200525T171404_20200525T171429_021741_029439_203E_COG,outputs\diagnostics\design_c\c2v\scene_checkpoints\primary\S1B_IW_GRDH_1SDV_20200525T171404_20200525T171429_021741_029439_203E_COG.csv.gz,True,,2020,2020-05-25,ascending,15,sentinel-1b,1296,False,1,True,1296,0,1296,0,0,1,1295,1296,0,0,97,1199
S1B_IW_GRDH_1SDV_20200525T171429_20200525T171454_021741_029439_9B9D_COG,outputs\diagnostics\design_c\c2v\scene_checkpoints\primary\S1B_IW_GRDH_1SDV_20200525T171429_20200525T171454_021741_029439_9B9D_COG.csv.gz,True,,2020,2020-05-25,ascending,15,sentinel-1b,3035,False,1,True,3035,0,3035,0,0,4,3031,3035,0,0,282,2753
S1B_IW_GRDH_1SDV_20200525T171429_20200525T171454_021741_029439_FBB1_COG,outputs\diagnostics\design_c\c2v\scene_checkpoints\primary\S1B_IW_GRDH_1SDV_20200525T171429_20200525T171454_021741_029439_FBB1_COG.csv.gz,True,,2020,2020-05-25,ascending,15,sentinel-1b,3035,False,1,True,3035,0,3035,0,0,4,3031,3035,0,0,282,2753
S1B_IW_GRDH_1SDV_20200529T053445_20200529T053510_021792_0295D0_2094_COG,outputs\diagnostics\design_c\c2v\scene_checkpoints\primary\S1B_IW_GRDH_1SDV_20200529T053445_20200529T053510_021792_0295D0_2094_COG.csv.gz,True,,2020,2020-05-29,descending,66,sentinel-1b,3811,False,1,True,3811,0,3811,0,0,1,3810,3811,0,0,327,3484
S1B_IW_GRDH_1SDV_20200529T053452_20200529T053517_021792_0295D0_FD31_COG,outputs\diagnostics\design_c\c2v\scene_checkpoints\primary\S1B_IW_GRDH_1SDV_20200529T053452_20200529T053517_021792_0295D0_FD31_COG.csv.gz,True,,2020,2020-05-29,descending,66,sentinel-1b,4331,False,1,True,4331,0,4331,0,0,3,4328,4331,0,0,355,3976
S1B_IW_GRDH_1SDV_20200529T053510_20200529T053535_021792_0295D0_1E7A_COG,outputs\diagnostics\design_c\c2v\scene_checkpoints\primary\S1B_IW_GRDH_1SDV_20200529T053510_20200529T053535_021792_0295D0_1E7A_COG.csv.gz,True,,2020,2020-05-29,descending,66,sentinel-1b,520,False,1,True,520,0,520,0,0,0,520,520,0,0,41,479
S1B_IW_GRDH_1SDV_20200530T172216_20200530T172241_021814_029680_2413_COG,outputs\diagnostics\design_c\c2v\scene_checkpoints\primary\S1B_IW_GRDH_1SDV_20200530T172216_20200530T172241_021814_029680_2413_COG.csv.gz,True,,2020,2020-05-30,ascending,88,sentinel-1b,2076,False,1,True,2076,0,2076,0,0,131,1945,2076,0,0,215,1861
S1B_IW_GRDH_1SDV_20200530T172216_20200530T172241_021814_029680_5DF4_COG,outputs\diagnostics\design_c\c2v\scene_checkpoints\primary\S1B_IW_GRDH_1SDV_20200530T172216_20200530T172241_021814_029680_5DF4_COG.csv.gz,True,,2020,2020-05-30,ascending,88,sentinel-1b,2076,False,1,True,2076,0,2076,0,0,131,1945,2076,0,0,216,1860
S1B_IW_GRDH_1SDV_20200530T172241_20200530T172306_021814_029680_25FE_COG,outputs\diagnostics\design_c\c2v\scene_checkpoints\primary\S1B_IW_GRDH_1SDV_20200530T172241_20200530T172306_021814_029680_25FE_COG.csv.gz,True,,2020,2020-05-30,ascending,88,sentinel-1b,1727,False,1,True,1727,0,1727,0,0,28,1699,1727,0,0,78,1649
S1B_IW_GRDH_1SDV_20200530T172241_20200530T172306_021814_029680_5AC2_COG,outputs\diagnostics\design_c\c2v\scene_checkpoints\primary\S1B_IW_GRDH_1SDV_20200530T172241_20200530T172306_021814_029680_5AC2_COG.csv.gz,True,,2020,2020-05-30,ascending,88,sentinel-1b,1727,False,1,True,1727,0,1727,0,0,28,1699,1727,0,0,78,1649
S1A_IW_GRDH_1SDV_20200530T052708_20200530T052733_032790_03CC56_262D_COG,outputs\diagnostics\design_c\c2v\scene_checkpoints\primary\S1A_IW_GRDH_1SDV_20200530T052708_20200530T052733_032790_03CC56_262D_COG.csv.gz,True,,2020,2020-05-30,descending,168,sentinel-1a,0,True,0,True,0,0,0,0,0,0,0,0,0,0,0,0
S1A_IW_GRDH_1SDV_20200530T052713_20200530T052738_032790_03CC56_834D_COG,outputs\diagnostics\design_c\c2v\scene_checkpoints\primary\S1A_IW_GRDH_1SDV_20200530T052713_20200530T052738_032790_03CC56_834D_COG.csv.gz,True,,2020,2020-05-30,descending,168,sentinel-1a,618,False,1,True,618,0,618,0,0,148,470,618,0,0,157,461
S1A_IW_GRDH_1SDV_20200530T052733_20200530T052758_032790_03CC56_BFBE_COG,outputs\diagnostics\design_c\c2v\scene_checkpoints\primary\S1A_IW_GRDH_1SDV_20200530T052733_20200530T052758_032790_03CC56_BFBE_COG.csv.gz,True,,2020,2020-05-30,descending,168,sentinel-1a,2411,False,1,True,2411,0,2411,0,0,299,2112,2411,0,0,398,2013
S1A_IW_GRDH_1SDV_20200530T052738_20200530T052803_032790_03CC56_5E38_COG,outputs\diagnostics\design_c\c2v\scene_checkpoints\primary\S1A_IW_GRDH_1SDV_20200530T052738_20200530T052803_032790_03CC56_5E38_COG.csv.gz,True,,2020,2020-05-30,descending,168,sentinel-1a,1992,False,1,True,1992,0,1992,0,0,361,1631,1992,0,0,412,1580
S1A_IW_GRDH_1SDV_20200531T171459_20200531T171524_032812_03CCF9_1F54_COG,outputs\diagnostics\design_c\c2v\scene_checkpoints\primary\S1A_IW_GRDH_1SDV_20200531T171459_20200531T171524_032812_03CCF9_1F54_COG.csv.gz,True,,2020,2020-05-31,ascending,15,sentinel-1a,4331,False,1,True,4331,0,4331,0,0,14,4317,4331,0,0,457,3874
S1A_IW_GRDH_1SDV_20200531T171459_20200531T171524_032812_03CCF9_4EA1_COG,outputs\diagnostics\design_c\c2v\scene_checkpoints\primary\S1A_IW_GRDH_1SDV_20200531T171459_20200531T171524_032812_03CCF9_4EA1_COG.csv.gz,True,,2020,2020-05-31,ascending,15,sentinel-1a,4331,False,1,True,4331,0,4331,0,0,14,4317,4331,0,0,457,3874
S1A_IW_GRDH_1SDV_20200604T053526_20200604T053551_032863_03CE73_21C8_COG,outputs\diagnostics\design_c\c2v\scene_checkpoints\primary\S1A_IW_GRDH_1SDV_20200604T053526_20200604T053551_032863_03CE73_21C8_COG.csv.gz,True,,2020,2020-06-04,descending,66,sentinel-1a,3324,False,1,True,3324,0,3324,0,0,2,3322,3324,0,0,162,3162
S1A_IW_GRDH_1SDV_20200604T053526_20200604T053551_032863_03CE73_3390_COG,outputs\diagnostics\design_c\c2v\scene_checkpoints\primary\S1A_IW_GRDH_1SDV_20200604T053526_20200604T053551_032863_03CE73_3390_COG.csv.gz,True,,2020,2020-06-04,descending,66,sentinel-1a,3181,False,1,True,3181,0,3181,0,0,4,3177,3181,0,0,267,2914
S1A_IW_GRDH_1SDV_20200604T053551_20200604T053616_032863_03CE73_3A18_COG,outputs\diagnostics\design_c\c2v\scene_checkpoints\primary\S1A_IW_GRDH_1SDV_20200604T053551_20200604T053616_032863_03CE73_3A18_COG.csv.gz,True,,2020,2020-06-04,descending,66,sentinel-1a,1007,False,1,True,1007,0,1007,0,0,0,1007,1007,0,0,51,956
S1A_IW_GRDH_1SDV_20200604T053551_20200604T053616_032863_03CE73_5899_COG,outputs\diagnostics\design_c\c2v\scene_checkpoints\primary\S1A_IW_GRDH_1SDV_20200604T053551_20200604T053616_032863_03CE73_5899_COG.csv.gz,True,,2020,2020-06-04,descending,66,sentinel-1a,1150,False,1,True,1150,0,1150,0,0,0,1150,1150,0,0,95,1055
S1A_IW_GRDH_1SDV_20200605T172305_20200605T172330_032885_03CF21_031B_COG,outputs\diagnostics\design_c\c2v\scene_checkpoints\primary\S1A_IW_GRDH_1SDV_20200605T172305_20200605T172330_032885_03CF21_031B_COG.csv.gz,True,,2020,2020-06-05,ascending,88,sentinel-1a,3799,False,1,True,3799,0,3799,0,0,142,3657,3799,0,0,257,3542
S1A_IW_GRDH_1SDV_20200605T172305_20200605T172330_032885_03CF21_325C_COG,outputs\diagnostics\design_c\c2v\scene_checkpoints\primary\S1A_IW_GRDH_1SDV_20200605T172305_20200605T172330_032885_03CF21_325C_COG.csv.gz,True,,2020,2020-06-05,ascending,88,sentinel-1a,3799,False,1,True,3799,0,3799,0,0,142,3657,3799,0,0,254,3545
S1A_IW_GRDH_1SDV_20200605T172330_20200605T172355_032885_03CF21_1861_COG,outputs\diagnostics\design_c\c2v\scene_checkpoints\primary\S1A_IW_GRDH_1SDV_20200605T172330_20200605T172355_032885_03CF21_1861_COG.csv.gz,True,,2020,2020-06-05,ascending,88,sentinel-1a,0,True,0,True,0,0,0,0,0,0,0,0,0,0,0,0
S1A_IW_GRDH_1SDV_20200605T172330_20200605T172355_032885_03CF21_5AFF_COG,outputs\diagnostics\design_c\c2v\scene_checkpoints\primary\S1A_IW_GRDH_1SDV_20200605T172330_20200605T172355_032885_03CF21_5AFF_COG.csv.gz,True,,2020,2020-06-05,ascending,88,sentinel-1a,0,True,0,True,0,0,0,0,0,0,0,0,0,0,0,0
S1B_IW_GRDH_1SDV_20200605T052634_20200605T052659_021894_0298D7_3A24_COG,outputs\diagnostics\design_c\c2v\scene_checkpoints\primary\S1B_IW_GRDH_1SDV_20200605T052634_20200605T052659_021894_0298D7_3A24_COG.csv.gz,True,,2020,2020-06-05,descending,168,sentinel-1b,1648,False,1,True,1648,0,1648,0,0,278,1370,1648,0,0,288,1360
S1B_IW_GRDH_1SDV_20200605T052634_20200605T052659_021894_0298D7_B95D_COG,outputs\diagnostics\design_c\c2v\scene_checkpoints\primary\S1B_IW_GRDH_1SDV_20200605T052634_20200605T052659_021894_0298D7_B95D_COG.csv.gz,True,,2020,2020-06-05,descending,168,sentinel-1b,1648,False,1,True,1648,0,1648,0,0,278,1370,1648,0,0,288,1360
S1B_IW_GRDH_1SDV_20200605T052659_20200605T052724_021894_0298D7_EEF8_COG,outputs\diagnostics\design_c\c2v\scene_checkpoints\primary\S1B_IW_GRDH_1SDV_20200605T052659_20200605T052724_021894_0298D7_EEF8_COG.csv.gz,True,,2020,2020-06-05,descending,168,sentinel-1b,903,False,1,True,903,0,903,0,0,165,738,903,0,0,178,725
S1B_IW_GRDH_1SDV_20200605T052659_20200605T052724_021894_0298D7_FC65_COG,outputs\diagnostics\design_c\c2v\scene_checkpoints\primary\S1B_IW_GRDH_1SDV_20200605T052659_20200605T052724_021894_0298D7_FC65_COG.csv.gz,True,,2020,2020-06-05,descending,168,sentinel-1b,903,False,1,True,903,0,903,0,0,165,738,903,0,0,178,725
S1B_IW_GRDH_1SDV_20200606T171405_20200606T171430_021916_02997C_11A1_COG,outputs\diagnostics\design_c\c2v\scene_checkpoints\primary\S1B_IW_GRDH_1SDV_20200606T171405_20200606T171430_021916_02997C_11A1_COG.csv.gz,True,,2020,2020-06-06,ascending,15,sentinel-1b,1298,False,1,True,1298,0,1298,0,0,0,1298,1298,0,0,59,1239
S1B_IW_GRDH_1SDV_20200606T171405_20200606T171430_021916_02997C_BEF1_COG,outputs\diagnostics\design_c\c2v\scene_checkpoints\primary\S1B_IW_GRDH_1SDV_20200606T171405_20200606T171430_021916_02997C_BEF1_COG.csv.gz,True,,2020,2020-06-06,ascending,15,sentinel-1b,1298,False,1,True,1298,0,1298,0,0,0,1298,1298,0,0,59,1239
S1B_IW_GRDH_1SDV_20200606T171430_20200606T171455_021916_02997C_8BAF_COG,outputs\diagnostics\design_c\c2v\scene_checkpoints\primary\S1B_IW_GRDH_1SDV_20200606T171430_20200606T171455_021916_02997C_8BAF_COG.csv.gz,True,,2020,2020-06-06,ascending,15,sentinel-1b,3033,False,1,True,3033,0,3033,0,0,3,3030,3033,0,0,234,2799
S1B_IW_GRDH_1SDV_20200606T171430_20200606T171455_021916_02997C_9B3D_COG,outputs\diagnostics\design_c\c2v\scene_checkpoints\primary\S1B_IW_GRDH_1SDV_20200606T171430_20200606T171455_021916_02997C_9B3D_COG.csv.gz,True,,2020,2020-06-06,ascending,15,sentinel-1b,3033,False,1,True,3033,0,3033,0,0,3,3030,3033,0,0,234,2799
S1B_IW_GRDH_1SDV_20200610T053445_20200610T053510_021967_029B0E_BC93_COG,outputs\diagnostics\design_c\c2v\scene_checkpoints\primary\S1B_IW_GRDH_1SDV_20200610T053445_20200610T053510_021967_029B0E_BC93_COG.csv.gz,True,,2020,2020-06-10,descending,66,sentinel-1b,3414,False,1,True,3414,0,3414,0,0,0,3414,3414,0,0,179,3235
S1B_IW_GRDH_1SDV_20200610T053453_20200610T053518_021967_029B0E_BD0A_COG,outputs\diagnostics\design_c\c2v\scene_checkpoints\primary\S1B_IW_GRDH_1SDV_20200610T053453_20200610T053518_021967_029B0E_BD0A_COG.csv.gz,True,,2020,2020-06-10,descending,66,sentinel-1b,4331,False,1,True,4331,0,4331,0,0,2,4329,4331,0,0,201,4130
S1B_IW_GRDH_1SDV_20200610T053510_20200610T053535_021967_029B0E_E1FE_COG,outputs\diagnostics\design_c\c2v\scene_checkpoints\primary\S1B_IW_GRDH_1SDV_20200610T053510_20200610T053535_021967_029B0E_E1FE_COG.csv.gz,True,,2020,2020-06-10,descending,66,sentinel-1b,917,False,1,True,917,0,917,0,0,2,915,917,0,0,40,877
S1A_IW_GRDH_1SDV_20200611T052708_20200611T052733_032965_03D183_3D6A_COG,outputs\diagnostics\design_c\c2v\scene_checkpoints\primary\S1A_IW_GRDH_1SDV_20200611T052708_20200611T052733_032965_03D183_3D6A_COG.csv.gz,True,,2020,2020-06-11,descending,168,sentinel-1a,0,True,0,True,0,0,0,0,0,0,0,0,0,0,0,0
S1A_IW_GRDH_1SDV_20200611T052714_20200611T052739_032965_03D183_2835_COG,outputs\diagnostics\design_c\c2v\scene_checkpoints\primary\S1A_IW_GRDH_1SDV_20200611T052714_20200611T052739_032965_03D183_2835_COG.csv.gz,True,,2020,2020-06-11,descending,168,sentinel-1a,621,False,1,True,621,0,621,0,0,147,474,621,0,0,151,470
S1A_IW_GRDH_1SDV_20200611T052733_20200611T052758_032965_03D183_2C16_COG,outputs\diagnostics\design_c\c2v\scene_checkpoints\primary\S1A_IW_GRDH_1SDV_20200611T052733_20200611T052758_032965_03D183_2C16_COG.csv.gz,True,,2020,2020-06-11,descending,168,sentinel-1a,2414,False,1,True,2414,0,2414,0,0,298,2116,2414,0,0,329,2085
S1A_IW_GRDH_1SDV_20200611T052739_20200611T052804_032965_03D183_7B00_COG,outputs\diagnostics\design_c\c2v\scene_checkpoints\primary\S1A_IW_GRDH_1SDV_20200611T052739_20200611T052804_032965_03D183_7B00_COG.csv.gz,True,,2020,2020-06-11,descending,168,sentinel-1a,1991,False,1,True,1991,0,1991,0,0,360,1631,1991,0,0,377,1614
S1A_IW_GRDH_1SDV_20200612T171459_20200612T171524_032987_03D225_97C7_COG,outputs\diagnostics\design_c\c2v\scene_checkpoints\primary\S1A_IW_GRDH_1SDV_20200612T171459_20200612T171524_032987_03D225_97C7_COG.csv.gz,True,,2020,2020-06-12,ascending,15,sentinel-1a,4331,False,1,True,4331,0,4331,0,0,3,4328,4331,0,0,228,4103
S1A_IW_GRDH_1SDV_20200612T171459_20200612T171524_032987_03D225_AA71_COG,outputs\diagnostics\design_c\c2v\scene_checkpoints\primary\S1A_IW_GRDH_1SDV_20200612T171459_20200612T171524_032987_03D225_AA71_COG.csv.gz,True,,2020,2020-06-12,ascending,15,sentinel-1a,4331,False,1,True,4331,0,4331,0,0,3,4328,4331,0,0,228,4103
S1A_IW_GRDH_1SDV_20200616T053526_20200616T053551_033038_03D3B4_1090_COG,outputs\diagnostics\design_c\c2v\scene_checkpoints\primary\S1A_IW_GRDH_1SDV_20200616T053526_20200616T053551_033038_03D3B4_1090_COG.csv.gz,True,,2020,2020-06-16,descending,66,sentinel-1a,3177,False,1,True,3177,0,3177,0,0,2,3175,3177,0,0,99,3078
S1A_IW_GRDH_1SDV_20200616T053527_20200616T053552_033038_03D3B4_9201_COG,outputs\diagnostics\design_c\c2v\scene_checkpoints\primary\S1A_IW_GRDH_1SDV_20200616T053527_20200616T053552_033038_03D3B4_9201_COG.csv.gz,True,,2020,2020-06-16,descending,66,sentinel-1a,3329,False,1,True,3329,0,3329,0,0,1,3328,3329,0,0,100,3229
S1A_IW_GRDH_1SDV_20200616T053551_20200616T053616_033038_03D3B4_D456_COG,outputs\diagnostics\design_c\c2v\scene_checkpoints\primary\S1A_IW_GRDH_1SDV_20200616T053551_20200616T053616_033038_03D3B4_D456_COG.csv.gz,True,,2020,2020-06-16,descending,66,sentinel-1a,1154,False,1,True,1154,0,1154,0,0,1,1153,1154,0,0,55,1099
S1A_IW_GRDH_1SDV_20200616T053552_20200616T053617_033038_03D3B4_84EA_COG,outputs\diagnostics\design_c\c2v\scene_checkpoints\primary\S1A_IW_GRDH_1SDV_20200616T053552_20200616T053617_033038_03D3B4_84EA_COG.csv.gz,True,,2020,2020-06-16,descending,66,sentinel-1a,1002,False,1,True,1002,0,1002,0,0,1,1001,1002,0,0,48,954
S1A_IW_GRDH_1SDV_20200617T172306_20200617T172331_033060_03D465_6F64_COG,outputs\diagnostics\design_c\c2v\scene_checkpoints\primary\S1A_IW_GRDH_1SDV_20200617T172306_20200617T172331_033060_03D465_6F64_COG.csv.gz,True,,2020,2020-06-17,ascending,88,sentinel-1a,3796,False,1,True,3796,0,3796,0,0,142,3654,3796,0,0,195,3601
S1A_IW_GRDH_1SDV_20200617T172306_20200617T172331_033060_03D465_BD2F_COG,outputs\diagnostics\design_c\c2v\scene_checkpoints\primary\S1A_IW_GRDH_1SDV_20200617T172306_20200617T172331_033060_03D465_BD2F_COG.csv.gz,True,,2020,2020-06-17,ascending,88,sentinel-1a,3796,False,1,True,3796,0,3796,0,0,142,3654,3796,0,0,197,3599
S1A_IW_GRDH_1SDV_20200617T172331_20200617T172356_033060_03D465_16C1_COG,outputs\diagnostics\design_c\c2v\scene_checkpoints\primary\S1A_IW_GRDH_1SDV_20200617T172331_20200617T172356_033060_03D465_16C1_COG.csv.gz,True,,2020,2020-06-17,ascending,88,sentinel-1a,0,True,0,True,0,0,0,0,0,0,0,0,0,0,0,0
S1A_IW_GRDH_1SDV_20200617T172331_20200617T172356_033060_03D465_3DD7_COG,outputs\diagnostics\design_c\c2v\scene_checkpoints\primary\S1A_IW_GRDH_1SDV_20200617T172331_20200617T172356_033060_03D465_3DD7_COG.csv.gz,True,,2020,2020-06-17,ascending,88,sentinel-1a,0,True,0,True,0,0,0,0,0,0,0,0,0,0,0,0
S1B_IW_GRDH_1SDV_20200617T052626_20200617T052651_022069_029E24_E519_COG,outputs\diagnostics\design_c\c2v\scene_checkpoints\primary\S1B_IW_GRDH_1SDV_20200617T052626_20200617T052651_022069_029E24_E519_COG.csv.gz,True,,2020,2020-06-17,descending,168,sentinel-1b,0,True,0,True,0,0,0,0,0,0,0,0,0,0,0,0
S1B_IW_GRDH_1SDV_20200617T052634_20200617T052659_022069_029E24_B6EA_COG,outputs\diagnostics\design_c\c2v\scene_checkpoints\primary\S1B_IW_GRDH_1SDV_20200617T052634_20200617T052659_022069_029E24_B6EA_COG.csv.gz,True,,2020,2020-06-17,descending,168,sentinel-1b,1652,False,1,True,1652,0,1652,0,0,283,1369,1652,0,0,292,1360
S1B_IW_GRDH_1SDV_20200617T052651_20200617T052716_022069_029E24_1BA6_COG,outputs\diagnostics\design_c\c2v\scene_checkpoints\primary\S1B_IW_GRDH_1SDV_20200617T052651_20200617T052716_022069_029E24_1BA6_COG.csv.gz,True,,2020,2020-06-17,descending,168,sentinel-1b,2397,False,1,True,2397,0,2397,0,0,279,2118,2397,0,0,295,2102
S1B_IW_GRDH_1SDV_20200617T052659_20200617T052724_022069_029E24_A31E_COG,outputs\diagnostics\design_c\c2v\scene_checkpoints\primary\S1B_IW_GRDH_1SDV_20200617T052659_20200617T052724_022069_029E24_A31E_COG.csv.gz,True,,2020,2020-06-17,descending,168,sentinel-1b,906,False,1,True,906,0,906,0,0,168,738,906,0,0,179,727
S1B_IW_GRDH_1SDV_20200622T053446_20200622T053511_022142_02A063_B797_COG,outputs\diagnostics\design_c\c2v\scene_checkpoints\primary\S1B_IW_GRDH_1SDV_20200622T053446_20200622T053511_022142_02A063_B797_COG.csv.gz,True,,2020,2020-06-22,descending,66,sentinel-1b,3660,False,1,True,3660,0,3660,0,0,0,3660,3660,0,0,85,3575
S1B_IW_GRDH_1SDV_20200622T053453_20200622T053518_022142_02A063_2A05_COG,outputs\diagnostics\design_c\c2v\scene_checkpoints\primary\S1B_IW_GRDH_1SDV_20200622T053453_20200622T053518_022142_02A063_2A05_COG.csv.gz,True,,2020,2020-06-22,descending,66,sentinel-1b,4331,False,1,True,4331,0,4331,0,0,0,4331,4331,0,0,108,4223
S1B_IW_GRDH_1SDV_20200622T053511_20200622T053536_022142_02A063_52FE_COG,outputs\diagnostics\design_c\c2v\scene_checkpoints\primary\S1B_IW_GRDH_1SDV_20200622T053511_20200622T053536_022142_02A063_52FE_COG.csv.gz,True,,2020,2020-06-22,descending,66,sentinel-1b,671,False,1,True,671,0,671,0,0,0,671,671,0,0,25,646
S1A_IW_GRDH_1SDV_20200623T052709_20200623T052734_033140_03D6D5_8DFE_COG,outputs\diagnostics\design_c\c2v\scene_checkpoints\primary\S1A_IW_GRDH_1SDV_20200623T052709_20200623T052734_033140_03D6D5_8DFE_COG.csv.gz,True,,2020,2020-06-23,descending,168,sentinel-1a,0,True,0,True,0,0,0,0,0,0,0,0,0,0,0,0
S1A_IW_GRDH_1SDV_20200623T052714_20200623T052739_033140_03D6D5_79B2_COG,outputs\diagnostics\design_c\c2v\scene_checkpoints\primary\S1A_IW_GRDH_1SDV_20200623T052714_20200623T052739_033140_03D6D5_79B2_COG.csv.gz,True,,2020,2020-06-23,descending,168,sentinel-1a,626,False,1,True,626,0,626,0,0,147,479,626,0,0,150,476
S1A_IW_GRDH_1SDV_20200623T052734_20200623T052759_033140_03D6D5_C9BA_COG,outputs\diagnostics\design_c\c2v\scene_checkpoints\primary\S1A_IW_GRDH_1SDV_20200623T052734_20200623T052759_033140_03D6D5_C9BA_COG.csv.gz,True,,2020,2020-06-23,descending,168,sentinel-1a,2421,False,1,True,2421,0,2421,0,0,300,2121,2421,0,0,334,2087
S1A_IW_GRDH_1SDV_20200623T052739_20200623T052804_033140_03D6D5_A92E_COG,outputs\diagnostics\design_c\c2v\scene_checkpoints\primary\S1A_IW_GRDH_1SDV_20200623T052739_20200623T052804_033140_03D6D5_A92E_COG.csv.gz,True,,2020,2020-06-23,descending,168,sentinel-1a,1994,False,1,True,1994,0,1994,0,0,362,1632,1994,0,0,381,1613
S1A_IW_GRDH_1SDV_20200624T171500_20200624T171525_033162_03D77A_4CC4_COG,outputs\diagnostics\design_c\c2v\scene_checkpoints\primary\S1A_IW_GRDH_1SDV_20200624T171500_20200624T171525_033162_03D77A_4CC4_COG.csv.gz,True,,2020,2020-06-24,ascending,15,sentinel-1a,4331,False,1,True,4331,0,4331,0,0,1,4330,4331,0,0,157,4174
S1A_IW_GRDH_1SDV_20200624T171500_20200624T171525_033162_03D77A_7B97_COG,outputs\diagnostics\design_c\c2v\scene_checkpoints\primary\S1A_IW_GRDH_1SDV_20200624T171500_20200624T171525_033162_03D77A_7B97_COG.csv.gz,True,,2020,2020-06-24,ascending,15,sentinel-1a,4331,False,1,True,4331,0,4331,0,0,1,4330,4331,0,0,158,4173
S1A_IW_GRDH_1SDV_20200628T053527_20200628T053552_033213_03D905_D3E4_COG,outputs\diagnostics\design_c\c2v\scene_checkpoints\primary\S1A_IW_GRDH_1SDV_20200628T053527_20200628T053552_033213_03D905_D3E4_COG.csv.gz,True,,2020,2020-06-28,descending,66,sentinel-1a,3324,False,1,True,3324,0,3324,0,0,1,3323,3324,0,0,71,3253
S1A_IW_GRDH_1SDV_20200628T053528_20200628T053553_033213_03D905_6DEE_COG,outputs\diagnostics\design_c\c2v\scene_checkpoints\primary\S1A_IW_GRDH_1SDV_20200628T053528_20200628T053553_033213_03D905_6DEE_COG.csv.gz,True,,2020,2020-06-28,descending,66,sentinel-1a,3542,False,1,True,3542,0,3542,0,0,0,3542,3542,0,0,73,3469
S1A_IW_GRDH_1SDV_20200628T053552_20200628T053617_033213_03D905_D6DB_COG,outputs\diagnostics\design_c\c2v\scene_checkpoints\primary\S1A_IW_GRDH_1SDV_20200628T053552_20200628T053617_033213_03D905_D6DB_COG.csv.gz,True,,2020,2020-06-28,descending,66,sentinel-1a,1006,False,1,True,1006,0,1006,0,0,0,1006,1006,0,0,24,982
S1A_IW_GRDH_1SDV_20200628T053553_20200628T053618_033213_03D905_4DDF_COG,outputs\diagnostics\design_c\c2v\scene_checkpoints\primary\S1A_IW_GRDH_1SDV_20200628T053553_20200628T053618_033213_03D905_4DDF_COG.csv.gz,True,,2020,2020-06-28,descending,66,sentinel-1a,789,False,1,True,789,0,789,0,0,0,789,789,0,0,19,770
S1A_IW_GRDH_1SDV_20200629T172307_20200629T172332_033235_03D9B6_6B1E_COG,outputs\diagnostics\design_c\c2v\scene_checkpoints\primary\S1A_IW_GRDH_1SDV_20200629T172307_20200629T172332_033235_03D9B6_6B1E_COG.csv.gz,True,,2020,2020-06-29,ascending,88,sentinel-1a,3795,False,1,True,3795,0,3795,0,0,141,3654,3795,0,0,173,3622
S1A_IW_GRDH_1SDV_20200629T172307_20200629T172332_033235_03D9B6_F68E_COG,outputs\diagnostics\design_c\c2v\scene_checkpoints\primary\S1A_IW_GRDH_1SDV_20200629T172307_20200629T172332_033235_03D9B6_F68E_COG.csv.gz,True,,2020,2020-06-29,ascending,88,sentinel-1a,3795,False,1,True,3795,0,3795,0,0,141,3654,3795,0,0,174,3621
S1A_IW_GRDH_1SDV_20200629T172332_20200629T172357_033235_03D9B6_0287_COG,outputs\diagnostics\design_c\c2v\scene_checkpoints\primary\S1A_IW_GRDH_1SDV_20200629T172332_20200629T172357_033235_03D9B6_0287_COG.csv.gz,True,,2020,2020-06-29,ascending,88,sentinel-1a,0,True,0,True,0,0,0,0,0,0,0,0,0,0,0,0
S1A_IW_GRDH_1SDV_20200629T172332_20200629T172357_033235_03D9B6_6F6F_COG,outputs\diagnostics\design_c\c2v\scene_checkpoints\primary\S1A_IW_GRDH_1SDV_20200629T172332_20200629T172357_033235_03D9B6_6F6F_COG.csv.gz,True,,2020,2020-06-29,ascending,88,sentinel-1a,0,True,0,True,0,0,0,0,0,0,0,0,0,0,0,0
S1B_IW_GRDH_1SDV_20200629T052627_20200629T052652_022244_02A37D_4350_COG,outputs\diagnostics\design_c\c2v\scene_checkpoints\primary\S1B_IW_GRDH_1SDV_20200629T052627_20200629T052652_022244_02A37D_4350_COG.csv.gz,True,,2020,2020-06-29,descending,168,sentinel-1b,0,True,0,True,0,0,0,0,0,0,0,0,0,0,0,0
S1B_IW_GRDH_1SDV_20200629T052635_20200629T052700_022244_02A37D_9D6D_COG,outputs\diagnostics\design_c\c2v\scene_checkpoints\primary\S1B_IW_GRDH_1SDV_20200629T052635_20200629T052700_022244_02A37D_9D6D_COG.csv.gz,True,,2020,2020-06-29,descending,168,sentinel-1b,1646,False,1,True,1646,0,1646,0,0,284,1362,1646,0,0,293,1353
S1B_IW_GRDH_1SDV_20200629T052652_20200629T052717_022244_02A37D_C0FB_COG,outputs\diagnostics\design_c\c2v\scene_checkpoints\primary\S1B_IW_GRDH_1SDV_20200629T052652_20200629T052717_022244_02A37D_C0FB_COG.csv.gz,True,,2020,2020-06-29,descending,168,sentinel-1b,2395,False,1,True,2395,0,2395,0,0,282,2113,2395,0,0,300,2095
S1B_IW_GRDH_1SDV_20200629T052700_20200629T052725_022244_02A37D_5820_COG,outputs\diagnostics\design_c\c2v\scene_checkpoints\primary\S1B_IW_GRDH_1SDV_20200629T052700_20200629T052725_022244_02A37D_5820_COG.csv.gz,True,,2020,2020-06-29,descending,168,sentinel-1b,903,False,1,True,903,0,903,0,0,167,736,903,0,0,171,732
S1B_IW_GRDH_1SDV_20200630T171406_20200630T171431_022266_02A428_2C2B_COG,outputs\diagnostics\design_c\c2v\scene_checkpoints\primary\S1B_IW_GRDH_1SDV_20200630T171406_20200630T171431_022266_02A428_2C2B_COG.csv.gz,True,,2020,2020-06-30,ascending,15,sentinel-1b,1295,False,1,True,1295,0,1295,0,0,2,1293,1295,0,0,30,1265
S1B_IW_GRDH_1SDV_20200630T171406_20200630T171431_022266_02A428_AFC9_COG,outputs\diagnostics\design_c\c2v\scene_checkpoints\primary\S1B_IW_GRDH_1SDV_20200630T171406_20200630T171431_022266_02A428_AFC9_COG.csv.gz,True,,2020,2020-06-30,ascending,15,sentinel-1b,1295,False,1,True,1295,0,1295,0,0,2,1293,1295,0,0,30,1265
S1B_IW_GRDH_1SDV_20200630T171431_20200630T171456_022266_02A428_0E08_COG,outputs\diagnostics\design_c\c2v\scene_checkpoints\primary\S1B_IW_GRDH_1SDV_20200630T171431_20200630T171456_022266_02A428_0E08_COG.csv.gz,True,,2020,2020-06-30,ascending,15,sentinel-1b,3036,False,1,True,3036,0,3036,0,0,1,3035,3036,0,0,41,2995
S1B_IW_GRDH_1SDV_20200630T171431_20200630T171456_022266_02A428_9FA4_COG,outputs\diagnostics\design_c\c2v\scene_checkpoints\primary\S1B_IW_GRDH_1SDV_20200630T171431_20200630T171456_022266_02A428_9FA4_COG.csv.gz,True,,2020,2020-06-30,ascending,15,sentinel-1b,3036,False,1,True,3036,0,3036,0,0,1,3035,3036,0,0,41,2995
S1B_IW_GRDH_1SDV_20200704T053445_20200704T053510_022317_02A5BA_B9B3_COG,outputs\diagnostics\design_c\c2v\scene_checkpoints\primary\S1B_IW_GRDH_1SDV_20200704T053445_20200704T053510_022317_02A5BA_B9B3_COG.csv.gz,True,,2020,2020-07-04,descending,66,sentinel-1b,3172,False,1,True,3172,0,3172,0,0,2,3170,3172,0,0,31,3141
S1B_IW_GRDH_1SDV_20200704T053454_20200704T053519_022317_02A5BA_E9AF_COG,outputs\diagnostics\design_c\c2v\scene_checkpoints\primary\S1B_IW_GRDH_1SDV_20200704T053454_20200704T053519_022317_02A5BA_E9AF_COG.csv.gz,True,,2020,2020-07-04,descending,66,sentinel-1b,4331,False,1,True,4331,0,4331,0,0,1,4330,4331,0,0,40,4291
S1B_IW_GRDH_1SDV_20200704T053510_20200704T053535_022317_02A5BA_DF44_COG,outputs\diagnostics\design_c\c2v\scene_checkpoints\primary\S1B_IW_GRDH_1SDV_20200704T053510_20200704T053535_022317_02A5BA_DF44_COG.csv.gz,True,,2020,2020-07-04,descending,66,sentinel-1b,1159,False,1,True,1159,0,1159,0,0,1,1158,1159,0,0,16,1143
S1B_IW_GRDH_1SDV_20200705T172229_20200705T172254_022339_02A669_58B0_COG,outputs\diagnostics\design_c\c2v\scene_checkpoints\primary\S1B_IW_GRDH_1SDV_20200705T172229_20200705T172254_022339_02A669_58B0_COG.csv.gz,True,,2020,2020-07-05,ascending,88,sentinel-1b,3805,False,1,True,3805,0,3805,0,0,147,3658,3805,0,0,158,3647
S1B_IW_GRDH_1SDV_20200705T172229_20200705T172254_022339_02A669_8959_COG,outputs\diagnostics\design_c\c2v\scene_checkpoints\primary\S1B_IW_GRDH_1SDV_20200705T172229_20200705T172254_022339_02A669_8959_COG.csv.gz,True,,2020,2020-07-05,ascending,88,sentinel-1b,3805,False,1,True,3805,0,3805,0,0,147,3658,3805,0,0,157,3648
S1A_IW_GRDH_1SDV_20200705T052710_20200705T052735_033315_03DC22_AA93_COG,outputs\diagnostics\design_c\c2v\scene_checkpoints\primary\S1A_IW_GRDH_1SDV_20200705T052710_20200705T052735_033315_03DC22_AA93_COG.csv.gz,True,,2020,2020-07-05,descending,168,sentinel-1a,0,True,0,True,0,0,0,0,0,0,0,0,0,0,0,0
S1A_IW_GRDH_1SDV_20200705T052715_20200705T052740_033315_03DC22_8B5D_COG,outputs\diagnostics\design_c\c2v\scene_checkpoints\primary\S1A_IW_GRDH_1SDV_20200705T052715_20200705T052740_033315_03DC22_8B5D_COG.csv.gz,True,,2020,2020-07-05,descending,168,sentinel-1a,625,False,1,True,625,0,625,0,0,147,478,625,0,0,149,476
S1A_IW_GRDH_1SDV_20200705T052735_20200705T052800_033315_03DC22_29F5_COG,outputs\diagnostics\design_c\c2v\scene_checkpoints\primary\S1A_IW_GRDH_1SDV_20200705T052735_20200705T052800_033315_03DC22_29F5_COG.csv.gz,True,,2020,2020-07-05,descending,168,sentinel-1a,2419,False,1,True,2419,0,2419,0,0,301,2118,2419,0,0,317,2102
S1A_IW_GRDH_1SDV_20200705T052740_20200705T052805_033315_03DC22_8E7F_COG,outputs\diagnostics\design_c\c2v\scene_checkpoints\primary\S1A_IW_GRDH_1SDV_20200705T052740_20200705T052805_033315_03DC22_8E7F_COG.csv.gz,True,,2020,2020-07-05,descending,168,sentinel-1a,1992,False,1,True,1992,0,1992,0,0,360,1632,1992,0,0,366,1626
S1A_IW_GRDH_1SDV_20200706T171501_20200706T171526_033337_03DCC6_90BB_COG,outputs\diagnostics\design_c\c2v\scene_checkpoints\primary\S1A_IW_GRDH_1SDV_20200706T171501_20200706T171526_033337_03DCC6_90BB_COG.csv.gz,True,,2020,2020-07-06,ascending,15,sentinel-1a,4331,False,1,True,4331,0,4331,0,0,3,4328,4331,0,0,58,4273
S1A_IW_GRDH_1SDV_20200706T171501_20200706T171526_033337_03DCC6_C104_COG,outputs\diagnostics\design_c\c2v\scene_checkpoints\primary\S1A_IW_GRDH_1SDV_20200706T171501_20200706T171526_033337_03DCC6_C104_COG.csv.gz,True,,2020,2020-07-06,ascending,15,sentinel-1a,4331,False,1,True,4331,0,4331,0,0,3,4328,4331,0,0,58,4273
S1A_IW_GRDH_1SDV_20200710T053526_20200710T053551_033388_03DE53_D763_COG,outputs\diagnostics\design_c\c2v\scene_checkpoints\primary\S1A_IW_GRDH_1SDV_20200710T053526_20200710T053551_033388_03DE53_D763_COG.csv.gz,True,,2020,2020-07-10,descending,66,sentinel-1a,2189,False,1,True,2189,0,2189,0,0,1,2188,2189,0,0,30,2159
S1A_IW_GRDH_1SDV_20200710T053528_20200710T053553_033388_03DE53_134F_COG,outputs\diagnostics\design_c\c2v\scene_checkpoints\primary\S1A_IW_GRDH_1SDV_20200710T053528_20200710T053553_033388_03DE53_134F_COG.csv.gz,True,,2020,2020-07-10,descending,66,sentinel-1a,3327,False,1,True,3327,0,3327,0,0,0,3327,3327,0,0,26,3301
S1A_IW_GRDH_1SDV_20200710T053551_20200710T053616_033388_03DE53_92FF_COG,outputs\diagnostics\design_c\c2v\scene_checkpoints\primary\S1A_IW_GRDH_1SDV_20200710T053551_20200710T053616_033388_03DE53_92FF_COG.csv.gz,True,,2020,2020-07-10,descending,66,sentinel-1a,2142,False,1,True,2142,0,2142,0,0,0,2142,2142,0,0,33,2109
S1A_IW_GRDH_1SDV_20200710T053553_20200710T053618_033388_03DE53_3E6C_COG,outputs\diagnostics\design_c\c2v\scene_checkpoints\primary\S1A_IW_GRDH_1SDV_20200710T053553_20200710T053618_033388_03DE53_3E6C_COG.csv.gz,True,,2020,2020-07-10,descending,66,sentinel-1a,1004,False,1,True,1004,0,1004,0,0,0,1004,1004,0,0,4,1000
S1A_IW_GRDH_1SDV_20200711T172307_20200711T172332_033410_03DF06_3058_COG,outputs\diagnostics\design_c\c2v\scene_checkpoints\primary\S1A_IW_GRDH_1SDV_20200711T172307_20200711T172332_033410_03DF06_3058_COG.csv.gz,True,,2020,2020-07-11,ascending,88,sentinel-1a,3795,False,1,True,3795,0,3795,0,0,143,3652,3795,0,0,153,3642
S1A_IW_GRDH_1SDV_20200711T172307_20200711T172332_033410_03DF06_6663_COG,outputs\diagnostics\design_c\c2v\scene_checkpoints\primary\S1A_IW_GRDH_1SDV_20200711T172307_20200711T172332_033410_03DF06_6663_COG.csv.gz,True,,2020,2020-07-11,ascending,88,sentinel-1a,3795,False,1,True,3795,0,3795,0,0,143,3652,3795,0,0,153,3642
S1A_IW_GRDH_1SDV_20200711T172332_20200711T172357_033410_03DF06_12E6_COG,outputs\diagnostics\design_c\c2v\scene_checkpoints\primary\S1A_IW_GRDH_1SDV_20200711T172332_20200711T172357_033410_03DF06_12E6_COG.csv.gz,True,,2020,2020-07-11,ascending,88,sentinel-1a,0,True,0,True,0,0,0,0,0,0,0,0,0,0,0,0
S1A_IW_GRDH_1SDV_20200711T172332_20200711T172357_033410_03DF06_F831_COG,outputs\diagnostics\design_c\c2v\scene_checkpoints\primary\S1A_IW_GRDH_1SDV_20200711T172332_20200711T172357_033410_03DF06_F831_COG.csv.gz,True,,2020,2020-07-11,ascending,88,sentinel-1a,0,True,0,True,0,0,0,0,0,0,0,0,0,0,0,0
S1B_IW_GRDH_1SDV_20200711T052628_20200711T052653_022419_02A8D0_DFAF_COG,outputs\diagnostics\design_c\c2v\scene_checkpoints\primary\S1B_IW_GRDH_1SDV_20200711T052628_20200711T052653_022419_02A8D0_DFAF_COG.csv.gz,True,,2020,2020-07-11,descending,168,sentinel-1b,0,True,0,True,0,0,0,0,0,0,0,0,0,0,0,0
S1B_IW_GRDH_1SDV_20200711T052636_20200711T052701_022419_02A8D0_129B_COG,outputs\diagnostics\design_c\c2v\scene_checkpoints\primary\S1B_IW_GRDH_1SDV_20200711T052636_20200711T052701_022419_02A8D0_129B_COG.csv.gz,True,,2020,2020-07-11,descending,168,sentinel-1b,1648,False,1,True,1648,0,1648,0,0,276,1372,1648,0,0,276,1372
S1B_IW_GRDH_1SDV_20200711T052653_20200711T052718_022419_02A8D0_2E55_COG,outputs\diagnostics\design_c\c2v\scene_checkpoints\primary\S1B_IW_GRDH_1SDV_20200711T052653_20200711T052718_022419_02A8D0_2E55_COG.csv.gz,True,,2020,2020-07-11,descending,168,sentinel-1b,2396,False,1,True,2396,0,2396,0,0,280,2116,2396,0,0,286,2110
S1B_IW_GRDH_1SDV_20200711T052701_20200711T052726_022419_02A8D0_AEAF_COG,outputs\diagnostics\design_c\c2v\scene_checkpoints\primary\S1B_IW_GRDH_1SDV_20200711T052701_20200711T052726_022419_02A8D0_AEAF_COG.csv.gz,True,,2020,2020-07-11,descending,168,sentinel-1b,903,False,1,True,903,0,903,0,0,167,736,903,0,0,172,731
S1B_IW_GRDH_1SDV_20200712T171407_20200712T171431_022441_02A977_2B36_COG,outputs\diagnostics\design_c\c2v\scene_checkpoints\primary\S1B_IW_GRDH_1SDV_20200712T171407_20200712T171431_022441_02A977_2B36_COG.csv.gz,True,,2020,2020-07-12,ascending,15,sentinel-1b,1295,False,1,True,1295,0,1295,0,0,0,1295,1295,0,0,14,1281
S1B_IW_GRDH_1SDV_20200712T171407_20200712T171431_022441_02A977_56E1_COG,outputs\diagnostics\design_c\c2v\scene_checkpoints\primary\S1B_IW_GRDH_1SDV_20200712T171407_20200712T171431_022441_02A977_56E1_COG.csv.gz,True,,2020,2020-07-12,ascending,15,sentinel-1b,1295,False,1,True,1295,0,1295,0,0,0,1295,1295,0,0,14,1281
S1B_IW_GRDH_1SDV_20200712T171432_20200712T171456_022441_02A977_1D82_COG,outputs\diagnostics\design_c\c2v\scene_checkpoints\primary\S1B_IW_GRDH_1SDV_20200712T171432_20200712T171456_022441_02A977_1D82_COG.csv.gz,True,,2020,2020-07-12,ascending,15,sentinel-1b,3035,False,1,True,3035,0,3035,0,0,0,3035,3035,0,0,24,3011
S1B_IW_GRDH_1SDV_20200712T171432_20200712T171456_022441_02A977_675E_COG,outputs\diagnostics\design_c\c2v\scene_checkpoints\primary\S1B_IW_GRDH_1SDV_20200712T171432_20200712T171456_022441_02A977_675E_COG.csv.gz,True,,2020,2020-07-12,ascending,15,sentinel-1b,3035,False,1,True,3035,0,3035,0,0,0,3035,3035,0,0,24,3011
S1B_IW_GRDH_1SDV_20200716T053446_20200716T053511_022492_02AB06_1455_COG,outputs\diagnostics\design_c\c2v\scene_checkpoints\primary\S1B_IW_GRDH_1SDV_20200716T053446_20200716T053511_022492_02AB06_1455_COG.csv.gz,True,,2020,2020-07-16,descending,66,sentinel-1b,3440,False,1,True,3440,0,3440,0,0,0,3440,3440,0,0,6,3434
S1B_IW_GRDH_1SDV_20200716T053455_20200716T053520_022492_02AB06_34E9_COG,outputs\diagnostics\design_c\c2v\scene_checkpoints\primary\S1B_IW_GRDH_1SDV_20200716T053455_20200716T053520_022492_02AB06_34E9_COG.csv.gz,True,,2020,2020-07-16,descending,66,sentinel-1b,4331,False,1,True,4331,0,4331,0,0,0,4331,4331,0,0,20,4311
S1B_IW_GRDH_1SDV_20200716T053511_20200716T053536_022492_02AB06_E10B_COG,outputs\diagnostics\design_c\c2v\scene_checkpoints\primary\S1B_IW_GRDH_1SDV_20200716T053511_20200716T053536_022492_02AB06_E10B_COG.csv.gz,True,,2020,2020-07-16,descending,66,sentinel-1b,891,False,1,True,891,0,891,0,0,0,891,891,0,0,4,887
S1B_IW_GRDH_1SDV_20200717T172229_20200717T172254_022514_02ABB6_6316_COG,outputs\diagnostics\design_c\c2v\scene_checkpoints\primary\S1B_IW_GRDH_1SDV_20200717T172229_20200717T172254_022514_02ABB6_6316_COG.csv.gz,True,,2020,2020-07-17,ascending,88,sentinel-1b,3804,False,1,True,3804,0,3804,0,0,148,3656,3804,0,0,157,3647
S1B_IW_GRDH_1SDV_20200717T172229_20200717T172254_022514_02ABB6_8638_COG,outputs\diagnostics\design_c\c2v\scene_checkpoints\primary\S1B_IW_GRDH_1SDV_20200717T172229_20200717T172254_022514_02ABB6_8638_COG.csv.gz,True,,2020,2020-07-17,ascending,88,sentinel-1b,3804,False,1,True,3804,0,3804,0,0,148,3656,3804,0,0,157,3647
S1A_IW_GRDH_1SDV_20200717T052710_20200717T052735_033490_03E17A_CBAD_COG,outputs\diagnostics\design_c\c2v\scene_checkpoints\primary\S1A_IW_GRDH_1SDV_20200717T052710_20200717T052735_033490_03E17A_CBAD_COG.csv.gz,True,,2020,2020-07-17,descending,168,sentinel-1a,0,True,0,True,0,0,0,0,0,0,0,0,0,0,0,0
S1A_IW_GRDH_1SDV_20200717T052716_20200717T052741_033490_03E17A_E443_COG,outputs\diagnostics\design_c\c2v\scene_checkpoints\primary\S1A_IW_GRDH_1SDV_20200717T052716_20200717T052741_033490_03E17A_E443_COG.csv.gz,True,,2020,2020-07-17,descending,168,sentinel-1a,623,False,1,True,623,0,623,0,0,147,476,623,0,0,149,474
S1A_IW_GRDH_1SDV_20200717T052735_20200717T052800_033490_03E17A_A7DC_COG,outputs\diagnostics\design_c\c2v\scene_checkpoints\primary\S1A_IW_GRDH_1SDV_20200717T052735_20200717T052800_033490_03E17A_A7DC_COG.csv.gz,True,,2020,2020-07-17,descending,168,sentinel-1a,2415,False,1,True,2415,0,2415,0,0,300,2115,2415,0,0,313,2102
S1A_IW_GRDH_1SDV_20200717T052741_20200717T052806_033490_03E17A_0A22_COG,outputs\diagnostics\design_c\c2v\scene_checkpoints\primary\S1A_IW_GRDH_1SDV_20200717T052741_20200717T052806_033490_03E17A_0A22_COG.csv.gz,True,,2020,2020-07-17,descending,168,sentinel-1a,1991,False,1,True,1991,0,1991,0,0,360,1631,1991,0,0,366,1625
S1A_IW_GRDH_1SDV_20200718T171501_20200718T171526_033512_03E220_15E5_COG,outputs\diagnostics\design_c\c2v\scene_checkpoints\primary\S1A_IW_GRDH_1SDV_20200718T171501_20200718T171526_033512_03E220_15E5_COG.csv.gz,True,,2020,2020-07-18,ascending,15,sentinel-1a,4331,False,1,True,4331,0,4331,0,0,0,4331,4331,0,0,37,4294
S1A_IW_GRDH_1SDV_20200718T171501_20200718T171526_033512_03E220_FDAC_COG,outputs\diagnostics\design_c\c2v\scene_checkpoints\primary\S1A_IW_GRDH_1SDV_20200718T171501_20200718T171526_033512_03E220_FDAC_COG.csv.gz,True,,2020,2020-07-18,ascending,15,sentinel-1a,4331,False,1,True,4331,0,4331,0,0,0,4331,4331,0,0,37,4294
S1A_IW_GRDH_1SDV_20200722T053529_20200722T053554_033563_03E3B0_B022_COG,outputs\diagnostics\design_c\c2v\scene_checkpoints\primary\S1A_IW_GRDH_1SDV_20200722T053529_20200722T053554_033563_03E3B0_B022_COG.csv.gz,True,,2020,2020-07-22,descending,66,sentinel-1a,3329,False,1,True,3329,0,3329,0,0,0,3329,3329,0,0,25,3304
S1A_IW_GRDH_1SDV_20200722T053529_20200722T053554_033563_03E3B0_E743_COG,outputs\diagnostics\design_c\c2v\scene_checkpoints\primary\S1A_IW_GRDH_1SDV_20200722T053529_20200722T053554_033563_03E3B0_E743_COG.csv.gz,True,,2020,2020-07-22,descending,66,sentinel-1a,3708,False,1,True,3708,0,3708,0,0,1,3707,3708,0,0,30,3678
S1A_IW_GRDH_1SDV_20200722T053554_20200722T053619_033563_03E3B0_6A2C_COG,outputs\diagnostics\design_c\c2v\scene_checkpoints\primary\S1A_IW_GRDH_1SDV_20200722T053554_20200722T053619_033563_03E3B0_6A2C_COG.csv.gz,True,,2020,2020-07-22,descending,66,sentinel-1a,1002,False,1,True,1002,0,1002,0,0,0,1002,1002,0,0,8,994
S1A_IW_GRDH_1SDV_20200722T053554_20200722T053619_033563_03E3B0_F71F_COG,outputs\diagnostics\design_c\c2v\scene_checkpoints\primary\S1A_IW_GRDH_1SDV_20200722T053554_20200722T053619_033563_03E3B0_F71F_COG.csv.gz,True,,2020,2020-07-22,descending,66,sentinel-1a,623,False,1,True,623,0,623,0,0,0,623,623,0,0,3,620
S1A_IW_GRDH_1SDV_20200723T172308_20200723T172333_033585_03E467_29C2_COG,outputs\diagnostics\design_c\c2v\scene_checkpoints\primary\S1A_IW_GRDH_1SDV_20200723T172308_20200723T172333_033585_03E467_29C2_COG.csv.gz,True,,2020,2020-07-23,ascending,88,sentinel-1a,3796,False,1,True,3796,0,3796,0,0,142,3654,3796,0,0,153,3643
S1A_IW_GRDH_1SDV_20200723T172308_20200723T172333_033585_03E467_815B_COG,outputs\diagnostics\design_c\c2v\scene_checkpoints\primary\S1A_IW_GRDH_1SDV_20200723T172308_20200723T172333_033585_03E467_815B_COG.csv.gz,True,,2020,2020-07-23,ascending,88,sentinel-1a,3796,False,1,True,3796,0,3796,0,0,142,3654,3796,0,0,153,3643
S1A_IW_GRDH_1SDV_20200723T172333_20200723T172358_033585_03E467_877E_COG,outputs\diagnostics\design_c\c2v\scene_checkpoints\primary\S1A_IW_GRDH_1SDV_20200723T172333_20200723T172358_033585_03E467_877E_COG.csv.gz,True,,2020,2020-07-23,ascending,88,sentinel-1a,0,True,0,True,0,0,0,0,0,0,0,0,0,0,0,0
S1A_IW_GRDH_1SDV_20200723T172333_20200723T172358_033585_03E467_BA85_COG,outputs\diagnostics\design_c\c2v\scene_checkpoints\primary\S1A_IW_GRDH_1SDV_20200723T172333_20200723T172358_033585_03E467_BA85_COG.csv.gz,True,,2020,2020-07-23,ascending,88,sentinel-1a,0,True,0,True,0,0,0,0,0,0,0,0,0,0,0,0
S1B_IW_GRDH_1SDV_20200723T052628_20200723T052653_022594_02AE21_7D1E_COG,outputs\diagnostics\design_c\c2v\scene_checkpoints\primary\S1B_IW_GRDH_1SDV_20200723T052628_20200723T052653_022594_02AE21_7D1E_COG.csv.gz,True,,2020,2020-07-23,descending,168,sentinel-1b,0,True,0,True,0,0,0,0,0,0,0,0,0,0,0,0
S1B_IW_GRDH_1SDV_20200723T052636_20200723T052701_022594_02AE21_E825_COG,outputs\diagnostics\design_c\c2v\scene_checkpoints\primary\S1B_IW_GRDH_1SDV_20200723T052636_20200723T052701_022594_02AE21_E825_COG.csv.gz,True,,2020,2020-07-23,descending,168,sentinel-1b,1650,False,1,True,1650,0,1650,0,0,277,1373,1650,0,0,277,1373
S1B_IW_GRDH_1SDV_20200723T052653_20200723T052718_022594_02AE21_77D7_COG,outputs\diagnostics\design_c\c2v\scene_checkpoints\primary\S1B_IW_GRDH_1SDV_20200723T052653_20200723T052718_022594_02AE21_77D7_COG.csv.gz,True,,2020,2020-07-23,descending,168,sentinel-1b,2397,False,1,True,2397,0,2397,0,0,279,2118,2397,0,0,283,2114
S1B_IW_GRDH_1SDV_20200723T052701_20200723T052726_022594_02AE21_2758_COG,outputs\diagnostics\design_c\c2v\scene_checkpoints\primary\S1B_IW_GRDH_1SDV_20200723T052701_20200723T052726_022594_02AE21_2758_COG.csv.gz,True,,2020,2020-07-23,descending,168,sentinel-1b,904,False,1,True,904,0,904,0,0,167,737,904,0,0,173,731
S1B_IW_GRDH_1SDV_20200724T171407_20200724T171432_022616_02AEC5_3067_COG,outputs\diagnostics\design_c\c2v\scene_checkpoints\primary\S1B_IW_GRDH_1SDV_20200724T171407_20200724T171432_022616_02AEC5_3067_COG.csv.gz,True,,2020,2020-07-24,ascending,15,sentinel-1b,1297,False,1,True,1297,0,1297,0,0,0,1297,1297,0,0,5,1292
S1B_IW_GRDH_1SDV_20200724T171407_20200724T171432_022616_02AEC5_A096_COG,outputs\diagnostics\design_c\c2v\scene_checkpoints\primary\S1B_IW_GRDH_1SDV_20200724T171407_20200724T171432_022616_02AEC5_A096_COG.csv.gz,True,,2020,2020-07-24,ascending,15,sentinel-1b,1297,False,1,True,1297,0,1297,0,0,0,1297,1297,0,0,5,1292
S1B_IW_GRDH_1SDV_20200724T171432_20200724T171457_022616_02AEC5_3918_COG,outputs\diagnostics\design_c\c2v\scene_checkpoints\primary\S1B_IW_GRDH_1SDV_20200724T171432_20200724T171457_022616_02AEC5_3918_COG.csv.gz,True,,2020,2020-07-24,ascending,15,sentinel-1b,3034,False,1,True,3034,0,3034,0,0,0,3034,3034,0,0,10,3024
S1B_IW_GRDH_1SDV_20200724T171432_20200724T171457_022616_02AEC5_75DA_COG,outputs\diagnostics\design_c\c2v\scene_checkpoints\primary\S1B_IW_GRDH_1SDV_20200724T171432_20200724T171457_022616_02AEC5_75DA_COG.csv.gz,True,,2020,2020-07-24,ascending,15,sentinel-1b,3034,False,1,True,3034,0,3034,0,0,0,3034,3034,0,0,10,3024
S1B_IW_GRDH_1SDV_20200728T053447_20200728T053512_022667_02B05D_E9CE_COG,outputs\diagnostics\design_c\c2v\scene_checkpoints\primary\S1B_IW_GRDH_1SDV_20200728T053447_20200728T053512_022667_02B05D_E9CE_COG.csv.gz,True,,2020,2020-07-28,descending,66,sentinel-1b,3373,False,1,True,3373,0,3373,0,0,0,3373,3373,0,0,12,3361
S1B_IW_GRDH_1SDV_20200728T053455_20200728T053520_022667_02B05D_50CE_COG,outputs\diagnostics\design_c\c2v\scene_checkpoints\primary\S1B_IW_GRDH_1SDV_20200728T053455_20200728T053520_022667_02B05D_50CE_COG.csv.gz,True,,2020,2020-07-28,descending,66,sentinel-1b,4331,False,1,True,4331,0,4331,0,0,0,4331,4331,0,0,11,4320
S1B_IW_GRDH_1SDV_20200728T053512_20200728T053537_022667_02B05D_05D2_COG,outputs\diagnostics\design_c\c2v\scene_checkpoints\primary\S1B_IW_GRDH_1SDV_20200728T053512_20200728T053537_022667_02B05D_05D2_COG.csv.gz,True,,2020,2020-07-28,descending,66,sentinel-1b,958,False,1,True,958,0,958,0,0,0,958,958,0,0,4,954
S1B_IW_GRDH_1SDV_20200729T172230_20200729T172255_022689_02B10A_87CA_COG,outputs\diagnostics\design_c\c2v\scene_checkpoints\primary\S1B_IW_GRDH_1SDV_20200729T172230_20200729T172255_022689_02B10A_87CA_COG.csv.gz,True,,2020,2020-07-29,ascending,88,sentinel-1b,3801,False,1,True,3801,0,3801,0,0,148,3653,3801,0,0,153,3648
S1B_IW_GRDH_1SDV_20200729T172230_20200729T172255_022689_02B10A_8CB5_COG,outputs\diagnostics\design_c\c2v\scene_checkpoints\primary\S1B_IW_GRDH_1SDV_20200729T172230_20200729T172255_022689_02B10A_8CB5_COG.csv.gz,True,,2020,2020-07-29,ascending,88,sentinel-1b,3801,False,1,True,3801,0,3801,0,0,148,3653,3801,0,0,153,3648
S1A_IW_GRDH_1SDV_20200729T052711_20200729T052736_033665_03E6D8_062E_COG,outputs\diagnostics\design_c\c2v\scene_checkpoints\primary\S1A_IW_GRDH_1SDV_20200729T052711_20200729T052736_033665_03E6D8_062E_COG.csv.gz,True,,2020,2020-07-29,descending,168,sentinel-1a,0,True,0,True,0,0,0,0,0,0,0,0,0,0,0,0
S1A_IW_GRDH_1SDV_20200729T052717_20200729T052741_033665_03E6D8_FDB1_COG,outputs\diagnostics\design_c\c2v\scene_checkpoints\primary\S1A_IW_GRDH_1SDV_20200729T052717_20200729T052741_033665_03E6D8_FDB1_COG.csv.gz,True,,2020,2020-07-29,descending,168,sentinel-1a,626,False,1,True,626,0,626,0,0,147,479,626,0,0,151,475
S1A_IW_GRDH_1SDV_20200729T052736_20200729T052801_033665_03E6D8_7407_COG,outputs\diagnostics\design_c\c2v\scene_checkpoints\primary\S1A_IW_GRDH_1SDV_20200729T052736_20200729T052801_033665_03E6D8_7407_COG.csv.gz,True,,2020,2020-07-29,descending,168,sentinel-1a,2420,False,1,True,2420,0,2420,0,0,299,2121,2420,0,0,311,2109
S1A_IW_GRDH_1SDV_20200729T052741_20200729T052806_033665_03E6D8_549F_COG,outputs\diagnostics\design_c\c2v\scene_checkpoints\primary\S1A_IW_GRDH_1SDV_20200729T052741_20200729T052806_033665_03E6D8_549F_COG.csv.gz,True,,2020,2020-07-29,descending,168,sentinel-1a,1994,False,1,True,1994,0,1994,0,0,361,1633,1994,0,0,365,1629
S1A_IW_GRDH_1SDV_20200730T171502_20200730T171527_033687_03E77E_0835_COG,outputs\diagnostics\design_c\c2v\scene_checkpoints\primary\S1A_IW_GRDH_1SDV_20200730T171502_20200730T171527_033687_03E77E_0835_COG.csv.gz,True,,2020,2020-07-30,ascending,15,sentinel-1a,4331,False,1,True,4331,0,4331,0,0,1,4330,4331,0,0,33,4298
S1A_IW_GRDH_1SDV_20200730T171502_20200730T171527_033687_03E77E_DB38_COG,outputs\diagnostics\design_c\c2v\scene_checkpoints\primary\S1A_IW_GRDH_1SDV_20200730T171502_20200730T171527_033687_03E77E_DB38_COG.csv.gz,True,,2020,2020-07-30,ascending,15,sentinel-1a,4331,False,1,True,4331,0,4331,0,0,1,4330,4331,0,0,33,4298
S1A_IW_GRDH_1SDV_20200803T053529_20200803T053554_033738_03E909_12B4_COG,outputs\diagnostics\design_c\c2v\scene_checkpoints\primary\S1A_IW_GRDH_1SDV_20200803T053529_20200803T053554_033738_03E909_12B4_COG.csv.gz,True,,2020,2020-08-03,descending,66,sentinel-1a,3329,False,1,True,3329,0,3329,0,0,1,3328,3329,0,0,21,3308
S1A_IW_GRDH_1SDV_20200803T053529_20200803T053554_033738_03E909_EBAB_COG,outputs\diagnostics\design_c\c2v\scene_checkpoints\primary\S1A_IW_GRDH_1SDV_20200803T053529_20200803T053554_033738_03E909_EBAB_COG.csv.gz,True,,2020,2020-08-03,descending,66,sentinel-1a,3352,False,1,True,3352,0,3352,0,0,1,3351,3352,0,0,19,3333
S1A_IW_GRDH_1SDV_20200803T053554_20200803T053619_033738_03E909_9DF8_COG,outputs\diagnostics\design_c\c2v\scene_checkpoints\primary\S1A_IW_GRDH_1SDV_20200803T053554_20200803T053619_033738_03E909_9DF8_COG.csv.gz,True,,2020,2020-08-03,descending,66,sentinel-1a,1002,False,1,True,1002,0,1002,0,0,0,1002,1002,0,0,4,998
S1A_IW_GRDH_1SDV_20200803T053554_20200803T053619_033738_03E909_D52D_COG,outputs\diagnostics\design_c\c2v\scene_checkpoints\primary\S1A_IW_GRDH_1SDV_20200803T053554_20200803T053619_033738_03E909_D52D_COG.csv.gz,True,,2020,2020-08-03,descending,66,sentinel-1a,979,False,1,True,979,0,979,0,0,0,979,979,0,0,4,975
S1A_IW_GRDH_1SDV_20200804T172309_20200804T172334_033760_03E9BC_1557_COG,outputs\diagnostics\design_c\c2v\scene_checkpoints\primary\S1A_IW_GRDH_1SDV_20200804T172309_20200804T172334_033760_03E9BC_1557_COG.csv.gz,True,,2020,2020-08-04,ascending,88,sentinel-1a,3796,False,1,True,3796,0,3796,0,0,143,3653,3796,0,0,150,3646
S1A_IW_GRDH_1SDV_20200804T172309_20200804T172334_033760_03E9BC_63F2_COG,outputs\diagnostics\design_c\c2v\scene_checkpoints\primary\S1A_IW_GRDH_1SDV_20200804T172309_20200804T172334_033760_03E9BC_63F2_COG.csv.gz,True,,2020,2020-08-04,ascending,88,sentinel-1a,3796,False,1,True,3796,0,3796,0,0,143,3653,3796,0,0,150,3646
S1A_IW_GRDH_1SDV_20200804T172334_20200804T172359_033760_03E9BC_396D_COG,outputs\diagnostics\design_c\c2v\scene_checkpoints\primary\S1A_IW_GRDH_1SDV_20200804T172334_20200804T172359_033760_03E9BC_396D_COG.csv.gz,True,,2020,2020-08-04,ascending,88,sentinel-1a,0,True,0,True,0,0,0,0,0,0,0,0,0,0,0,0
S1A_IW_GRDH_1SDV_20200804T172334_20200804T172359_033760_03E9BC_7D80_COG,outputs\diagnostics\design_c\c2v\scene_checkpoints\primary\S1A_IW_GRDH_1SDV_20200804T172334_20200804T172359_033760_03E9BC_7D80_COG.csv.gz,True,,2020,2020-08-04,ascending,88,sentinel-1a,0,True,0,True,0,0,0,0,0,0,0,0,0,0,0,0
S1B_IW_GRDH_1SDV_20200804T052629_20200804T052654_022769_02B36C_2A7D_COG,outputs\diagnostics\design_c\c2v\scene_checkpoints\primary\S1B_IW_GRDH_1SDV_20200804T052629_20200804T052654_022769_02B36C_2A7D_COG.csv.gz,True,,2020,2020-08-04,descending,168,sentinel-1b,0,True,0,True,0,0,0,0,0,0,0,0,0,0,0,0
S1B_IW_GRDH_1SDV_20200804T052637_20200804T052702_022769_02B36C_7383_COG,outputs\diagnostics\design_c\c2v\scene_checkpoints\primary\S1B_IW_GRDH_1SDV_20200804T052637_20200804T052702_022769_02B36C_7383_COG.csv.gz,True,,2020,2020-08-04,descending,168,sentinel-1b,1656,False,1,True,1656,0,1656,0,0,283,1373,1656,0,0,286,1370
S1B_IW_GRDH_1SDV_20200804T052654_20200804T052719_022769_02B36C_9ABE_COG,outputs\diagnostics\design_c\c2v\scene_checkpoints\primary\S1B_IW_GRDH_1SDV_20200804T052654_20200804T052719_022769_02B36C_9ABE_COG.csv.gz,True,,2020,2020-08-04,descending,168,sentinel-1b,2402,False,1,True,2402,0,2402,0,0,281,2121,2402,0,0,282,2120
S1B_IW_GRDH_1SDV_20200804T052702_20200804T052727_022769_02B36C_28DE_COG,outputs\diagnostics\design_c\c2v\scene_checkpoints\primary\S1B_IW_GRDH_1SDV_20200804T052702_20200804T052727_022769_02B36C_28DE_COG.csv.gz,True,,2020,2020-08-04,descending,168,sentinel-1b,906,False,1,True,906,0,906,0,0,168,738,906,0,0,171,735
S1B_IW_GRDH_1SDV_20200805T171408_20200805T171433_022791_02B417_442B_COG,outputs\diagnostics\design_c\c2v\scene_checkpoints\primary\S1B_IW_GRDH_1SDV_20200805T171408_20200805T171433_022791_02B417_442B_COG.csv.gz,True,,2020,2020-08-05,ascending,15,sentinel-1b,1298,False,1,True,1298,0,1298,0,0,0,1298,1298,0,0,8,1290
S1B_IW_GRDH_1SDV_20200805T171408_20200805T171433_022791_02B417_5EF3_COG,outputs\diagnostics\design_c\c2v\scene_checkpoints\primary\S1B_IW_GRDH_1SDV_20200805T171408_20200805T171433_022791_02B417_5EF3_COG.csv.gz,True,,2020,2020-08-05,ascending,15,sentinel-1b,1298,False,1,True,1298,0,1298,0,0,0,1298,1298,0,0,8,1290
S1B_IW_GRDH_1SDV_20200805T171433_20200805T171458_022791_02B417_3B4A_COG,outputs\diagnostics\design_c\c2v\scene_checkpoints\primary\S1B_IW_GRDH_1SDV_20200805T171433_20200805T171458_022791_02B417_3B4A_COG.csv.gz,True,,2020,2020-08-05,ascending,15,sentinel-1b,3033,False,1,True,3033,0,3033,0,0,1,3032,3033,0,0,17,3016
S1B_IW_GRDH_1SDV_20200805T171433_20200805T171458_022791_02B417_5981_COG,outputs\diagnostics\design_c\c2v\scene_checkpoints\primary\S1B_IW_GRDH_1SDV_20200805T171433_20200805T171458_022791_02B417_5981_COG.csv.gz,True,,2020,2020-08-05,ascending,15,sentinel-1b,3033,False,1,True,3033,0,3033,0,0,1,3032,3033,0,0,17,3016
S1B_IW_GRDH_1SDV_20200809T053449_20200809T053514_022842_02B5BB_E8F0_COG,outputs\diagnostics\design_c\c2v\scene_checkpoints\primary\S1B_IW_GRDH_1SDV_20200809T053449_20200809T053514_022842_02B5BB_E8F0_COG.csv.gz,True,,2020,2020-08-09,descending,66,sentinel-1b,3701,False,1,True,3701,0,3701,0,0,0,3701,3701,0,0,12,3689
S1B_IW_GRDH_1SDV_20200809T053456_20200809T053521_022842_02B5BB_D36D_COG,outputs\diagnostics\design_c\c2v\scene_checkpoints\primary\S1B_IW_GRDH_1SDV_20200809T053456_20200809T053521_022842_02B5BB_D36D_COG.csv.gz,True,,2020,2020-08-09,descending,66,sentinel-1b,4331,False,1,True,4331,0,4331,0,0,0,4331,4331,0,0,11,4320
S1B_IW_GRDH_1SDV_20200809T053514_20200809T053539_022842_02B5BB_D535_COG,outputs\diagnostics\design_c\c2v\scene_checkpoints\primary\S1B_IW_GRDH_1SDV_20200809T053514_20200809T053539_022842_02B5BB_D535_COG.csv.gz,True,,2020,2020-08-09,descending,66,sentinel-1b,630,False,1,True,630,0,630,0,0,0,630,630,0,0,3,627
S1B_IW_GRDH_1SDV_20200810T172231_20200810T172256_022864_02B66E_03E3_COG,outputs\diagnostics\design_c\c2v\scene_checkpoints\primary\S1B_IW_GRDH_1SDV_20200810T172231_20200810T172256_022864_02B66E_03E3_COG.csv.gz,True,,2020,2020-08-10,ascending,88,sentinel-1b,3800,False,1,True,3800,0,3800,0,0,149,3651,3800,0,0,155,3645
S1B_IW_GRDH_1SDV_20200810T172231_20200810T172256_022864_02B66E_4519_COG,outputs\diagnostics\design_c\c2v\scene_checkpoints\primary\S1B_IW_GRDH_1SDV_20200810T172231_20200810T172256_022864_02B66E_4519_COG.csv.gz,True,,2020,2020-08-10,ascending,88,sentinel-1b,3800,False,1,True,3800,0,3800,0,0,149,3651,3800,0,0,155,3645
S1A_IW_GRDH_1SDV_20200810T052712_20200810T052737_033840_03EC7E_D41C_COG,outputs\diagnostics\design_c\c2v\scene_checkpoints\primary\S1A_IW_GRDH_1SDV_20200810T052712_20200810T052737_033840_03EC7E_D41C_COG.csv.gz,True,,2020,2020-08-10,descending,168,sentinel-1a,0,True,0,True,0,0,0,0,0,0,0,0,0,0,0,0
S1A_IW_GRDH_1SDV_20200810T052717_20200810T052742_033840_03EC7E_670A_COG,outputs\diagnostics\design_c\c2v\scene_checkpoints\primary\S1A_IW_GRDH_1SDV_20200810T052717_20200810T052742_033840_03EC7E_670A_COG.csv.gz,True,,2020,2020-08-10,descending,168,sentinel-1a,624,False,1,True,624,0,624,0,0,147,477,624,0,0,147,477
S1A_IW_GRDH_1SDV_20200810T052737_20200810T052802_033840_03EC7E_3123_COG,outputs\diagnostics\design_c\c2v\scene_checkpoints\primary\S1A_IW_GRDH_1SDV_20200810T052737_20200810T052802_033840_03EC7E_3123_COG.csv.gz,True,,2020,2020-08-10,descending,168,sentinel-1a,2421,False,1,True,2421,0,2421,0,0,304,2117,2421,0,0,308,2113
S1A_IW_GRDH_1SDV_20200810T052742_20200810T052807_033840_03EC7E_A363_COG,outputs\diagnostics\design_c\c2v\scene_checkpoints\primary\S1A_IW_GRDH_1SDV_20200810T052742_20200810T052807_033840_03EC7E_A363_COG.csv.gz,True,,2020,2020-08-10,descending,168,sentinel-1a,1990,False,1,True,1990,0,1990,0,0,361,1629,1990,0,0,362,1628
S1A_IW_GRDH_1SDV_20200811T171503_20200811T171528_033862_03ED41_7BC1_COG,outputs\diagnostics\design_c\c2v\scene_checkpoints\primary\S1A_IW_GRDH_1SDV_20200811T171503_20200811T171528_033862_03ED41_7BC1_COG.csv.gz,True,,2020,2020-08-11,ascending,15,sentinel-1a,4331,False,1,True,4331,0,4331,0,0,3,4328,4331,0,0,32,4299
S1A_IW_GRDH_1SDV_20200815T053530_20200815T053555_033913_03EF0C_5113_COG,outputs\diagnostics\design_c\c2v\scene_checkpoints\primary\S1A_IW_GRDH_1SDV_20200815T053530_20200815T053555_033913_03EF0C_5113_COG.csv.gz,True,,2020,2020-08-15,descending,66,sentinel-1a,3329,False,1,True,3329,0,3329,0,0,1,3328,3329,0,0,11,3318
S1A_IW_GRDH_1SDV_20200815T053530_20200815T053555_033913_03EF0C_655B_COG,outputs\diagnostics\design_c\c2v\scene_checkpoints\primary\S1A_IW_GRDH_1SDV_20200815T053530_20200815T053555_033913_03EF0C_655B_COG.csv.gz,True,,2020,2020-08-15,descending,66,sentinel-1a,3521,False,1,True,3521,0,3521,0,0,0,3521,3521,0,0,14,3507
S1A_IW_GRDH_1SDV_20200815T053555_20200815T053620_033913_03EF0C_AD44_COG,outputs\diagnostics\design_c\c2v\scene_checkpoints\primary\S1A_IW_GRDH_1SDV_20200815T053555_20200815T053620_033913_03EF0C_AD44_COG.csv.gz,True,,2020,2020-08-15,descending,66,sentinel-1a,1002,False,1,True,1002,0,1002,0,0,0,1002,1002,0,0,9,993
S1A_IW_GRDH_1SDV_20200815T053555_20200815T053620_033913_03EF0C_F272_COG,outputs\diagnostics\design_c\c2v\scene_checkpoints\primary\S1A_IW_GRDH_1SDV_20200815T053555_20200815T053620_033913_03EF0C_F272_COG.csv.gz,True,,2020,2020-08-15,descending,66,sentinel-1a,810,False,1,True,810,0,810,0,0,0,810,810,0,0,7,803
S1A_IW_GRDH_1SDV_20200816T172310_20200816T172335_033935_03EFD4_8AC8_COG,outputs\diagnostics\design_c\c2v\scene_checkpoints\primary\S1A_IW_GRDH_1SDV_20200816T172310_20200816T172335_033935_03EFD4_8AC8_COG.csv.gz,True,,2020,2020-08-16,ascending,88,sentinel-1a,3795,False,1,True,3795,0,3795,0,0,143,3652,3795,0,0,148,3647
S1A_IW_GRDH_1SDV_20200816T172310_20200816T172335_033935_03EFD4_9EA3_COG,outputs\diagnostics\design_c\c2v\scene_checkpoints\primary\S1A_IW_GRDH_1SDV_20200816T172310_20200816T172335_033935_03EFD4_9EA3_COG.csv.gz,True,,2020,2020-08-16,ascending,88,sentinel-1a,3795,False,1,True,3795,0,3795,0,0,143,3652,3795,0,0,149,3646
S1A_IW_GRDH_1SDV_20200816T172335_20200816T172400_033935_03EFD4_48DF_COG,outputs\diagnostics\design_c\c2v\scene_checkpoints\primary\S1A_IW_GRDH_1SDV_20200816T172335_20200816T172400_033935_03EFD4_48DF_COG.csv.gz,True,,2020,2020-08-16,ascending,88,sentinel-1a,0,True,0,True,0,0,0,0,0,0,0,0,0,0,0,0
S1B_IW_GRDH_1SDV_20200816T052630_20200816T052655_022944_02B8D4_53D7_COG,outputs\diagnostics\design_c\c2v\scene_checkpoints\primary\S1B_IW_GRDH_1SDV_20200816T052630_20200816T052655_022944_02B8D4_53D7_COG.csv.gz,True,,2020,2020-08-16,descending,168,sentinel-1b,0,True,0,True,0,0,0,0,0,0,0,0,0,0,0,0
S1B_IW_GRDH_1SDV_20200816T052638_20200816T052703_022944_02B8D4_F8DB_COG,outputs\diagnostics\design_c\c2v\scene_checkpoints\primary\S1B_IW_GRDH_1SDV_20200816T052638_20200816T052703_022944_02B8D4_F8DB_COG.csv.gz,True,,2020,2020-08-16,descending,168,sentinel-1b,1650,False,1,True,1650,0,1650,0,0,278,1372,1650,0,0,278,1372
S1B_IW_GRDH_1SDV_20200816T052655_20200816T052720_022944_02B8D4_7B93_COG,outputs\diagnostics\design_c\c2v\scene_checkpoints\primary\S1B_IW_GRDH_1SDV_20200816T052655_20200816T052720_022944_02B8D4_7B93_COG.csv.gz,True,,2020,2020-08-16,descending,168,sentinel-1b,2397,False,1,True,2397,0,2397,0,0,279,2118,2397,0,0,284,2113
S1B_IW_GRDH_1SDV_20200816T052703_20200816T052728_022944_02B8D4_5847_COG,outputs\diagnostics\design_c\c2v\scene_checkpoints\primary\S1B_IW_GRDH_1SDV_20200816T052703_20200816T052728_022944_02B8D4_5847_COG.csv.gz,True,,2020,2020-08-16,descending,168,sentinel-1b,904,False,1,True,904,0,904,0,0,167,737,904,0,0,168,736
S1B_IW_GRDH_1SDV_20200817T171411_20200817T171436_022966_02B980_244C_COG,outputs\diagnostics\design_c\c2v\scene_checkpoints\primary\S1B_IW_GRDH_1SDV_20200817T171411_20200817T171436_022966_02B980_244C_COG.csv.gz,True,,2020,2020-08-17,ascending,15,sentinel-1b,2707,False,1,True,2707,0,2707,0,0,0,2707,2707,0,0,11,2696
S1B_IW_GRDH_1SDV_20200817T171411_20200817T171436_022966_02B980_A106_COG,outputs\diagnostics\design_c\c2v\scene_checkpoints\primary\S1B_IW_GRDH_1SDV_20200817T171411_20200817T171436_022966_02B980_A106_COG.csv.gz,True,,2020,2020-08-17,ascending,15,sentinel-1b,2707,False,1,True,2707,0,2707,0,0,0,2707,2707,0,0,11,2696
S1B_IW_GRDH_1SDV_20200817T171436_20200817T171501_022966_02B980_49DD_COG,outputs\diagnostics\design_c\c2v\scene_checkpoints\primary\S1B_IW_GRDH_1SDV_20200817T171436_20200817T171501_022966_02B980_49DD_COG.csv.gz,True,,2020,2020-08-17,ascending,15,sentinel-1b,1624,False,1,True,1624,0,1624,0,0,0,1624,1624,0,0,8,1616
S1B_IW_GRDH_1SDV_20200817T171436_20200817T171501_022966_02B980_5BF5_COG,outputs\diagnostics\design_c\c2v\scene_checkpoints\primary\S1B_IW_GRDH_1SDV_20200817T171436_20200817T171501_022966_02B980_5BF5_COG.csv.gz,True,,2020,2020-08-17,ascending,15,sentinel-1b,1624,False,1,True,1624,0,1624,0,0,0,1624,1624,0,0,8,1616
S1B_IW_GRDH_1SDV_20200821T053448_20200821T053513_023017_02BB2F_0C20_COG,outputs\diagnostics\design_c\c2v\scene_checkpoints\primary\S1B_IW_GRDH_1SDV_20200821T053448_20200821T053513_023017_02BB2F_0C20_COG.csv.gz,True,,2020,2020-08-21,descending,66,sentinel-1b,3352,False,1,True,3352,0,3352,0,0,0,3352,3352,0,0,12,3340
S1B_IW_GRDH_1SDV_20200821T053457_20200821T053522_023017_02BB2F_AAF7_COG,outputs\diagnostics\design_c\c2v\scene_checkpoints\primary\S1B_IW_GRDH_1SDV_20200821T053457_20200821T053522_023017_02BB2F_AAF7_COG.csv.gz,True,,2020,2020-08-21,descending,66,sentinel-1b,4331,False,1,True,4331,0,4331,0,0,1,4330,4331,0,0,12,4319
S1B_IW_GRDH_1SDV_20200821T053513_20200821T053538_023017_02BB2F_3F5D_COG,outputs\diagnostics\design_c\c2v\scene_checkpoints\primary\S1B_IW_GRDH_1SDV_20200821T053513_20200821T053538_023017_02BB2F_3F5D_COG.csv.gz,True,,2020,2020-08-21,descending,66,sentinel-1b,978,False,1,True,978,0,978,0,0,0,978,978,0,0,3,975
S1B_IW_GRDH_1SDV_20200822T172231_20200822T172256_023039_02BBEC_0E6B_COG,outputs\diagnostics\design_c\c2v\scene_checkpoints\primary\S1B_IW_GRDH_1SDV_20200822T172231_20200822T172256_023039_02BBEC_0E6B_COG.csv.gz,True,,2020,2020-08-22,ascending,88,sentinel-1b,3810,False,1,True,3810,0,3810,0,0,152,3658,3810,0,0,159,3651
S1B_IW_GRDH_1SDV_20200822T172231_20200822T172256_023039_02BBEC_9F3B_COG,outputs\diagnostics\design_c\c2v\scene_checkpoints\primary\S1B_IW_GRDH_1SDV_20200822T172231_20200822T172256_023039_02BBEC_9F3B_COG.csv.gz,True,,2020,2020-08-22,ascending,88,sentinel-1b,3810,False,1,True,3810,0,3810,0,0,152,3658,3810,0,0,159,3651
S1A_IW_GRDH_1SDV_20200822T052712_20200822T052737_034015_03F2A9_B52A_COG,outputs\diagnostics\design_c\c2v\scene_checkpoints\primary\S1A_IW_GRDH_1SDV_20200822T052712_20200822T052737_034015_03F2A9_B52A_COG.csv.gz,True,,2020,2020-08-22,descending,168,sentinel-1a,0,True,0,True,0,0,0,0,0,0,0,0,0,0,0,0
S1A_IW_GRDH_1SDV_20200822T052718_20200822T052743_034015_03F2A9_ABDB_COG,outputs\diagnostics\design_c\c2v\scene_checkpoints\primary\S1A_IW_GRDH_1SDV_20200822T052718_20200822T052743_034015_03F2A9_ABDB_COG.csv.gz,True,,2020,2020-08-22,descending,168,sentinel-1a,624,False,1,True,624,0,624,0,0,147,477,624,0,0,147,477
S1A_IW_GRDH_1SDV_20200822T052737_20200822T052802_034015_03F2A9_E236_COG,outputs\diagnostics\design_c\c2v\scene_checkpoints\primary\S1A_IW_GRDH_1SDV_20200822T052737_20200822T052802_034015_03F2A9_E236_COG.csv.gz,True,,2020,2020-08-22,descending,168,sentinel-1a,2417,False,1,True,2417,0,2417,0,0,298,2119,2417,0,0,303,2114
S1A_IW_GRDH_1SDV_20200822T052743_20200822T052808_034015_03F2A9_A502_COG,outputs\diagnostics\design_c\c2v\scene_checkpoints\primary\S1A_IW_GRDH_1SDV_20200822T052743_20200822T052808_034015_03F2A9_A502_COG.csv.gz,True,,2020,2020-08-22,descending,168,sentinel-1a,1992,False,1,True,1992,0,1992,0,0,361,1631,1992,0,0,362,1630
S1A_IW_GRDH_1SDV_20200823T171504_20200823T171529_034037_03F36B_1B4D_COG,outputs\diagnostics\design_c\c2v\scene_checkpoints\primary\S1A_IW_GRDH_1SDV_20200823T171504_20200823T171529_034037_03F36B_1B4D_COG.csv.gz,True,,2020,2020-08-23,ascending,15,sentinel-1a,4331,False,1,True,4331,0,4331,0,0,0,4331,4331,0,0,28,4303
S1A_IW_GRDH_1SDV_20200823T171504_20200823T171529_034037_03F36B_92F9_COG,outputs\diagnostics\design_c\c2v\scene_checkpoints\primary\S1A_IW_GRDH_1SDV_20200823T171504_20200823T171529_034037_03F36B_92F9_COG.csv.gz,True,,2020,2020-08-23,ascending,15,sentinel-1a,4331,False,1,True,4331,0,4331,0,0,0,4331,4331,0,0,30,4301
S1A_IW_GRDH_1SDV_20200827T053531_20200827T053556_034088_03F535_BD85_COG,outputs\diagnostics\design_c\c2v\scene_checkpoints\primary\S1A_IW_GRDH_1SDV_20200827T053531_20200827T053556_034088_03F535_BD85_COG.csv.gz,True,,2020,2020-08-27,descending,66,sentinel-1a,3620,False,1,True,3620,0,3620,0,0,1,3619,3620,0,0,19,3601
S1A_IW_GRDH_1SDV_20200827T053531_20200827T053556_034088_03F535_CC16_COG,outputs\diagnostics\design_c\c2v\scene_checkpoints\primary\S1A_IW_GRDH_1SDV_20200827T053531_20200827T053556_034088_03F535_CC16_COG.csv.gz,True,,2020,2020-08-27,descending,66,sentinel-1a,3330,False,1,True,3330,0,3330,0,0,1,3329,3330,0,0,19,3311
S1A_IW_GRDH_1SDV_20200827T053556_20200827T053621_034088_03F535_2C57_COG,outputs\diagnostics\design_c\c2v\scene_checkpoints\primary\S1A_IW_GRDH_1SDV_20200827T053556_20200827T053621_034088_03F535_2C57_COG.csv.gz,True,,2020,2020-08-27,descending,66,sentinel-1a,1001,False,1,True,1001,0,1001,0,0,0,1001,1001,0,0,6,995
S1A_IW_GRDH_1SDV_20200827T053556_20200827T053621_034088_03F535_9500_COG,outputs\diagnostics\design_c\c2v\scene_checkpoints\primary\S1A_IW_GRDH_1SDV_20200827T053556_20200827T053621_034088_03F535_9500_COG.csv.gz,True,,2020,2020-08-27,descending,66,sentinel-1a,711,False,1,True,711,0,711,0,0,0,711,711,0,0,6,705
S1A_IW_GRDH_1SDV_20200828T172310_20200828T172335_034110_03F5FE_4BEF_COG,outputs\diagnostics\design_c\c2v\scene_checkpoints\primary\S1A_IW_GRDH_1SDV_20200828T172310_20200828T172335_034110_03F5FE_4BEF_COG.csv.gz,True,,2020,2020-08-28,ascending,88,sentinel-1a,3793,False,1,True,3793,0,3793,0,0,142,3651,3793,0,0,148,3645
S1A_IW_GRDH_1SDV_20200828T172310_20200828T172335_034110_03F5FE_4F7B_COG,outputs\diagnostics\design_c\c2v\scene_checkpoints\primary\S1A_IW_GRDH_1SDV_20200828T172310_20200828T172335_034110_03F5FE_4F7B_COG.csv.gz,True,,2020,2020-08-28,ascending,88,sentinel-1a,3793,False,1,True,3793,0,3793,0,0,142,3651,3793,0,0,148,3645
S1A_IW_GRDH_1SDV_20200828T172335_20200828T172400_034110_03F5FE_463F_COG,outputs\diagnostics\design_c\c2v\scene_checkpoints\primary\S1A_IW_GRDH_1SDV_20200828T172335_20200828T172400_034110_03F5FE_463F_COG.csv.gz,True,,2020,2020-08-28,ascending,88,sentinel-1a,0,True,0,True,0,0,0,0,0,0,0,0,0,0,0,0
S1A_IW_GRDH_1SDV_20200828T172335_20200828T172400_034110_03F5FE_861B_COG,outputs\diagnostics\design_c\c2v\scene_checkpoints\primary\S1A_IW_GRDH_1SDV_20200828T172335_20200828T172400_034110_03F5FE_861B_COG.csv.gz,True,,2020,2020-08-28,ascending,88,sentinel-1a,0,True,0,True,0,0,0,0,0,0,0,0,0,0,0,0
S1B_IW_GRDH_1SDV_20200828T052631_20200828T052656_023119_02BE55_C078_COG,outputs\diagnostics\design_c\c2v\scene_checkpoints\primary\S1B_IW_GRDH_1SDV_20200828T052631_20200828T052656_023119_02BE55_C078_COG.csv.gz,True,,2020,2020-08-28,descending,168,sentinel-1b,0,True,0,True,0,0,0,0,0,0,0,0,0,0,0,0
S1B_IW_GRDH_1SDV_20200828T052639_20200828T052704_023119_02BE55_2D3B_COG,outputs\diagnostics\design_c\c2v\scene_checkpoints\primary\S1B_IW_GRDH_1SDV_20200828T052639_20200828T052704_023119_02BE55_2D3B_COG.csv.gz,True,,2020,2020-08-28,descending,168,sentinel-1b,1650,False,1,True,1650,0,1650,0,0,283,1367,1650,0,0,284,1366
S1B_IW_GRDH_1SDV_20200828T052656_20200828T052721_023119_02BE55_5AF3_COG,outputs\diagnostics\design_c\c2v\scene_checkpoints\primary\S1B_IW_GRDH_1SDV_20200828T052656_20200828T052721_023119_02BE55_5AF3_COG.csv.gz,True,,2020,2020-08-28,descending,168,sentinel-1b,2397,False,1,True,2397,0,2397,0,0,279,2118,2397,0,0,282,2115
S1B_IW_GRDH_1SDV_20200828T052704_20200828T052729_023119_02BE55_F3B8_COG,outputs\diagnostics\design_c\c2v\scene_checkpoints\primary\S1B_IW_GRDH_1SDV_20200828T052704_20200828T052729_023119_02BE55_F3B8_COG.csv.gz,True,,2020,2020-08-28,descending,168,sentinel-1b,905,False,1,True,905,0,905,0,0,167,738,905,0,0,169,736
S1B_IW_GRDH_1SDV_20200829T171409_20200829T171434_023141_02BF02_603C_COG,outputs\diagnostics\design_c\c2v\scene_checkpoints\primary\S1B_IW_GRDH_1SDV_20200829T171409_20200829T171434_023141_02BF02_603C_COG.csv.gz,True,,2020,2020-08-29,ascending,15,sentinel-1b,1298,False,1,True,1298,0,1298,0,0,0,1298,1298,0,0,5,1293
S1B_IW_GRDH_1SDV_20200829T171409_20200829T171434_023141_02BF02_B78B_COG,outputs\diagnostics\design_c\c2v\scene_checkpoints\primary\S1B_IW_GRDH_1SDV_20200829T171409_20200829T171434_023141_02BF02_B78B_COG.csv.gz,True,,2020,2020-08-29,ascending,15,sentinel-1b,1298,False,1,True,1298,0,1298,0,0,0,1298,1298,0,0,5,1293
S1B_IW_GRDH_1SDV_20200829T171434_20200829T171459_023141_02BF02_9109_COG,outputs\diagnostics\design_c\c2v\scene_checkpoints\primary\S1B_IW_GRDH_1SDV_20200829T171434_20200829T171459_023141_02BF02_9109_COG.csv.gz,True,,2020,2020-08-29,ascending,15,sentinel-1b,3033,False,1,True,3033,0,3033,0,0,0,3033,3033,0,0,7,3026
S1B_IW_GRDH_1SDV_20200829T171434_20200829T171459_023141_02BF02_FAC5_COG,outputs\diagnostics\design_c\c2v\scene_checkpoints\primary\S1B_IW_GRDH_1SDV_20200829T171434_20200829T171459_023141_02BF02_FAC5_COG.csv.gz,True,,2020,2020-08-29,ascending,15,sentinel-1b,3033,False,1,True,3033,0,3033,0,0,0,3033,3033,0,0,7,3026
S1B_IW_GRDH_1SDV_20200902T053450_20200902T053515_023192_02C0A1_65BC_COG,outputs\diagnostics\design_c\c2v\scene_checkpoints\primary\S1B_IW_GRDH_1SDV_20200902T053450_20200902T053515_023192_02C0A1_65BC_COG.csv.gz,True,,2020,2020-09-02,descending,66,sentinel-1b,3558,False,1,True,3558,0,3558,0,0,0,3558,3558,0,0,12,3546
S1B_IW_GRDH_1SDV_20200902T053457_20200902T053522_023192_02C0A1_694F_COG,outputs\diagnostics\design_c\c2v\scene_checkpoints\primary\S1B_IW_GRDH_1SDV_20200902T053457_20200902T053522_023192_02C0A1_694F_COG.csv.gz,True,,2020,2020-09-02,descending,66,sentinel-1b,4331,False,1,True,4331,0,4331,0,0,0,4331,4331,0,0,11,4320
S1B_IW_GRDH_1SDV_20200902T053515_20200902T053540_023192_02C0A1_F39C_COG,outputs\diagnostics\design_c\c2v\scene_checkpoints\primary\S1B_IW_GRDH_1SDV_20200902T053515_20200902T053540_023192_02C0A1_F39C_COG.csv.gz,True,,2020,2020-09-02,descending,66,sentinel-1b,773,False,1,True,773,0,773,0,0,0,773,773,0,0,7,766
S1B_IW_GRDH_1SDV_20200903T172229_20200903T172254_023214_02C15A_92D5_COG,outputs\diagnostics\design_c\c2v\scene_checkpoints\primary\S1B_IW_GRDH_1SDV_20200903T172229_20200903T172254_023214_02C15A_92D5_COG.csv.gz,True,,2020,2020-09-03,ascending,88,sentinel-1b,3806,False,1,True,3806,0,3806,0,0,149,3657,3806,0,0,153,3653
S1B_IW_GRDH_1SDV_20200903T172229_20200903T172254_023214_02C15A_E192_COG,outputs\diagnostics\design_c\c2v\scene_checkpoints\primary\S1B_IW_GRDH_1SDV_20200903T172229_20200903T172254_023214_02C15A_E192_COG.csv.gz,True,,2020,2020-09-03,ascending,88,sentinel-1b,3806,False,1,True,3806,0,3806,0,0,149,3657,3806,0,0,153,3653
S1A_IW_GRDH_1SDV_20200903T052713_20200903T052738_034190_03F8CD_6DF6_COG,outputs\diagnostics\design_c\c2v\scene_checkpoints\primary\S1A_IW_GRDH_1SDV_20200903T052713_20200903T052738_034190_03F8CD_6DF6_COG.csv.gz,True,,2020,2020-09-03,descending,168,sentinel-1a,0,True,0,True,0,0,0,0,0,0,0,0,0,0,0,0
S1A_IW_GRDH_1SDV_20200903T052718_20200903T052743_034190_03F8CD_0E68_COG,outputs\diagnostics\design_c\c2v\scene_checkpoints\primary\S1A_IW_GRDH_1SDV_20200903T052718_20200903T052743_034190_03F8CD_0E68_COG.csv.gz,True,,2020,2020-09-03,descending,168,sentinel-1a,624,False,1,True,624,0,624,0,0,146,478,624,0,0,146,478
S1A_IW_GRDH_1SDV_20200903T052738_20200903T052803_034190_03F8CD_7291_COG,outputs\diagnostics\design_c\c2v\scene_checkpoints\primary\S1A_IW_GRDH_1SDV_20200903T052738_20200903T052803_034190_03F8CD_7291_COG.csv.gz,True,,2020,2020-09-03,descending,168,sentinel-1a,2418,False,1,True,2418,0,2418,0,0,299,2119,2418,0,0,304,2114
S1A_IW_GRDH_1SDV_20200903T052743_20200903T052808_034190_03F8CD_5B52_COG,outputs\diagnostics\design_c\c2v\scene_checkpoints\primary\S1A_IW_GRDH_1SDV_20200903T052743_20200903T052808_034190_03F8CD_5B52_COG.csv.gz,True,,2020,2020-09-03,descending,168,sentinel-1a,1992,False,1,True,1992,0,1992,0,0,361,1631,1992,0,0,365,1627
S1A_IW_GRDH_1SDV_20200904T171504_20200904T171529_034212_03F991_6A93_COG,outputs\diagnostics\design_c\c2v\scene_checkpoints\primary\S1A_IW_GRDH_1SDV_20200904T171504_20200904T171529_034212_03F991_6A93_COG.csv.gz,True,,2020,2020-09-04,ascending,15,sentinel-1a,4331,False,1,True,4331,0,4331,0,0,1,4330,4331,0,0,28,4303
S1A_IW_GRDH_1SDV_20200904T171504_20200904T171529_034212_03F991_7D8B_COG,outputs\diagnostics\design_c\c2v\scene_checkpoints\primary\S1A_IW_GRDH_1SDV_20200904T171504_20200904T171529_034212_03F991_7D8B_COG.csv.gz,True,,2020,2020-09-04,ascending,15,sentinel-1a,4331,False,1,True,4331,0,4331,0,0,1,4330,4331,0,0,26,4305
S1A_IW_GRDH_1SDV_20200908T053531_20200908T053556_034263_03FB5F_3F12_COG,outputs\diagnostics\design_c\c2v\scene_checkpoints\primary\S1A_IW_GRDH_1SDV_20200908T053531_20200908T053556_034263_03FB5F_3F12_COG.csv.gz,True,,2020,2020-09-08,descending,66,sentinel-1a,3327,False,1,True,3327,0,3327,0,0,1,3326,3327,0,0,4,3323
S1A_IW_GRDH_1SDV_20200908T053531_20200908T053556_034263_03FB5F_D07E_COG,outputs\diagnostics\design_c\c2v\scene_checkpoints\primary\S1A_IW_GRDH_1SDV_20200908T053531_20200908T053556_034263_03FB5F_D07E_COG.csv.gz,True,,2020,2020-09-08,descending,66,sentinel-1a,3411,False,1,True,3411,0,3411,0,0,1,3410,3411,0,0,8,3403
S1A_IW_GRDH_1SDV_20200908T053556_20200908T053621_034263_03FB5F_77BE_COG,outputs\diagnostics\design_c\c2v\scene_checkpoints\primary\S1A_IW_GRDH_1SDV_20200908T053556_20200908T053621_034263_03FB5F_77BE_COG.csv.gz,True,,2020,2020-09-08,descending,66,sentinel-1a,919,False,1,True,919,0,919,0,0,0,919,919,0,0,4,915
S1A_IW_GRDH_1SDV_20200908T053556_20200908T053621_034263_03FB5F_FF61_COG,outputs\diagnostics\design_c\c2v\scene_checkpoints\primary\S1A_IW_GRDH_1SDV_20200908T053556_20200908T053621_034263_03FB5F_FF61_COG.csv.gz,True,,2020,2020-09-08,descending,66,sentinel-1a,1004,False,1,True,1004,0,1004,0,0,0,1004,1004,0,0,4,1000
S1A_IW_GRDH_1SDV_20200909T172311_20200909T172336_034285_03FC20_087C_COG,outputs\diagnostics\design_c\c2v\scene_checkpoints\primary\S1A_IW_GRDH_1SDV_20200909T172311_20200909T172336_034285_03FC20_087C_COG.csv.gz,True,,2020,2020-09-09,ascending,88,sentinel-1a,3793,False,1,True,3793,0,3793,0,0,142,3651,3793,0,0,150,3643
S1A_IW_GRDH_1SDV_20200909T172311_20200909T172336_034285_03FC20_224C_COG,outputs\diagnostics\design_c\c2v\scene_checkpoints\primary\S1A_IW_GRDH_1SDV_20200909T172311_20200909T172336_034285_03FC20_224C_COG.csv.gz,True,,2020,2020-09-09,ascending,88,sentinel-1a,3793,False,1,True,3793,0,3793,0,0,142,3651,3793,0,0,150,3643
S1A_IW_GRDH_1SDV_20200909T172336_20200909T172401_034285_03FC20_5AAC_COG,outputs\diagnostics\design_c\c2v\scene_checkpoints\primary\S1A_IW_GRDH_1SDV_20200909T172336_20200909T172401_034285_03FC20_5AAC_COG.csv.gz,True,,2020,2020-09-09,ascending,88,sentinel-1a,0,True,0,True,0,0,0,0,0,0,0,0,0,0,0,0
S1A_IW_GRDH_1SDV_20200909T172336_20200909T172401_034285_03FC20_9FF3_COG,outputs\diagnostics\design_c\c2v\scene_checkpoints\primary\S1A_IW_GRDH_1SDV_20200909T172336_20200909T172401_034285_03FC20_9FF3_COG.csv.gz,True,,2020,2020-09-09,ascending,88,sentinel-1a,0,True,0,True,0,0,0,0,0,0,0,0,0,0,0,0
S1B_IW_GRDH_1SDV_20200909T052631_20200909T052656_023294_02C3D5_8DB2_COG,outputs\diagnostics\design_c\c2v\scene_checkpoints\primary\S1B_IW_GRDH_1SDV_20200909T052631_20200909T052656_023294_02C3D5_8DB2_COG.csv.gz,True,,2020,2020-09-09,descending,168,sentinel-1b,0,True,0,True,0,0,0,0,0,0,0,0,0,0,0,0
S1B_IW_GRDH_1SDV_20200909T052639_20200909T052704_023294_02C3D5_001A_COG,outputs\diagnostics\design_c\c2v\scene_checkpoints\primary\S1B_IW_GRDH_1SDV_20200909T052639_20200909T052704_023294_02C3D5_001A_COG.csv.gz,True,,2020,2020-09-09,descending,168,sentinel-1b,1650,False,1,True,1650,0,1650,0,0,277,1373,1650,0,0,279,1371
S1B_IW_GRDH_1SDV_20200909T052656_20200909T052721_023294_02C3D5_7033_COG,outputs\diagnostics\design_c\c2v\scene_checkpoints\primary\S1B_IW_GRDH_1SDV_20200909T052656_20200909T052721_023294_02C3D5_7033_COG.csv.gz,True,,2020,2020-09-09,descending,168,sentinel-1b,2397,False,1,True,2397,0,2397,0,0,279,2118,2397,0,0,279,2118
S1B_IW_GRDH_1SDV_20200909T052704_20200909T052729_023294_02C3D5_5A18_COG,outputs\diagnostics\design_c\c2v\scene_checkpoints\primary\S1B_IW_GRDH_1SDV_20200909T052704_20200909T052729_023294_02C3D5_5A18_COG.csv.gz,True,,2020,2020-09-09,descending,168,sentinel-1b,904,False,1,True,904,0,904,0,0,167,737,904,0,0,167,737
S1B_IW_GRDH_1SDV_20200910T171410_20200910T171435_023316_02C47B_6614_COG,outputs\diagnostics\design_c\c2v\scene_checkpoints\primary\S1B_IW_GRDH_1SDV_20200910T171410_20200910T171435_023316_02C47B_6614_COG.csv.gz,True,,2020,2020-09-10,ascending,15,sentinel-1b,1300,False,1,True,1300,0,1300,0,0,1,1299,1300,0,0,13,1287
S1B_IW_GRDH_1SDV_20200910T171435_20200910T171500_023316_02C47B_3035_COG,outputs\diagnostics\design_c\c2v\scene_checkpoints\primary\S1B_IW_GRDH_1SDV_20200910T171435_20200910T171500_023316_02C47B_3035_COG.csv.gz,True,,2020,2020-09-10,ascending,15,sentinel-1b,3031,False,1,True,3031,0,3031,0,0,1,3030,3031,0,0,9,3022
S1B_IW_GRDH_1SDV_20200914T053451_20200914T053516_023367_02C61E_B930_COG,outputs\diagnostics\design_c\c2v\scene_checkpoints\primary\S1B_IW_GRDH_1SDV_20200914T053451_20200914T053516_023367_02C61E_B930_COG.csv.gz,True,,2020,2020-09-14,descending,66,sentinel-1b,3839,False,1,True,3839,0,3839,0,0,0,3839,3839,0,0,11,3828
S1B_IW_GRDH_1SDV_20200914T053458_20200914T053523_023367_02C61E_DF05_COG,outputs\diagnostics\design_c\c2v\scene_checkpoints\primary\S1B_IW_GRDH_1SDV_20200914T053458_20200914T053523_023367_02C61E_DF05_COG.csv.gz,True,,2020,2020-09-14,descending,66,sentinel-1b,4331,False,1,True,4331,0,4331,0,0,1,4330,4331,0,0,7,4324
S1B_IW_GRDH_1SDV_20200914T053516_20200914T053541_023367_02C61E_9970_COG,outputs\diagnostics\design_c\c2v\scene_checkpoints\primary\S1B_IW_GRDH_1SDV_20200914T053516_20200914T053541_023367_02C61E_9970_COG.csv.gz,True,,2020,2020-09-14,descending,66,sentinel-1b,492,False,1,True,492,0,492,0,0,0,492,492,0,0,1,491
S1B_IW_GRDH_1SDV_20200915T172230_20200915T172255_023389_02C6DE_4A62_COG,outputs\diagnostics\design_c\c2v\scene_checkpoints\primary\S1B_IW_GRDH_1SDV_20200915T172230_20200915T172255_023389_02C6DE_4A62_COG.csv.gz,True,,2020,2020-09-15,ascending,88,sentinel-1b,3803,False,1,True,3803,0,3803,0,0,149,3654,3803,0,0,153,3650
S1B_IW_GRDH_1SDV_20200915T172230_20200915T172255_023389_02C6DE_B67B_COG,outputs\diagnostics\design_c\c2v\scene_checkpoints\primary\S1B_IW_GRDH_1SDV_20200915T172230_20200915T172255_023389_02C6DE_B67B_COG.csv.gz,True,,2020,2020-09-15,ascending,88,sentinel-1b,3803,False,1,True,3803,0,3803,0,0,149,3654,3803,0,0,153,3650
S1A_IW_GRDH_1SDV_20200915T052713_20200915T052738_034365_03FEFD_CE7B_COG,outputs\diagnostics\design_c\c2v\scene_checkpoints\primary\S1A_IW_GRDH_1SDV_20200915T052713_20200915T052738_034365_03FEFD_CE7B_COG.csv.gz,True,,2020,2020-09-15,descending,168,sentinel-1a,0,True,0,True,0,0,0,0,0,0,0,0,0,0,0,0
S1A_IW_GRDH_1SDV_20200915T052719_20200915T052744_034365_03FEFD_818E_COG,outputs\diagnostics\design_c\c2v\scene_checkpoints\primary\S1A_IW_GRDH_1SDV_20200915T052719_20200915T052744_034365_03FEFD_818E_COG.csv.gz,True,,2020,2020-09-15,descending,168,sentinel-1a,622,False,1,True,622,0,622,0,0,147,475,622,0,0,147,475
S1A_IW_GRDH_1SDV_20200915T052738_20200915T052803_034365_03FEFD_C9E3_COG,outputs\diagnostics\design_c\c2v\scene_checkpoints\primary\S1A_IW_GRDH_1SDV_20200915T052738_20200915T052803_034365_03FEFD_C9E3_COG.csv.gz,True,,2020,2020-09-15,descending,168,sentinel-1a,2417,False,1,True,2417,0,2417,0,0,300,2117,2417,0,0,313,2104
S1A_IW_GRDH_1SDV_20200915T052744_20200915T052809_034365_03FEFD_909E_COG,outputs\diagnostics\design_c\c2v\scene_checkpoints\primary\S1A_IW_GRDH_1SDV_20200915T052744_20200915T052809_034365_03FEFD_909E_COG.csv.gz,True,,2020,2020-09-15,descending,168,sentinel-1a,1992,False,1,True,1992,0,1992,0,0,360,1632,1992,0,0,364,1628
S1A_IW_GRDH_1SDV_20200916T171505_20200916T171530_034387_03FFB9_7C7B_COG,outputs\diagnostics\design_c\c2v\scene_checkpoints\primary\S1A_IW_GRDH_1SDV_20200916T171505_20200916T171530_034387_03FFB9_7C7B_COG.csv.gz,True,,2020,2020-09-16,ascending,15,sentinel-1a,4331,False,1,True,4331,0,4331,0,0,1,4330,4331,0,0,33,4298
S1A_IW_GRDH_1SDV_20200916T171505_20200916T171530_034387_03FFB9_BF28_COG,outputs\diagnostics\design_c\c2v\scene_checkpoints\primary\S1A_IW_GRDH_1SDV_20200916T171505_20200916T171530_034387_03FFB9_BF28_COG.csv.gz,True,,2020,2020-09-16,ascending,15,sentinel-1a,4331,False,1,True,4331,0,4331,0,0,1,4330,4331,0,0,34,4297
S1A_IW_GRDH_1SDV_20200920T053532_20200920T053557_034438_04019B_5BA8_COG,outputs\diagnostics\design_c\c2v\scene_checkpoints\primary\S1A_IW_GRDH_1SDV_20200920T053532_20200920T053557_034438_04019B_5BA8_COG.csv.gz,True,,2020,2020-09-20,descending,66,sentinel-1a,3325,False,1,True,3325,0,3325,0,0,0,3325,3325,0,0,21,3304
S1A_IW_GRDH_1SDV_20200920T053532_20200920T053557_034438_04019B_C23A_COG,outputs\diagnostics\design_c\c2v\scene_checkpoints\primary\S1A_IW_GRDH_1SDV_20200920T053532_20200920T053557_034438_04019B_C23A_COG.csv.gz,True,,2020,2020-09-20,descending,66,sentinel-1a,3769,False,1,True,3769,0,3769,0,0,0,3769,3769,0,0,30,3739
S1A_IW_GRDH_1SDV_20200920T053557_20200920T053622_034438_04019B_AAF8_COG,outputs\diagnostics\design_c\c2v\scene_checkpoints\primary\S1A_IW_GRDH_1SDV_20200920T053557_20200920T053622_034438_04019B_AAF8_COG.csv.gz,True,,2020,2020-09-20,descending,66,sentinel-1a,1006,False,1,True,1006,0,1006,0,0,0,1006,1006,0,0,7,999
S1A_IW_GRDH_1SDV_20200920T053557_20200920T053622_034438_04019B_B857_COG,outputs\diagnostics\design_c\c2v\scene_checkpoints\primary\S1A_IW_GRDH_1SDV_20200920T053557_20200920T053622_034438_04019B_B857_COG.csv.gz,True,,2020,2020-09-20,descending,66,sentinel-1a,562,False,1,True,562,0,562,0,0,0,562,562,0,0,5,557
S1A_IW_GRDH_1SDV_20200921T172311_20200921T172336_034460_040263_E196_COG,outputs\diagnostics\design_c\c2v\scene_checkpoints\primary\S1A_IW_GRDH_1SDV_20200921T172311_20200921T172336_034460_040263_E196_COG.csv.gz,True,,2020,2020-09-21,ascending,88,sentinel-1a,3794,False,1,True,3794,0,3794,0,0,142,3652,3794,0,0,150,3644
S1A_IW_GRDH_1SDV_20200921T172311_20200921T172336_034460_040263_F353_COG,outputs\diagnostics\design_c\c2v\scene_checkpoints\primary\S1A_IW_GRDH_1SDV_20200921T172311_20200921T172336_034460_040263_F353_COG.csv.gz,True,,2020,2020-09-21,ascending,88,sentinel-1a,3794,False,1,True,3794,0,3794,0,0,142,3652,3794,0,0,150,3644
S1A_IW_GRDH_1SDV_20200921T172336_20200921T172401_034460_040263_38CD_COG,outputs\diagnostics\design_c\c2v\scene_checkpoints\primary\S1A_IW_GRDH_1SDV_20200921T172336_20200921T172401_034460_040263_38CD_COG.csv.gz,True,,2020,2020-09-21,ascending,88,sentinel-1a,0,True,0,True,0,0,0,0,0,0,0,0,0,0,0,0
S1B_IW_GRDH_1SDV_20200921T052640_20200921T052705_023469_02C94E_43C1_COG,outputs\diagnostics\design_c\c2v\scene_checkpoints\primary\S1B_IW_GRDH_1SDV_20200921T052640_20200921T052705_023469_02C94E_43C1_COG.csv.gz,True,,2020,2020-09-21,descending,168,sentinel-1b,1649,False,1,True,1649,0,1649,0,0,276,1373,1649,0,0,277,1372
S1B_IW_GRDH_1SDV_20200921T052640_20200921T052705_023469_02C94E_9718_COG,outputs\diagnostics\design_c\c2v\scene_checkpoints\primary\S1B_IW_GRDH_1SDV_20200921T052640_20200921T052705_023469_02C94E_9718_COG.csv.gz,True,,2020,2020-09-21,descending,168,sentinel-1b,1649,False,1,True,1649,0,1649,0,0,276,1373,1649,0,0,277,1372
S1B_IW_GRDH_1SDV_20200921T052705_20200921T052730_023469_02C94E_144A_COG,outputs\diagnostics\design_c\c2v\scene_checkpoints\primary\S1B_IW_GRDH_1SDV_20200921T052705_20200921T052730_023469_02C94E_144A_COG.csv.gz,True,,2020,2020-09-21,descending,168,sentinel-1b,904,False,1,True,904,0,904,0,0,167,737,904,0,0,171,733
S1B_IW_GRDH_1SDV_20200921T052705_20200921T052730_023469_02C94E_3476_COG,outputs\diagnostics\design_c\c2v\scene_checkpoints\primary\S1B_IW_GRDH_1SDV_20200921T052705_20200921T052730_023469_02C94E_3476_COG.csv.gz,True,,2020,2020-09-21,descending,168,sentinel-1b,904,False,1,True,904,0,904,0,0,167,737,904,0,0,171,733
S1B_IW_GRDH_1SDV_20200922T171410_20200922T171435_023491_02C9F9_37B3_COG,outputs\diagnostics\design_c\c2v\scene_checkpoints\primary\S1B_IW_GRDH_1SDV_20200922T171410_20200922T171435_023491_02C9F9_37B3_COG.csv.gz,True,,2020,2020-09-22,ascending,15,sentinel-1b,1298,False,1,True,1298,0,1298,0,0,0,1298,1298,0,0,3,1295
S1B_IW_GRDH_1SDV_20200922T171410_20200922T171435_023491_02C9F9_57F4_COG,outputs\diagnostics\design_c\c2v\scene_checkpoints\primary\S1B_IW_GRDH_1SDV_20200922T171410_20200922T171435_023491_02C9F9_57F4_COG.csv.gz,True,,2020,2020-09-22,ascending,15,sentinel-1b,1298,False,1,True,1298,0,1298,0,0,0,1298,1298,0,0,3,1295
S1B_IW_GRDH_1SDV_20200922T171435_20200922T171500_023491_02C9F9_2F65_COG,outputs\diagnostics\design_c\c2v\scene_checkpoints\primary\S1B_IW_GRDH_1SDV_20200922T171435_20200922T171500_023491_02C9F9_2F65_COG.csv.gz,True,,2020,2020-09-22,ascending,15,sentinel-1b,3033,False,1,True,3033,0,3033,0,0,0,3033,3033,0,0,4,3029
S1B_IW_GRDH_1SDV_20200926T053450_20200926T053515_023542_02CB9A_7C68_COG,outputs\diagnostics\design_c\c2v\scene_checkpoints\primary\S1B_IW_GRDH_1SDV_20200926T053450_20200926T053515_023542_02CB9A_7C68_COG.csv.gz,True,,2020,2020-09-26,descending,66,sentinel-1b,3544,False,1,True,3544,0,3544,0,0,0,3544,3544,0,0,7,3537
S1B_IW_GRDH_1SDV_20200926T053458_20200926T053523_023542_02CB9A_07E0_COG,outputs\diagnostics\design_c\c2v\scene_checkpoints\primary\S1B_IW_GRDH_1SDV_20200926T053458_20200926T053523_023542_02CB9A_07E0_COG.csv.gz,True,,2020,2020-09-26,descending,66,sentinel-1b,4331,False,1,True,4331,0,4331,0,0,2,4329,4331,0,0,11,4320
S1B_IW_GRDH_1SDV_20200926T053515_20200926T053540_023542_02CB9A_4485_COG,outputs\diagnostics\design_c\c2v\scene_checkpoints\primary\S1B_IW_GRDH_1SDV_20200926T053515_20200926T053540_023542_02CB9A_4485_COG.csv.gz,True,,2020,2020-09-26,descending,66,sentinel-1b,787,False,1,True,787,0,787,0,0,0,787,787,0,0,6,781
S1B_IW_GRDH_1SDV_20200927T172230_20200927T172255_023564_02CC5D_5392_COG,outputs\diagnostics\design_c\c2v\scene_checkpoints\primary\S1B_IW_GRDH_1SDV_20200927T172230_20200927T172255_023564_02CC5D_5392_COG.csv.gz,True,,2020,2020-09-27,ascending,88,sentinel-1b,3802,False,1,True,3802,0,3802,0,0,149,3653,3802,0,0,149,3653
S1B_IW_GRDH_1SDV_20200927T172230_20200927T172255_023564_02CC5D_EDD1_COG,outputs\diagnostics\design_c\c2v\scene_checkpoints\primary\S1B_IW_GRDH_1SDV_20200927T172230_20200927T172255_023564_02CC5D_EDD1_COG.csv.gz,True,,2020,2020-09-27,ascending,88,sentinel-1b,3802,False,1,True,3802,0,3802,0,0,149,3653,3802,0,0,149,3653
S1A_IW_GRDH_1SDV_20200927T052714_20200927T052739_034540_040528_C06A_COG,outputs\diagnostics\design_c\c2v\scene_checkpoints\primary\S1A_IW_GRDH_1SDV_20200927T052714_20200927T052739_034540_040528_C06A_COG.csv.gz,True,,2020,2020-09-27,descending,168,sentinel-1a,0,True,0,True,0,0,0,0,0,0,0,0,0,0,0,0
S1A_IW_GRDH_1SDV_20200927T052719_20200927T052744_034540_040528_B763_COG,outputs\diagnostics\design_c\c2v\scene_checkpoints\primary\S1A_IW_GRDH_1SDV_20200927T052719_20200927T052744_034540_040528_B763_COG.csv.gz,True,,2020,2020-09-27,descending,168,sentinel-1a,621,False,1,True,621,0,621,0,0,147,474,621,0,0,150,471
S1A_IW_GRDH_1SDV_20200927T052739_20200927T052804_034540_040528_8B14_COG,outputs\diagnostics\design_c\c2v\scene_checkpoints\primary\S1A_IW_GRDH_1SDV_20200927T052739_20200927T052804_034540_040528_8B14_COG.csv.gz,True,,2020,2020-09-27,descending,168,sentinel-1a,2418,False,1,True,2418,0,2418,0,0,300,2118,2418,0,0,306,2112
S1A_IW_GRDH_1SDV_20200927T052744_20200927T052809_034540_040528_CA9F_COG,outputs\diagnostics\design_c\c2v\scene_checkpoints\primary\S1A_IW_GRDH_1SDV_20200927T052744_20200927T052809_034540_040528_CA9F_COG.csv.gz,True,,2020,2020-09-27,descending,168,sentinel-1a,1993,False,1,True,1993,0,1993,0,0,362,1631,1993,0,0,366,1627
S1A_IW_GRDH_1SDV_20200928T171505_20200928T171530_034562_0405EA_3DC7_COG,outputs\diagnostics\design_c\c2v\scene_checkpoints\primary\S1A_IW_GRDH_1SDV_20200928T171505_20200928T171530_034562_0405EA_3DC7_COG.csv.gz,True,,2020,2020-09-28,ascending,15,sentinel-1a,4331,False,1,True,4331,0,4331,0,0,0,4331,4331,0,0,28,4303
S1A_IW_GRDH_1SDV_20200928T171505_20200928T171530_034562_0405EA_BB09_COG,outputs\diagnostics\design_c\c2v\scene_checkpoints\primary\S1A_IW_GRDH_1SDV_20200928T171505_20200928T171530_034562_0405EA_BB09_COG.csv.gz,True,,2020,2020-09-28,ascending,15,sentinel-1a,4331,False,1,True,4331,0,4331,0,0,0,4331,4331,0,0,28,4303
S1A_IW_GRDH_1SDV_20210401T172308_20210401T172333_037260_04639A_8B6C_COG,outputs\diagnostics\design_c\c2v\scene_checkpoints\primary\S1A_IW_GRDH_1SDV_20210401T172308_20210401T172333_037260_04639A_8B6C_COG.csv.gz,True,,2021,2021-04-01,ascending,88,sentinel-1a,3879,False,1,True,3879,0,3879,0,0,225,3654,3879,0,0,323,3556
S1A_IW_GRDH_1SDV_20210401T172333_20210401T172358_037260_04639A_002D_COG,outputs\diagnostics\design_c\c2v\scene_checkpoints\primary\S1A_IW_GRDH_1SDV_20210401T172333_20210401T172358_037260_04639A_002D_COG.csv.gz,True,,2021,2021-04-01,ascending,88,sentinel-1a,0,True,0,True,0,0,0,0,0,0,0,0,0,0,0,0
S1B_IW_GRDH_1SDV_20210401T052648_20210401T052713_026269_032297_1EA0_COG,outputs\diagnostics\design_c\c2v\scene_checkpoints\primary\S1B_IW_GRDH_1SDV_20210401T052648_20210401T052713_026269_032297_1EA0_COG.csv.gz,True,,2021,2021-04-01,descending,168,sentinel-1b,2313,False,1,True,2313,0,2313,0,0,218,2095,2313,0,0,276,2037
S1B_IW_GRDH_1SDV_20210402T171407_20210402T171432_026291_032349_51FF_COG,outputs\diagnostics\design_c\c2v\scene_checkpoints\primary\S1B_IW_GRDH_1SDV_20210402T171407_20210402T171432_026291_032349_51FF_COG.csv.gz,True,,2021,2021-04-02,ascending,15,sentinel-1b,1295,False,1,True,1295,0,1295,0,0,0,1295,1295,0,0,89,1206
S1B_IW_GRDH_1SDV_20210402T171432_20210402T171457_026291_032349_D8BC_COG,outputs\diagnostics\design_c\c2v\scene_checkpoints\primary\S1B_IW_GRDH_1SDV_20210402T171432_20210402T171457_026291_032349_D8BC_COG.csv.gz,True,,2021,2021-04-02,ascending,15,sentinel-1b,3036,False,1,True,3036,0,3036,0,0,0,3036,3036,0,0,175,2861
S1B_IW_GRDH_1SDV_20210406T053456_20210406T053521_026342_0324FC_13AA_COG,outputs\diagnostics\design_c\c2v\scene_checkpoints\primary\S1B_IW_GRDH_1SDV_20210406T053456_20210406T053521_026342_0324FC_13AA_COG.csv.gz,True,,2021,2021-04-06,descending,66,sentinel-1b,4331,False,1,True,4331,0,4331,0,0,0,4331,4331,0,0,267,4064
S1B_IW_GRDH_1SDV_20210407T172219_20210407T172244_026364_0325B3_1DD7_COG,outputs\diagnostics\design_c\c2v\scene_checkpoints\primary\S1B_IW_GRDH_1SDV_20210407T172219_20210407T172244_026364_0325B3_1DD7_COG.csv.gz,True,,2021,2021-04-07,ascending,88,sentinel-1b,1960,False,1,True,1960,0,1960,0,0,203,1757,1960,0,0,237,1723
S1B_IW_GRDH_1SDV_20210407T172244_20210407T172309_026364_0325B3_9FC3_COG,outputs\diagnostics\design_c\c2v\scene_checkpoints\primary\S1B_IW_GRDH_1SDV_20210407T172244_20210407T172309_026364_0325B3_9FC3_COG.csv.gz,True,,2021,2021-04-07,ascending,88,sentinel-1b,1950,False,1,True,1950,0,1950,0,0,57,1893,1950,0,0,106,1844
S1A_IW_GRDH_1SDV_20210407T052716_20210407T052741_037340_04665D_832E_COG,outputs\diagnostics\design_c\c2v\scene_checkpoints\primary\S1A_IW_GRDH_1SDV_20210407T052716_20210407T052741_037340_04665D_832E_COG.csv.gz,True,,2021,2021-04-07,descending,168,sentinel-1a,624,False,1,True,624,0,624,0,0,147,477,624,0,0,159,465
S1A_IW_GRDH_1SDV_20210407T052741_20210407T052806_037340_04665D_82C9_COG,outputs\diagnostics\design_c\c2v\scene_checkpoints\primary\S1A_IW_GRDH_1SDV_20210407T052741_20210407T052806_037340_04665D_82C9_COG.csv.gz,True,,2021,2021-04-07,descending,168,sentinel-1a,1995,False,1,True,1995,0,1995,0,0,363,1632,1995,0,0,419,1576
S1A_IW_GRDH_1SDV_20210408T171502_20210408T171527_037362_046716_5E02_COG,outputs\diagnostics\design_c\c2v\scene_checkpoints\primary\S1A_IW_GRDH_1SDV_20210408T171502_20210408T171527_037362_046716_5E02_COG.csv.gz,True,,2021,2021-04-08,ascending,15,sentinel-1a,4331,False,1,True,4331,0,4331,0,0,2,4329,4331,0,0,331,4000
S1A_IW_GRDH_1SDV_20210412T053529_20210412T053554_037413_0468E0_A8F2_COG,outputs\diagnostics\design_c\c2v\scene_checkpoints\primary\S1A_IW_GRDH_1SDV_20210412T053529_20210412T053554_037413_0468E0_A8F2_COG.csv.gz,True,,2021,2021-04-12,descending,66,sentinel-1a,3326,False,1,True,3326,0,3326,0,0,1,3325,3326,0,0,73,3253
S1A_IW_GRDH_1SDV_20210412T053554_20210412T053619_037413_0468E0_1C19_COG,outputs\diagnostics\design_c\c2v\scene_checkpoints\primary\S1A_IW_GRDH_1SDV_20210412T053554_20210412T053619_037413_0468E0_1C19_COG.csv.gz,True,,2021,2021-04-12,descending,66,sentinel-1a,1005,False,1,True,1005,0,1005,0,0,1,1004,1005,0,0,17,988
S1A_IW_GRDH_1SDV_20210413T172308_20210413T172333_037435_0469A9_A648_COG,outputs\diagnostics\design_c\c2v\scene_checkpoints\primary\S1A_IW_GRDH_1SDV_20210413T172308_20210413T172333_037435_0469A9_A648_COG.csv.gz,True,,2021,2021-04-13,ascending,88,sentinel-1a,3879,False,1,True,3879,0,3879,0,0,225,3654,3879,0,0,302,3577
S1A_IW_GRDH_1SDV_20210413T172333_20210413T172358_037435_0469A9_64A6_COG,outputs\diagnostics\design_c\c2v\scene_checkpoints\primary\S1A_IW_GRDH_1SDV_20210413T172333_20210413T172358_037435_0469A9_64A6_COG.csv.gz,True,,2021,2021-04-13,ascending,88,sentinel-1a,0,True,0,True,0,0,0,0,0,0,0,0,0,0,0,0
S1B_IW_GRDH_1SDV_20210413T052649_20210413T052714_026444_032830_433F_COG,outputs\diagnostics\design_c\c2v\scene_checkpoints\primary\S1B_IW_GRDH_1SDV_20210413T052649_20210413T052714_026444_032830_433F_COG.csv.gz,True,,2021,2021-04-13,descending,168,sentinel-1b,2316,False,1,True,2316,0,2316,0,0,216,2100,2316,0,0,231,2085
S1B_IW_GRDH_1SDV_20210414T171407_20210414T171432_026466_0328DE_1E2F_COG,outputs\diagnostics\design_c\c2v\scene_checkpoints\primary\S1B_IW_GRDH_1SDV_20210414T171407_20210414T171432_026466_0328DE_1E2F_COG.csv.gz,True,,2021,2021-04-14,ascending,15,sentinel-1b,1295,False,1,True,1295,0,1295,0,0,0,1295,1295,0,0,32,1263
S1B_IW_GRDH_1SDV_20210414T171432_20210414T171457_026466_0328DE_A38A_COG,outputs\diagnostics\design_c\c2v\scene_checkpoints\primary\S1B_IW_GRDH_1SDV_20210414T171432_20210414T171457_026466_0328DE_A38A_COG.csv.gz,True,,2021,2021-04-14,ascending,15,sentinel-1b,3036,False,1,True,3036,0,3036,0,0,2,3034,3036,0,0,184,2852
S1B_IW_GRDH_1SDV_20210418T053457_20210418T053522_026517_032A8E_F0E4_COG,outputs\diagnostics\design_c\c2v\scene_checkpoints\primary\S1B_IW_GRDH_1SDV_20210418T053457_20210418T053522_026517_032A8E_F0E4_COG.csv.gz,True,,2021,2021-04-18,descending,66,sentinel-1b,4331,False,1,True,4331,0,4331,0,0,4,4327,4331,0,0,278,4053
S1B_IW_GRDH_1SDV_20210419T172219_20210419T172244_026539_032B51_9471_COG,outputs\diagnostics\design_c\c2v\scene_checkpoints\primary\S1B_IW_GRDH_1SDV_20210419T172219_20210419T172244_026539_032B51_9471_COG.csv.gz,True,,2021,2021-04-19,ascending,88,sentinel-1b,1963,False,1,True,1963,0,1963,0,0,205,1758,1963,0,0,259,1704
S1B_IW_GRDH_1SDV_20210419T172244_20210419T172309_026539_032B51_F578_COG,outputs\diagnostics\design_c\c2v\scene_checkpoints\primary\S1B_IW_GRDH_1SDV_20210419T172244_20210419T172309_026539_032B51_F578_COG.csv.gz,True,,2021,2021-04-19,ascending,88,sentinel-1b,1946,False,1,True,1946,0,1946,0,0,59,1887,1946,0,0,123,1823
S1A_IW_GRDH_1SDV_20210419T052717_20210419T052742_037515_046C67_DFED_COG,outputs\diagnostics\design_c\c2v\scene_checkpoints\primary\S1A_IW_GRDH_1SDV_20210419T052717_20210419T052742_037515_046C67_DFED_COG.csv.gz,True,,2021,2021-04-19,descending,168,sentinel-1a,620,False,1,True,620,0,620,0,0,150,470,620,0,0,162,458
S1A_IW_GRDH_1SDV_20210419T052742_20210419T052807_037515_046C67_1A56_COG,outputs\diagnostics\design_c\c2v\scene_checkpoints\primary\S1A_IW_GRDH_1SDV_20210419T052742_20210419T052807_037515_046C67_1A56_COG.csv.gz,True,,2021,2021-04-19,descending,168,sentinel-1a,1990,False,1,True,1990,0,1990,0,0,363,1627,1990,0,0,427,1563
S1A_IW_GRDH_1SDV_20210420T171502_20210420T171527_037537_046D28_BEF6_COG,outputs\diagnostics\design_c\c2v\scene_checkpoints\primary\S1A_IW_GRDH_1SDV_20210420T171502_20210420T171527_037537_046D28_BEF6_COG.csv.gz,True,,2021,2021-04-20,ascending,15,sentinel-1a,4331,False,1,True,4331,0,4331,0,0,4,4327,4331,0,0,446,3885
S1A_IW_GRDH_1SDV_20210424T053530_20210424T053555_037588_046EE9_5C54_COG,outputs\diagnostics\design_c\c2v\scene_checkpoints\primary\S1A_IW_GRDH_1SDV_20210424T053530_20210424T053555_037588_046EE9_5C54_COG.csv.gz,True,,2021,2021-04-24,descending,66,sentinel-1a,3327,False,1,True,3327,0,3327,0,0,12,3315,3327,0,0,372,2955
S1A_IW_GRDH_1SDV_20210424T053555_20210424T053620_037588_046EE9_D452_COG,outputs\diagnostics\design_c\c2v\scene_checkpoints\primary\S1A_IW_GRDH_1SDV_20210424T053555_20210424T053620_037588_046EE9_D452_COG.csv.gz,True,,2021,2021-04-24,descending,66,sentinel-1a,1004,False,1,True,1004,0,1004,0,0,1,1003,1004,0,0,134,870
S1A_IW_GRDH_1SDV_20210425T172309_20210425T172334_037610_046FB2_646A_COG,outputs\diagnostics\design_c\c2v\scene_checkpoints\primary\S1A_IW_GRDH_1SDV_20210425T172309_20210425T172334_037610_046FB2_646A_COG.csv.gz,True,,2021,2021-04-25,ascending,88,sentinel-1a,3880,False,1,True,3880,0,3880,0,0,223,3657,3880,0,0,460,3420
S1A_IW_GRDH_1SDV_20210425T172334_20210425T172359_037610_046FB2_C07F_COG,outputs\diagnostics\design_c\c2v\scene_checkpoints\primary\S1A_IW_GRDH_1SDV_20210425T172334_20210425T172359_037610_046FB2_C07F_COG.csv.gz,True,,2021,2021-04-25,ascending,88,sentinel-1a,0,True,0,True,0,0,0,0,0,0,0,0,0,0,0,0
S1B_IW_GRDH_1SDV_20210425T052649_20210425T052714_026619_032DCD_3F7D_COG,outputs\diagnostics\design_c\c2v\scene_checkpoints\primary\S1B_IW_GRDH_1SDV_20210425T052649_20210425T052714_026619_032DCD_3F7D_COG.csv.gz,True,,2021,2021-04-25,descending,168,sentinel-1b,2320,False,1,True,2320,0,2320,0,0,218,2102,2320,0,0,312,2008
S1B_IW_GRDH_1SDV_20210426T171408_20210426T171433_026641_032E79_BAD9_COG,outputs\diagnostics\design_c\c2v\scene_checkpoints\primary\S1B_IW_GRDH_1SDV_20210426T171408_20210426T171433_026641_032E79_BAD9_COG.csv.gz,True,,2021,2021-04-26,ascending,15,sentinel-1b,1295,False,1,True,1295,0,1295,0,0,0,1295,1295,0,0,53,1242
S1B_IW_GRDH_1SDV_20210426T171433_20210426T171458_026641_032E79_5D66_COG,outputs\diagnostics\design_c\c2v\scene_checkpoints\primary\S1B_IW_GRDH_1SDV_20210426T171433_20210426T171458_026641_032E79_5D66_COG.csv.gz,True,,2021,2021-04-26,ascending,15,sentinel-1b,3036,False,1,True,3036,0,3036,0,0,8,3028,3036,0,0,173,2863
S1B_IW_GRDH_1SDV_20210430T053457_20210430T053522_026692_033029_F3B7_COG,outputs\diagnostics\design_c\c2v\scene_checkpoints\primary\S1B_IW_GRDH_1SDV_20210430T053457_20210430T053522_026692_033029_F3B7_COG.csv.gz,True,,2021,2021-04-30,descending,66,sentinel-1b,4331,False,1,True,4331,0,4331,0,0,6,4325,4331,0,0,139,4192
S1B_IW_GRDH_1SDV_20210501T172220_20210501T172245_026714_0330EA_A2BE_COG,outputs\diagnostics\design_c\c2v\scene_checkpoints\primary\S1B_IW_GRDH_1SDV_20210501T172220_20210501T172245_026714_0330EA_A2BE_COG.csv.gz,True,,2021,2021-05-01,ascending,88,sentinel-1b,1963,False,1,True,1963,0,1963,0,0,205,1758,1963,0,0,229,1734
S1B_IW_GRDH_1SDV_20210501T172245_20210501T172310_026714_0330EA_2838_COG,outputs\diagnostics\design_c\c2v\scene_checkpoints\primary\S1B_IW_GRDH_1SDV_20210501T172245_20210501T172310_026714_0330EA_2838_COG.csv.gz,True,,2021,2021-05-01,ascending,88,sentinel-1b,1948,False,1,True,1948,0,1948,0,0,55,1893,1948,0,0,103,1845
S1A_IW_GRDH_1SDV_20210501T052717_20210501T052742_037690_04727A_3608_COG,outputs\diagnostics\design_c\c2v\scene_checkpoints\primary\S1A_IW_GRDH_1SDV_20210501T052717_20210501T052742_037690_04727A_3608_COG.csv.gz,True,,2021,2021-05-01,descending,168,sentinel-1a,620,False,1,True,620,0,620,0,0,148,472,620,0,0,167,453
S1A_IW_GRDH_1SDV_20210501T052742_20210501T052807_037690_04727A_42A5_COG,outputs\diagnostics\design_c\c2v\scene_checkpoints\primary\S1A_IW_GRDH_1SDV_20210501T052742_20210501T052807_037690_04727A_42A5_COG.csv.gz,True,,2021,2021-05-01,descending,168,sentinel-1a,1990,False,1,True,1990,0,1990,0,0,360,1630,1990,0,0,390,1600
S1A_IW_GRDH_1SDV_20210502T171503_20210502T171528_037712_04733D_738F_COG,outputs\diagnostics\design_c\c2v\scene_checkpoints\primary\S1A_IW_GRDH_1SDV_20210502T171503_20210502T171528_037712_04733D_738F_COG.csv.gz,True,,2021,2021-05-02,ascending,15,sentinel-1a,4331,False,1,True,4331,0,4331,0,0,9,4322,4331,0,0,250,4081
S1A_IW_GRDH_1SDV_20210506T053530_20210506T053555_037763_0474F3_64F0_COG,outputs\diagnostics\design_c\c2v\scene_checkpoints\primary\S1A_IW_GRDH_1SDV_20210506T053530_20210506T053555_037763_0474F3_64F0_COG.csv.gz,True,,2021,2021-05-06,descending,66,sentinel-1a,3323,False,1,True,3323,0,3323,0,0,9,3314,3323,0,0,284,3039
S1A_IW_GRDH_1SDV_20210506T053555_20210506T053620_037763_0474F3_1EF3_COG,outputs\diagnostics\design_c\c2v\scene_checkpoints\primary\S1A_IW_GRDH_1SDV_20210506T053555_20210506T053620_037763_0474F3_1EF3_COG.csv.gz,True,,2021,2021-05-06,descending,66,sentinel-1a,1008,False,1,True,1008,0,1008,0,0,1,1007,1008,0,0,63,945
S1A_IW_GRDH_1SDV_20210507T172309_20210507T172334_037785_0475A6_BFCE_COG,outputs\diagnostics\design_c\c2v\scene_checkpoints\primary\S1A_IW_GRDH_1SDV_20210507T172309_20210507T172334_037785_0475A6_BFCE_COG.csv.gz,True,,2021,2021-05-07,ascending,88,sentinel-1a,3879,False,1,True,3879,0,3879,0,0,225,3654,3879,0,0,457,3422
S1A_IW_GRDH_1SDV_20210507T172334_20210507T172359_037785_0475A6_B9B9_COG,outputs\diagnostics\design_c\c2v\scene_checkpoints\primary\S1A_IW_GRDH_1SDV_20210507T172334_20210507T172359_037785_0475A6_B9B9_COG.csv.gz,True,,2021,2021-05-07,ascending,88,sentinel-1a,0,True,0,True,0,0,0,0,0,0,0,0,0,0,0,0
S1B_IW_GRDH_1SDV_20210507T052650_20210507T052715_026794_033365_6B15_COG,outputs\diagnostics\design_c\c2v\scene_checkpoints\primary\S1B_IW_GRDH_1SDV_20210507T052650_20210507T052715_026794_033365_6B15_COG.csv.gz,True,,2021,2021-05-07,descending,168,sentinel-1b,2315,False,1,True,2315,0,2315,0,0,223,2092,2315,0,0,269,2046
S1B_IW_GRDH_1SDV_20210508T171409_20210508T171434_026816_033416_E75D_COG,outputs\diagnostics\design_c\c2v\scene_checkpoints\primary\S1B_IW_GRDH_1SDV_20210508T171409_20210508T171434_026816_033416_E75D_COG.csv.gz,True,,2021,2021-05-08,ascending,15,sentinel-1b,1297,False,1,True,1297,0,1297,0,0,3,1294,1297,0,0,132,1165
S1B_IW_GRDH_1SDV_20210508T171434_20210508T171459_026816_033416_3385_COG,outputs\diagnostics\design_c\c2v\scene_checkpoints\primary\S1B_IW_GRDH_1SDV_20210508T171434_20210508T171459_026816_033416_3385_COG.csv.gz,True,,2021,2021-05-08,ascending,15,sentinel-1b,3033,False,1,True,3033,0,3033,0,0,18,3015,3033,0,0,334,2699
S1B_IW_GRDH_1SDV_20210512T053458_20210512T053523_026867_0335B6_7E1D_COG,outputs\diagnostics\design_c\c2v\scene_checkpoints\primary\S1B_IW_GRDH_1SDV_20210512T053458_20210512T053523_026867_0335B6_7E1D_COG.csv.gz,True,,2021,2021-05-12,descending,66,sentinel-1b,4331,False,1,True,4331,0,4331,0,0,8,4323,4331,0,0,152,4179
S1B_IW_GRDH_1SDV_20210513T172220_20210513T172245_026889_033668_86EB_COG,outputs\diagnostics\design_c\c2v\scene_checkpoints\primary\S1B_IW_GRDH_1SDV_20210513T172220_20210513T172245_026889_033668_86EB_COG.csv.gz,True,,2021,2021-05-13,ascending,88,sentinel-1b,1963,False,1,True,1963,0,1963,0,0,205,1758,1963,0,0,262,1701
S1B_IW_GRDH_1SDV_20210513T172245_20210513T172310_026889_033668_BD2A_COG,outputs\diagnostics\design_c\c2v\scene_checkpoints\primary\S1B_IW_GRDH_1SDV_20210513T172245_20210513T172310_026889_033668_BD2A_COG.csv.gz,True,,2021,2021-05-13,ascending,88,sentinel-1b,1946,False,1,True,1946,0,1946,0,0,57,1889,1946,0,0,155,1791
S1A_IW_GRDH_1SDV_20210513T052718_20210513T052743_037865_047810_B936_COG,outputs\diagnostics\design_c\c2v\scene_checkpoints\primary\S1A_IW_GRDH_1SDV_20210513T052718_20210513T052743_037865_047810_B936_COG.csv.gz,True,,2021,2021-05-13,descending,168,sentinel-1a,626,False,1,True,626,0,626,0,0,149,477,626,0,0,159,467
S1A_IW_GRDH_1SDV_20210513T052743_20210513T052808_037865_047810_E27B_COG,outputs\diagnostics\design_c\c2v\scene_checkpoints\primary\S1A_IW_GRDH_1SDV_20210513T052743_20210513T052808_037865_047810_E27B_COG.csv.gz,True,,2021,2021-05-13,descending,168,sentinel-1a,1996,False,1,True,1996,0,1996,0,0,363,1633,1996,0,0,389,1607
S1A_IW_GRDH_1SDV_20210514T171504_20210514T171529_037887_0478B1_3F10_COG,outputs\diagnostics\design_c\c2v\scene_checkpoints\primary\S1A_IW_GRDH_1SDV_20210514T171504_20210514T171529_037887_0478B1_3F10_COG.csv.gz,True,,2021,2021-05-14,ascending,15,sentinel-1a,4331,False,1,True,4331,0,4331,0,0,3,4328,4331,0,0,319,4012
S1A_IW_GRDH_1SDV_20210518T053531_20210518T053556_037938_047A3A_EA44_COG,outputs\diagnostics\design_c\c2v\scene_checkpoints\primary\S1A_IW_GRDH_1SDV_20210518T053531_20210518T053556_037938_047A3A_EA44_COG.csv.gz,True,,2021,2021-05-18,descending,66,sentinel-1a,3324,False,1,True,3324,0,3324,0,0,9,3315,3324,0,0,370,2954
S1A_IW_GRDH_1SDV_20210518T053556_20210518T053621_037938_047A3A_F6A7_COG,outputs\diagnostics\design_c\c2v\scene_checkpoints\primary\S1A_IW_GRDH_1SDV_20210518T053556_20210518T053621_037938_047A3A_F6A7_COG.csv.gz,True,,2021,2021-05-18,descending,66,sentinel-1a,1007,False,1,True,1007,0,1007,0,0,0,1007,1007,0,0,95,912
S1A_IW_GRDH_1SDV_20210519T172310_20210519T172335_037960_047AF4_CFD8_COG,outputs\diagnostics\design_c\c2v\scene_checkpoints\primary\S1A_IW_GRDH_1SDV_20210519T172310_20210519T172335_037960_047AF4_CFD8_COG.csv.gz,True,,2021,2021-05-19,ascending,88,sentinel-1a,3880,False,1,True,3880,0,3880,0,0,224,3656,3880,0,0,422,3458
S1A_IW_GRDH_1SDV_20210519T172335_20210519T172400_037960_047AF4_F752_COG,outputs\diagnostics\design_c\c2v\scene_checkpoints\primary\S1A_IW_GRDH_1SDV_20210519T172335_20210519T172400_037960_047AF4_F752_COG.csv.gz,True,,2021,2021-05-19,ascending,88,sentinel-1a,0,True,0,True,0,0,0,0,0,0,0,0,0,0,0,0
S1B_IW_GRDH_1SDV_20210519T052651_20210519T052716_026969_0338DC_BAD9_COG,outputs\diagnostics\design_c\c2v\scene_checkpoints\primary\S1B_IW_GRDH_1SDV_20210519T052651_20210519T052716_026969_0338DC_BAD9_COG.csv.gz,True,,2021,2021-05-19,descending,168,sentinel-1b,2315,False,1,True,2315,0,2315,0,0,220,2095,2315,0,0,297,2018
S1B_IW_GRDH_1SDV_20210520T171409_20210520T171434_026991_03397F_B00F_COG,outputs\diagnostics\design_c\c2v\scene_checkpoints\primary\S1B_IW_GRDH_1SDV_20210520T171409_20210520T171434_026991_03397F_B00F_COG.csv.gz,True,,2021,2021-05-20,ascending,15,sentinel-1b,1298,False,1,True,1298,0,1298,0,0,0,1298,1298,0,0,128,1170
S1B_IW_GRDH_1SDV_20210520T171434_20210520T171459_026991_03397F_F48C_COG,outputs\diagnostics\design_c\c2v\scene_checkpoints\primary\S1B_IW_GRDH_1SDV_20210520T171434_20210520T171459_026991_03397F_F48C_COG.csv.gz,True,,2021,2021-05-20,ascending,15,sentinel-1b,3033,False,1,True,3033,0,3033,0,0,14,3019,3033,0,0,339,2694
S1B_IW_GRDH_1SDV_20210524T053457_20210524T053522_027042_033B10_2F66_COG,outputs\diagnostics\design_c\c2v\scene_checkpoints\primary\S1B_IW_GRDH_1SDV_20210524T053457_20210524T053522_027042_033B10_2F66_COG.csv.gz,True,,2021,2021-05-24,descending,66,sentinel-1b,4331,False,1,True,4331,0,4331,0,0,6,4325,4331,0,0,356,3975
S1B_IW_GRDH_1SDV_20210525T172221_20210525T172246_027064_033BC2_BC3E_COG,outputs\diagnostics\design_c\c2v\scene_checkpoints\primary\S1B_IW_GRDH_1SDV_20210525T172221_20210525T172246_027064_033BC2_BC3E_COG.csv.gz,True,,2021,2021-05-25,ascending,88,sentinel-1b,1965,False,1,True,1965,0,1965,0,0,206,1759,1965,0,0,269,1696
S1B_IW_GRDH_1SDV_20210525T172246_20210525T172311_027064_033BC2_00F9_COG,outputs\diagnostics\design_c\c2v\scene_checkpoints\primary\S1B_IW_GRDH_1SDV_20210525T172246_20210525T172311_027064_033BC2_00F9_COG.csv.gz,True,,2021,2021-05-25,ascending,88,sentinel-1b,1946,False,1,True,1946,0,1946,0,0,57,1889,1946,0,0,142,1804
S1A_IW_GRDH_1SDV_20210525T052718_20210525T052743_038040_047D59_175B_COG,outputs\diagnostics\design_c\c2v\scene_checkpoints\primary\S1A_IW_GRDH_1SDV_20210525T052718_20210525T052743_038040_047D59_175B_COG.csv.gz,True,,2021,2021-05-25,descending,168,sentinel-1a,625,False,1,True,625,0,625,0,0,147,478,625,0,0,155,470
S1A_IW_GRDH_1SDV_20210525T052743_20210525T052808_038040_047D59_A90E_COG,outputs\diagnostics\design_c\c2v\scene_checkpoints\primary\S1A_IW_GRDH_1SDV_20210525T052743_20210525T052808_038040_047D59_A90E_COG.csv.gz,True,,2021,2021-05-25,descending,168,sentinel-1a,1996,False,1,True,1996,0,1996,0,0,363,1633,1996,0,0,383,1613
S1A_IW_GRDH_1SDV_20210526T171504_20210526T171529_038062_047DFC_3FF5_COG,outputs\diagnostics\design_c\c2v\scene_checkpoints\primary\S1A_IW_GRDH_1SDV_20210526T171504_20210526T171529_038062_047DFC_3FF5_COG.csv.gz,True,,2021,2021-05-26,ascending,15,sentinel-1a,4331,False,1,True,4331,0,4331,0,0,10,4321,4331,0,0,436,3895
S1A_IW_GRDH_1SDV_20210530T053531_20210530T053556_038113_047F7E_9090_COG,outputs\diagnostics\design_c\c2v\scene_checkpoints\primary\S1A_IW_GRDH_1SDV_20210530T053531_20210530T053556_038113_047F7E_9090_COG.csv.gz,True,,2021,2021-05-30,descending,66,sentinel-1a,3324,False,1,True,3324,0,3324,0,0,2,3322,3324,0,0,338,2986
S1A_IW_GRDH_1SDV_20210530T053556_20210530T053621_038113_047F7E_11B4_COG,outputs\diagnostics\design_c\c2v\scene_checkpoints\primary\S1A_IW_GRDH_1SDV_20210530T053556_20210530T053621_038113_047F7E_11B4_COG.csv.gz,True,,2021,2021-05-30,descending,66,sentinel-1a,1007,False,1,True,1007,0,1007,0,0,1,1006,1007,0,0,111,896
S1A_IW_GRDH_1SDV_20210531T172311_20210531T172336_038135_048035_CB89_COG,outputs\diagnostics\design_c\c2v\scene_checkpoints\primary\S1A_IW_GRDH_1SDV_20210531T172311_20210531T172336_038135_048035_CB89_COG.csv.gz,True,,2021,2021-05-31,ascending,88,sentinel-1a,3879,False,1,True,3879,0,3879,0,0,228,3651,3879,0,0,403,3476
S1A_IW_GRDH_1SDV_20210531T172336_20210531T172401_038135_048035_E3EB_COG,outputs\diagnostics\design_c\c2v\scene_checkpoints\primary\S1A_IW_GRDH_1SDV_20210531T172336_20210531T172401_038135_048035_E3EB_COG.csv.gz,True,,2021,2021-05-31,ascending,88,sentinel-1a,0,True,0,True,0,0,0,0,0,0,0,0,0,0,0,0
S1B_IW_GRDH_1SDV_20210531T052639_20210531T052704_027144_033E10_D6EE_COG,outputs\diagnostics\design_c\c2v\scene_checkpoints\primary\S1B_IW_GRDH_1SDV_20210531T052639_20210531T052704_027144_033E10_D6EE_COG.csv.gz,True,,2021,2021-05-31,descending,168,sentinel-1b,1647,False,1,True,1647,0,1647,0,0,274,1373,1647,0,0,314,1333
S1B_IW_GRDH_1SDV_20210531T052704_20210531T052729_027144_033E10_9647_COG,outputs\diagnostics\design_c\c2v\scene_checkpoints\primary\S1B_IW_GRDH_1SDV_20210531T052704_20210531T052729_027144_033E10_9647_COG.csv.gz,True,,2021,2021-05-31,descending,168,sentinel-1b,905,False,1,True,905,0,905,0,0,166,739,905,0,0,212,693
S1B_IW_GRDH_1SDV_20210601T171410_20210601T171435_027166_033EB1_3369_COG,outputs\diagnostics\design_c\c2v\scene_checkpoints\primary\S1B_IW_GRDH_1SDV_20210601T171410_20210601T171435_027166_033EB1_3369_COG.csv.gz,True,,2021,2021-06-01,ascending,15,sentinel-1b,1297,False,1,True,1297,0,1297,0,0,2,1295,1297,0,0,132,1165
S1B_IW_GRDH_1SDV_20210601T171435_20210601T171500_027166_033EB1_20B4_COG,outputs\diagnostics\design_c\c2v\scene_checkpoints\primary\S1B_IW_GRDH_1SDV_20210601T171435_20210601T171500_027166_033EB1_20B4_COG.csv.gz,True,,2021,2021-06-01,ascending,15,sentinel-1b,3033,False,1,True,3033,0,3033,0,0,9,3024,3033,0,0,354,2679
S1B_IW_GRDH_1SDV_20210605T053458_20210605T053523_027217_03404A_FF07_COG,outputs\diagnostics\design_c\c2v\scene_checkpoints\primary\S1B_IW_GRDH_1SDV_20210605T053458_20210605T053523_027217_03404A_FF07_COG.csv.gz,True,,2021,2021-06-05,descending,66,sentinel-1b,4331,False,1,True,4331,0,4331,0,0,9,4322,4331,0,0,403,3928
S1B_IW_GRDH_1SDV_20210606T172222_20210606T172247_027239_0340F3_A2B9_COG,outputs\diagnostics\design_c\c2v\scene_checkpoints\primary\S1B_IW_GRDH_1SDV_20210606T172222_20210606T172247_027239_0340F3_A2B9_COG.csv.gz,True,,2021,2021-06-06,ascending,88,sentinel-1b,1965,False,1,True,1965,0,1965,0,0,204,1761,1965,0,0,250,1715
S1B_IW_GRDH_1SDV_20210606T172247_20210606T172312_027239_0340F3_764F_COG,outputs\diagnostics\design_c\c2v\scene_checkpoints\primary\S1B_IW_GRDH_1SDV_20210606T172247_20210606T172312_027239_0340F3_764F_COG.csv.gz,True,,2021,2021-06-06,ascending,88,sentinel-1b,1944,False,1,True,1944,0,1944,0,0,58,1886,1944,0,0,124,1820
S1A_IW_GRDH_1SDV_20210606T052719_20210606T052744_038215_04828D_9E38_COG,outputs\diagnostics\design_c\c2v\scene_checkpoints\primary\S1A_IW_GRDH_1SDV_20210606T052719_20210606T052744_038215_04828D_9E38_COG.csv.gz,True,,2021,2021-06-06,descending,168,sentinel-1a,621,False,1,True,621,0,621,0,0,148,473,621,0,0,166,455
S1A_IW_GRDH_1SDV_20210606T052744_20210606T052809_038215_04828D_E69D_COG,outputs\diagnostics\design_c\c2v\scene_checkpoints\primary\S1A_IW_GRDH_1SDV_20210606T052744_20210606T052809_038215_04828D_E69D_COG.csv.gz,True,,2021,2021-06-06,descending,168,sentinel-1a,1992,False,1,True,1992,0,1992,0,0,362,1630,1992,0,0,412,1580
S1A_IW_GRDH_1SDV_20210607T171505_20210607T171530_038237_04832F_631B_COG,outputs\diagnostics\design_c\c2v\scene_checkpoints\primary\S1A_IW_GRDH_1SDV_20210607T171505_20210607T171530_038237_04832F_631B_COG.csv.gz,True,,2021,2021-06-07,ascending,15,sentinel-1a,4331,False,1,True,4331,0,4331,0,0,5,4326,4331,0,0,365,3966
S1A_IW_GRDH_1SDV_20210611T053532_20210611T053557_038288_0484AB_4D5C_COG,outputs\diagnostics\design_c\c2v\scene_checkpoints\primary\S1A_IW_GRDH_1SDV_20210611T053532_20210611T053557_038288_0484AB_4D5C_COG.csv.gz,True,,2021,2021-06-11,descending,66,sentinel-1a,3324,False,1,True,3324,0,3324,0,0,0,3324,3324,0,0,215,3109
S1A_IW_GRDH_1SDV_20210611T053557_20210611T053622_038288_0484AB_624E_COG,outputs\diagnostics\design_c\c2v\scene_checkpoints\primary\S1A_IW_GRDH_1SDV_20210611T053557_20210611T053622_038288_0484AB_624E_COG.csv.gz,True,,2021,2021-06-11,descending,66,sentinel-1a,1007,False,1,True,1007,0,1007,0,0,0,1007,1007,0,0,83,924
S1A_IW_GRDH_1SDV_20210612T172312_20210612T172337_038310_048562_7428_COG,outputs\diagnostics\design_c\c2v\scene_checkpoints\primary\S1A_IW_GRDH_1SDV_20210612T172312_20210612T172337_038310_048562_7428_COG.csv.gz,True,,2021,2021-06-12,ascending,88,sentinel-1a,3879,False,1,True,3879,0,3879,0,0,225,3654,3879,0,0,325,3554
S1A_IW_GRDH_1SDV_20210612T172337_20210612T172402_038310_048562_8E7B_COG,outputs\diagnostics\design_c\c2v\scene_checkpoints\primary\S1A_IW_GRDH_1SDV_20210612T172337_20210612T172402_038310_048562_8E7B_COG.csv.gz,True,,2021,2021-06-12,ascending,88,sentinel-1a,0,True,0,True,0,0,0,0,0,0,0,0,0,0,0,0
S1B_IW_GRDH_1SDV_20210612T052640_20210612T052705_027319_034352_7E23_COG,outputs\diagnostics\design_c\c2v\scene_checkpoints\primary\S1B_IW_GRDH_1SDV_20210612T052640_20210612T052705_027319_034352_7E23_COG.csv.gz,True,,2021,2021-06-12,descending,168,sentinel-1b,1653,False,1,True,1653,0,1653,0,0,277,1376,1653,0,0,297,1356
S1B_IW_GRDH_1SDV_20210612T052705_20210612T052730_027319_034352_DC48_COG,outputs\diagnostics\design_c\c2v\scene_checkpoints\primary\S1B_IW_GRDH_1SDV_20210612T052705_20210612T052730_027319_034352_DC48_COG.csv.gz,True,,2021,2021-06-12,descending,168,sentinel-1b,906,False,1,True,906,0,906,0,0,168,738,906,0,0,199,707
S1B_IW_GRDH_1SDV_20210613T171411_20210613T171436_027341_0343F3_BA4A_COG,outputs\diagnostics\design_c\c2v\scene_checkpoints\primary\S1B_IW_GRDH_1SDV_20210613T171411_20210613T171436_027341_0343F3_BA4A_COG.csv.gz,True,,2021,2021-06-13,ascending,15,sentinel-1b,1295,False,1,True,1295,0,1295,0,0,1,1294,1295,0,0,70,1225
S1B_IW_GRDH_1SDV_20210613T171436_20210613T171501_027341_0343F3_4C2C_COG,outputs\diagnostics\design_c\c2v\scene_checkpoints\primary\S1B_IW_GRDH_1SDV_20210613T171436_20210613T171501_027341_0343F3_4C2C_COG.csv.gz,True,,2021,2021-06-13,ascending,15,sentinel-1b,3036,False,1,True,3036,0,3036,0,0,1,3035,3036,0,0,209,2827
S1B_IW_GRDH_1SDV_20210617T053459_20210617T053524_027392_034585_050D_COG,outputs\diagnostics\design_c\c2v\scene_checkpoints\primary\S1B_IW_GRDH_1SDV_20210617T053459_20210617T053524_027392_034585_050D_COG.csv.gz,True,,2021,2021-06-17,descending,66,sentinel-1b,4331,False,1,True,4331,0,4331,0,0,3,4328,4331,0,0,160,4171
S1B_IW_GRDH_1SDV_20210618T172222_20210618T172247_027414_034636_3C66_COG,outputs\diagnostics\design_c\c2v\scene_checkpoints\primary\S1B_IW_GRDH_1SDV_20210618T172222_20210618T172247_027414_034636_3C66_COG.csv.gz,True,,2021,2021-06-18,ascending,88,sentinel-1b,1962,False,1,True,1962,0,1962,0,0,205,1757,1962,0,0,227,1735
S1B_IW_GRDH_1SDV_20210618T172247_20210618T172312_027414_034636_4711_COG,outputs\diagnostics\design_c\c2v\scene_checkpoints\primary\S1B_IW_GRDH_1SDV_20210618T172247_20210618T172312_027414_034636_4711_COG.csv.gz,True,,2021,2021-06-18,ascending,88,sentinel-1b,1946,False,1,True,1946,0,1946,0,0,58,1888,1946,0,0,81,1865
S1A_IW_GRDH_1SDV_20210618T052720_20210618T052745_038390_0487C0_4962_COG,outputs\diagnostics\design_c\c2v\scene_checkpoints\primary\S1A_IW_GRDH_1SDV_20210618T052720_20210618T052745_038390_0487C0_4962_COG.csv.gz,True,,2021,2021-06-18,descending,168,sentinel-1a,622,False,1,True,622,0,622,0,0,147,475,622,0,0,158,464
S1A_IW_GRDH_1SDV_20210618T052745_20210618T052810_038390_0487C0_01F6_COG,outputs\diagnostics\design_c\c2v\scene_checkpoints\primary\S1A_IW_GRDH_1SDV_20210618T052745_20210618T052810_038390_0487C0_01F6_COG.csv.gz,True,,2021,2021-06-18,descending,168,sentinel-1a,1992,False,1,True,1992,0,1992,0,0,360,1632,1992,0,0,381,1611
S1A_IW_GRDH_1SDV_20210619T171506_20210619T171531_038412_048863_29D1_COG,outputs\diagnostics\design_c\c2v\scene_checkpoints\primary\S1A_IW_GRDH_1SDV_20210619T171506_20210619T171531_038412_048863_29D1_COG.csv.gz,True,,2021,2021-06-19,ascending,15,sentinel-1a,4331,False,1,True,4331,0,4331,0,0,4,4327,4331,0,0,229,4102
S1A_IW_GRDH_1SDV_20210623T053533_20210623T053558_038463_0489E1_452C_COG,outputs\diagnostics\design_c\c2v\scene_checkpoints\primary\S1A_IW_GRDH_1SDV_20210623T053533_20210623T053558_038463_0489E1_452C_COG.csv.gz,True,,2021,2021-06-23,descending,66,sentinel-1a,3329,False,1,True,3329,0,3329,0,0,1,3328,3329,0,0,111,3218
S1A_IW_GRDH_1SDV_20210623T053558_20210623T053623_038463_0489E1_C842_COG,outputs\diagnostics\design_c\c2v\scene_checkpoints\primary\S1A_IW_GRDH_1SDV_20210623T053558_20210623T053623_038463_0489E1_C842_COG.csv.gz,True,,2021,2021-06-23,descending,66,sentinel-1a,1002,False,1,True,1002,0,1002,0,0,0,1002,1002,0,0,26,976
S1A_IW_GRDH_1SDV_20210624T172312_20210624T172337_038485_048A9C_2FDB_COG,outputs\diagnostics\design_c\c2v\scene_checkpoints\primary\S1A_IW_GRDH_1SDV_20210624T172312_20210624T172337_038485_048A9C_2FDB_COG.csv.gz,True,,2021,2021-06-24,ascending,88,sentinel-1a,3883,False,1,True,3883,0,3883,0,0,224,3659,3883,0,0,268,3615
S1A_IW_GRDH_1SDV_20210624T172337_20210624T172402_038485_048A9C_62B2_COG,outputs\diagnostics\design_c\c2v\scene_checkpoints\primary\S1A_IW_GRDH_1SDV_20210624T172337_20210624T172402_038485_048A9C_62B2_COG.csv.gz,True,,2021,2021-06-24,ascending,88,sentinel-1a,0,True,0,True,0,0,0,0,0,0,0,0,0,0,0,0
S1B_IW_GRDH_1SDV_20210624T052641_20210624T052706_027494_034848_AA84_COG,outputs\diagnostics\design_c\c2v\scene_checkpoints\primary\S1B_IW_GRDH_1SDV_20210624T052641_20210624T052706_027494_034848_AA84_COG.csv.gz,True,,2021,2021-06-24,descending,168,sentinel-1b,1652,False,1,True,1652,0,1652,0,0,278,1374,1652,0,0,286,1366
S1B_IW_GRDH_1SDV_20210624T052706_20210624T052731_027494_034848_C76B_COG,outputs\diagnostics\design_c\c2v\scene_checkpoints\primary\S1B_IW_GRDH_1SDV_20210624T052706_20210624T052731_027494_034848_C76B_COG.csv.gz,True,,2021,2021-06-24,descending,168,sentinel-1b,906,False,1,True,906,0,906,0,0,168,738,906,0,0,173,733
S1B_IW_GRDH_1SDV_20210625T171411_20210625T171436_027516_0348DE_1DB3_COG,outputs\diagnostics\design_c\c2v\scene_checkpoints\primary\S1B_IW_GRDH_1SDV_20210625T171411_20210625T171436_027516_0348DE_1DB3_COG.csv.gz,True,,2021,2021-06-25,ascending,15,sentinel-1b,1296,False,1,True,1296,0,1296,0,0,0,1296,1296,0,0,35,1261
S1B_IW_GRDH_1SDV_20210625T171436_20210625T171501_027516_0348DE_8CAE_COG,outputs\diagnostics\design_c\c2v\scene_checkpoints\primary\S1B_IW_GRDH_1SDV_20210625T171436_20210625T171501_027516_0348DE_8CAE_COG.csv.gz,True,,2021,2021-06-25,ascending,15,sentinel-1b,3035,False,1,True,3035,0,3035,0,0,0,3035,3035,0,0,111,2924
S1B_IW_GRDH_1SDV_20210629T053500_20210629T053525_027567_034A71_E3B7_COG,outputs\diagnostics\design_c\c2v\scene_checkpoints\primary\S1B_IW_GRDH_1SDV_20210629T053500_20210629T053525_027567_034A71_E3B7_COG.csv.gz,True,,2021,2021-06-29,descending,66,sentinel-1b,4331,False,1,True,4331,0,4331,0,0,1,4330,4331,0,0,65,4266
S1A_IW_GRDH_1SDV_20210630T052721_20210630T052746_038565_048CFD_B393_COG,outputs\diagnostics\design_c\c2v\scene_checkpoints\primary\S1A_IW_GRDH_1SDV_20210630T052721_20210630T052746_038565_048CFD_B393_COG.csv.gz,True,,2021,2021-06-30,descending,168,sentinel-1a,621,False,1,True,621,0,621,0,0,147,474,621,0,0,151,470
S1A_IW_GRDH_1SDV_20210630T052746_20210630T052811_038565_048CFD_E5D4_COG,outputs\diagnostics\design_c\c2v\scene_checkpoints\primary\S1A_IW_GRDH_1SDV_20210630T052746_20210630T052811_038565_048CFD_E5D4_COG.csv.gz,True,,2021,2021-06-30,descending,168,sentinel-1a,1991,False,1,True,1991,0,1991,0,0,361,1630,1991,0,0,375,1616
S1A_IW_GRDH_1SDV_20210701T171506_20210701T171531_038587_048D9E_EF15_COG,outputs\diagnostics\design_c\c2v\scene_checkpoints\primary\S1A_IW_GRDH_1SDV_20210701T171506_20210701T171531_038587_048D9E_EF15_COG.csv.gz,True,,2021,2021-07-01,ascending,15,sentinel-1a,4331,False,1,True,4331,0,4331,0,0,0,4331,4331,0,0,89,4242
S1A_IW_GRDH_1SDV_20210705T053534_20210705T053559_038638_048F2B_CC2D_COG,outputs\diagnostics\design_c\c2v\scene_checkpoints\primary\S1A_IW_GRDH_1SDV_20210705T053534_20210705T053559_038638_048F2B_CC2D_COG.csv.gz,True,,2021,2021-07-05,descending,66,sentinel-1a,3327,False,1,True,3327,0,3327,0,0,0,3327,3327,0,0,25,3302
S1A_IW_GRDH_1SDV_20210705T053559_20210705T053624_038638_048F2B_CD93_COG,outputs\diagnostics\design_c\c2v\scene_checkpoints\primary\S1A_IW_GRDH_1SDV_20210705T053559_20210705T053624_038638_048F2B_CD93_COG.csv.gz,True,,2021,2021-07-05,descending,66,sentinel-1a,1004,False,1,True,1004,0,1004,0,0,0,1004,1004,0,0,9,995
S1A_IW_GRDH_1SDV_20210706T172313_20210706T172338_038660_048FE2_29B0_COG,outputs\diagnostics\design_c\c2v\scene_checkpoints\primary\S1A_IW_GRDH_1SDV_20210706T172313_20210706T172338_038660_048FE2_29B0_COG.csv.gz,True,,2021,2021-07-06,ascending,88,sentinel-1a,3880,False,1,True,3880,0,3880,0,0,223,3657,3880,0,0,242,3638
S1A_IW_GRDH_1SDV_20210706T172338_20210706T172403_038660_048FE2_7FC9_COG,outputs\diagnostics\design_c\c2v\scene_checkpoints\primary\S1A_IW_GRDH_1SDV_20210706T172338_20210706T172403_038660_048FE2_7FC9_COG.csv.gz,True,,2021,2021-07-06,ascending,88,sentinel-1a,0,True,0,True,0,0,0,0,0,0,0,0,0,0,0,0
S1B_IW_GRDH_1SDV_20210706T052641_20210706T052706_027669_034D60_DCD0_COG,outputs\diagnostics\design_c\c2v\scene_checkpoints\primary\S1B_IW_GRDH_1SDV_20210706T052641_20210706T052706_027669_034D60_DCD0_COG.csv.gz,True,,2021,2021-07-06,descending,168,sentinel-1b,1648,False,1,True,1648,0,1648,0,0,283,1365,1648,0,0,288,1360
S1B_IW_GRDH_1SDV_20210706T052706_20210706T052731_027669_034D60_1D73_COG,outputs\diagnostics\design_c\c2v\scene_checkpoints\primary\S1B_IW_GRDH_1SDV_20210706T052706_20210706T052731_027669_034D60_1D73_COG.csv.gz,True,,2021,2021-07-06,descending,168,sentinel-1b,904,False,1,True,904,0,904,0,0,167,737,904,0,0,169,735
S1B_IW_GRDH_1SDV_20210707T171412_20210707T171437_027691_034E02_649D_COG,outputs\diagnostics\design_c\c2v\scene_checkpoints\primary\S1B_IW_GRDH_1SDV_20210707T171412_20210707T171437_027691_034E02_649D_COG.csv.gz,True,,2021,2021-07-07,ascending,15,sentinel-1b,1295,False,1,True,1295,0,1295,0,0,0,1295,1295,0,0,21,1274
S1B_IW_GRDH_1SDV_20210707T171437_20210707T171502_027691_034E02_FB60_COG,outputs\diagnostics\design_c\c2v\scene_checkpoints\primary\S1B_IW_GRDH_1SDV_20210707T171437_20210707T171502_027691_034E02_FB60_COG.csv.gz,True,,2021,2021-07-07,ascending,15,sentinel-1b,3036,False,1,True,3036,0,3036,0,0,1,3035,3036,0,0,30,3006
S1B_IW_GRDH_1SDV_20210711T053500_20210711T053525_027742_034F8F_801F_COG,outputs\diagnostics\design_c\c2v\scene_checkpoints\primary\S1B_IW_GRDH_1SDV_20210711T053500_20210711T053525_027742_034F8F_801F_COG.csv.gz,True,,2021,2021-07-11,descending,66,sentinel-1b,4331,False,1,True,4331,0,4331,0,0,0,4331,4331,0,0,31,4300
S1B_IW_GRDH_1SDV_20210712T172224_20210712T172249_027764_03503E_FF0F_COG,outputs\diagnostics\design_c\c2v\scene_checkpoints\primary\S1B_IW_GRDH_1SDV_20210712T172224_20210712T172249_027764_03503E_FF0F_COG.csv.gz,True,,2021,2021-07-12,ascending,88,sentinel-1b,1966,False,1,True,1966,0,1966,0,0,206,1760,1966,0,0,212,1754
S1B_IW_GRDH_1SDV_20210712T172249_20210712T172314_027764_03503E_E541_COG,outputs\diagnostics\design_c\c2v\scene_checkpoints\primary\S1B_IW_GRDH_1SDV_20210712T172249_20210712T172314_027764_03503E_E541_COG.csv.gz,True,,2021,2021-07-12,ascending,88,sentinel-1b,1946,False,1,True,1946,0,1946,0,0,55,1891,1946,0,0,60,1886
S1A_IW_GRDH_1SDV_20210712T052721_20210712T052746_038740_049246_EC03_COG,outputs\diagnostics\design_c\c2v\scene_checkpoints\primary\S1A_IW_GRDH_1SDV_20210712T052721_20210712T052746_038740_049246_EC03_COG.csv.gz,True,,2021,2021-07-12,descending,168,sentinel-1a,627,False,1,True,627,0,627,0,0,147,480,627,0,0,147,480
S1A_IW_GRDH_1SDV_20210712T052746_20210712T052811_038740_049246_4240_COG,outputs\diagnostics\design_c\c2v\scene_checkpoints\primary\S1A_IW_GRDH_1SDV_20210712T052746_20210712T052811_038740_049246_4240_COG.csv.gz,True,,2021,2021-07-12,descending,168,sentinel-1a,1993,False,1,True,1993,0,1993,0,0,361,1632,1993,0,0,368,1625
S1A_IW_GRDH_1SDV_20210713T171507_20210713T171532_038762_0492ED_BA18_COG,outputs\diagnostics\design_c\c2v\scene_checkpoints\primary\S1A_IW_GRDH_1SDV_20210713T171507_20210713T171532_038762_0492ED_BA18_COG.csv.gz,True,,2021,2021-07-13,ascending,15,sentinel-1a,4331,False,1,True,4331,0,4331,0,0,1,4330,4331,0,0,59,4272
S1A_IW_GRDH_1SDV_20210717T053534_20210717T053559_038813_049468_7870_COG,outputs\diagnostics\design_c\c2v\scene_checkpoints\primary\S1A_IW_GRDH_1SDV_20210717T053534_20210717T053559_038813_049468_7870_COG.csv.gz,True,,2021,2021-07-17,descending,66,sentinel-1a,3329,False,1,True,3329,0,3329,0,0,1,3328,3329,0,0,30,3299
S1A_IW_GRDH_1SDV_20210717T053559_20210717T053624_038813_049468_4DA5_COG,outputs\diagnostics\design_c\c2v\scene_checkpoints\primary\S1A_IW_GRDH_1SDV_20210717T053559_20210717T053624_038813_049468_4DA5_COG.csv.gz,True,,2021,2021-07-17,descending,66,sentinel-1a,1002,False,1,True,1002,0,1002,0,0,0,1002,1002,0,0,6,996
S1A_IW_GRDH_1SDV_20210718T172314_20210718T172339_038835_049522_2695_COG,outputs\diagnostics\design_c\c2v\scene_checkpoints\primary\S1A_IW_GRDH_1SDV_20210718T172314_20210718T172339_038835_049522_2695_COG.csv.gz,True,,2021,2021-07-18,ascending,88,sentinel-1a,3876,False,1,True,3876,0,3876,0,0,223,3653,3876,0,0,242,3634
S1A_IW_GRDH_1SDV_20210718T172339_20210718T172404_038835_049522_DB41_COG,outputs\diagnostics\design_c\c2v\scene_checkpoints\primary\S1A_IW_GRDH_1SDV_20210718T172339_20210718T172404_038835_049522_DB41_COG.csv.gz,True,,2021,2021-07-18,ascending,88,sentinel-1a,0,True,0,True,0,0,0,0,0,0,0,0,0,0,0,0
S1B_IW_GRDH_1SDV_20210718T052642_20210718T052707_027844_035293_C00E_COG,outputs\diagnostics\design_c\c2v\scene_checkpoints\primary\S1B_IW_GRDH_1SDV_20210718T052642_20210718T052707_027844_035293_C00E_COG.csv.gz,True,,2021,2021-07-18,descending,168,sentinel-1b,1648,False,1,True,1648,0,1648,0,0,285,1363,1648,0,0,289,1359
S1B_IW_GRDH_1SDV_20210718T052707_20210718T052732_027844_035293_A1AA_COG,outputs\diagnostics\design_c\c2v\scene_checkpoints\primary\S1B_IW_GRDH_1SDV_20210718T052707_20210718T052732_027844_035293_A1AA_COG.csv.gz,True,,2021,2021-07-18,descending,168,sentinel-1b,904,False,1,True,904,0,904,0,0,167,737,904,0,0,172,732
S1B_IW_GRDH_1SDV_20210719T171413_20210719T171438_027866_035336_C014_COG,outputs\diagnostics\design_c\c2v\scene_checkpoints\primary\S1B_IW_GRDH_1SDV_20210719T171413_20210719T171438_027866_035336_C014_COG.csv.gz,True,,2021,2021-07-19,ascending,15,sentinel-1b,1295,False,1,True,1295,0,1295,0,0,0,1295,1295,0,0,13,1282
S1B_IW_GRDH_1SDV_20210719T171438_20210719T171503_027866_035336_E788_COG,outputs\diagnostics\design_c\c2v\scene_checkpoints\primary\S1B_IW_GRDH_1SDV_20210719T171438_20210719T171503_027866_035336_E788_COG.csv.gz,True,,2021,2021-07-19,ascending,15,sentinel-1b,3036,False,1,True,3036,0,3036,0,0,3,3033,3036,0,0,20,3016
S1B_IW_GRDH_1SDV_20210723T053501_20210723T053526_027917_0354BF_A102_COG,outputs\diagnostics\design_c\c2v\scene_checkpoints\primary\S1B_IW_GRDH_1SDV_20210723T053501_20210723T053526_027917_0354BF_A102_COG.csv.gz,True,,2021,2021-07-23,descending,66,sentinel-1b,4331,False,1,True,4331,0,4331,0,0,1,4330,4331,0,0,29,4302
S1B_IW_GRDH_1SDV_20210724T172224_20210724T172249_027939_03556E_851E_COG,outputs\diagnostics\design_c\c2v\scene_checkpoints\primary\S1B_IW_GRDH_1SDV_20210724T172224_20210724T172249_027939_03556E_851E_COG.csv.gz,True,,2021,2021-07-24,ascending,88,sentinel-1b,1966,False,1,True,1966,0,1966,0,0,206,1760,1966,0,0,213,1753
S1B_IW_GRDH_1SDV_20210724T172249_20210724T172314_027939_03556E_3ACF_COG,outputs\diagnostics\design_c\c2v\scene_checkpoints\primary\S1B_IW_GRDH_1SDV_20210724T172249_20210724T172314_027939_03556E_3ACF_COG.csv.gz,True,,2021,2021-07-24,ascending,88,sentinel-1b,1946,False,1,True,1946,0,1946,0,0,55,1891,1946,0,0,59,1887
S1A_IW_GRDH_1SDV_20210724T052722_20210724T052747_038915_049781_DF3F_COG,outputs\diagnostics\design_c\c2v\scene_checkpoints\primary\S1A_IW_GRDH_1SDV_20210724T052722_20210724T052747_038915_049781_DF3F_COG.csv.gz,True,,2021,2021-07-24,descending,168,sentinel-1a,624,False,1,True,624,0,624,0,0,147,477,624,0,0,150,474
S1A_IW_GRDH_1SDV_20210724T052747_20210724T052812_038915_049781_2DF6_COG,outputs\diagnostics\design_c\c2v\scene_checkpoints\primary\S1A_IW_GRDH_1SDV_20210724T052747_20210724T052812_038915_049781_2DF6_COG.csv.gz,True,,2021,2021-07-24,descending,168,sentinel-1a,1992,False,1,True,1992,0,1992,0,0,361,1631,1992,0,0,367,1625
S1A_IW_GRDH_1SDV_20210725T171508_20210725T171533_038937_049829_F55E_COG,outputs\diagnostics\design_c\c2v\scene_checkpoints\primary\S1A_IW_GRDH_1SDV_20210725T171508_20210725T171533_038937_049829_F55E_COG.csv.gz,True,,2021,2021-07-25,ascending,15,sentinel-1a,4331,False,1,True,4331,0,4331,0,0,0,4331,4331,0,0,50,4281
S1A_IW_GRDH_1SDV_20210729T053535_20210729T053600_038988_04999A_F8F6_COG,outputs\diagnostics\design_c\c2v\scene_checkpoints\primary\S1A_IW_GRDH_1SDV_20210729T053535_20210729T053600_038988_04999A_F8F6_COG.csv.gz,True,,2021,2021-07-29,descending,66,sentinel-1a,3324,False,1,True,3324,0,3324,0,0,0,3324,3324,0,0,19,3305
S1A_IW_GRDH_1SDV_20210729T053600_20210729T053625_038988_04999A_6E34_COG,outputs\diagnostics\design_c\c2v\scene_checkpoints\primary\S1A_IW_GRDH_1SDV_20210729T053600_20210729T053625_038988_04999A_6E34_COG.csv.gz,True,,2021,2021-07-29,descending,66,sentinel-1a,1007,False,1,True,1007,0,1007,0,0,0,1007,1007,0,0,10,997
S1A_IW_GRDH_1SDV_20210730T172314_20210730T172339_039010_049A54_52BE_COG,outputs\diagnostics\design_c\c2v\scene_checkpoints\primary\S1A_IW_GRDH_1SDV_20210730T172314_20210730T172339_039010_049A54_52BE_COG.csv.gz,True,,2021,2021-07-30,ascending,88,sentinel-1a,3880,False,1,True,3880,0,3880,0,0,224,3656,3880,0,0,230,3650
S1A_IW_GRDH_1SDV_20210730T172339_20210730T172404_039010_049A54_101D_COG,outputs\diagnostics\design_c\c2v\scene_checkpoints\primary\S1A_IW_GRDH_1SDV_20210730T172339_20210730T172404_039010_049A54_101D_COG.csv.gz,True,,2021,2021-07-30,ascending,88,sentinel-1a,0,True,0,True,0,0,0,0,0,0,0,0,0,0,0,0
S1B_IW_GRDH_1SDV_20210730T052643_20210730T052708_028019_0357B2_37EA_COG,outputs\diagnostics\design_c\c2v\scene_checkpoints\primary\S1B_IW_GRDH_1SDV_20210730T052643_20210730T052708_028019_0357B2_37EA_COG.csv.gz,True,,2021,2021-07-30,descending,168,sentinel-1b,1648,False,1,True,1648,0,1648,0,0,276,1372,1648,0,0,278,1370
S1B_IW_GRDH_1SDV_20210730T052708_20210730T052733_028019_0357B2_0DB2_COG,outputs\diagnostics\design_c\c2v\scene_checkpoints\primary\S1B_IW_GRDH_1SDV_20210730T052708_20210730T052733_028019_0357B2_0DB2_COG.csv.gz,True,,2021,2021-07-30,descending,168,sentinel-1b,903,False,1,True,903,0,903,0,0,166,737,903,0,0,171,732
S1B_IW_GRDH_1SDV_20210731T171414_20210731T171439_028041_035850_4DC1_COG,outputs\diagnostics\design_c\c2v\scene_checkpoints\primary\S1B_IW_GRDH_1SDV_20210731T171414_20210731T171439_028041_035850_4DC1_COG.csv.gz,True,,2021,2021-07-31,ascending,15,sentinel-1b,1298,False,1,True,1298,0,1298,0,0,0,1298,1298,0,0,6,1292
S1B_IW_GRDH_1SDV_20210731T171439_20210731T171504_028041_035850_1A91_COG,outputs\diagnostics\design_c\c2v\scene_checkpoints\primary\S1B_IW_GRDH_1SDV_20210731T171439_20210731T171504_028041_035850_1A91_COG.csv.gz,True,,2021,2021-07-31,ascending,15,sentinel-1b,3033,False,1,True,3033,0,3033,0,0,0,3033,3033,0,0,17,3016
S1B_IW_GRDH_1SDV_20210804T053502_20210804T053527_028092_0359E9_1B7E_COG,outputs\diagnostics\design_c\c2v\scene_checkpoints\primary\S1B_IW_GRDH_1SDV_20210804T053502_20210804T053527_028092_0359E9_1B7E_COG.csv.gz,True,,2021,2021-08-04,descending,66,sentinel-1b,4331,False,1,True,4331,0,4331,0,0,0,4331,4331,0,0,23,4308
S1B_IW_GRDH_1SDV_20210805T172225_20210805T172250_028114_035A9F_A705_COG,outputs\diagnostics\design_c\c2v\scene_checkpoints\primary\S1B_IW_GRDH_1SDV_20210805T172225_20210805T172250_028114_035A9F_A705_COG.csv.gz,True,,2021,2021-08-05,ascending,88,sentinel-1b,1968,False,1,True,1968,0,1968,0,0,206,1762,1968,0,0,214,1754
S1B_IW_GRDH_1SDV_20210805T172250_20210805T172315_028114_035A9F_85AA_COG,outputs\diagnostics\design_c\c2v\scene_checkpoints\primary\S1B_IW_GRDH_1SDV_20210805T172250_20210805T172315_028114_035A9F_85AA_COG.csv.gz,True,,2021,2021-08-05,ascending,88,sentinel-1b,1946,False,1,True,1946,0,1946,0,0,55,1891,1946,0,0,59,1887
S1A_IW_GRDH_1SDV_20210805T052723_20210805T052748_039090_049CCC_EECE_COG,outputs\diagnostics\design_c\c2v\scene_checkpoints\primary\S1A_IW_GRDH_1SDV_20210805T052723_20210805T052748_039090_049CCC_EECE_COG.csv.gz,True,,2021,2021-08-05,descending,168,sentinel-1a,625,False,1,True,625,0,625,0,0,147,478,625,0,0,148,477
S1A_IW_GRDH_1SDV_20210805T052748_20210805T052813_039090_049CCC_1EFB_COG,outputs\diagnostics\design_c\c2v\scene_checkpoints\primary\S1A_IW_GRDH_1SDV_20210805T052748_20210805T052813_039090_049CCC_1EFB_COG.csv.gz,True,,2021,2021-08-05,descending,168,sentinel-1a,1994,False,1,True,1994,0,1994,0,0,362,1632,1994,0,0,368,1626
S1A_IW_GRDH_1SDV_20210806T171509_20210806T171534_039112_049D8B_2302_COG,outputs\diagnostics\design_c\c2v\scene_checkpoints\primary\S1A_IW_GRDH_1SDV_20210806T171509_20210806T171534_039112_049D8B_2302_COG.csv.gz,True,,2021,2021-08-06,ascending,15,sentinel-1a,4331,False,1,True,4331,0,4331,0,0,0,4331,4331,0,0,40,4291
S1A_IW_GRDH_1SDV_20210810T053536_20210810T053601_039163_049F52_A12A_COG,outputs\diagnostics\design_c\c2v\scene_checkpoints\primary\S1A_IW_GRDH_1SDV_20210810T053536_20210810T053601_039163_049F52_A12A_COG.csv.gz,True,,2021,2021-08-10,descending,66,sentinel-1a,3329,False,1,True,3329,0,3329,0,0,1,3328,3329,0,0,14,3315
S1A_IW_GRDH_1SDV_20210810T053601_20210810T053626_039163_049F52_A047_COG,outputs\diagnostics\design_c\c2v\scene_checkpoints\primary\S1A_IW_GRDH_1SDV_20210810T053601_20210810T053626_039163_049F52_A047_COG.csv.gz,True,,2021,2021-08-10,descending,66,sentinel-1a,1002,False,1,True,1002,0,1002,0,0,0,1002,1002,0,0,14,988
S1A_IW_GRDH_1SDV_20210811T172315_20210811T172340_039185_04A00C_3715_COG,outputs\diagnostics\design_c\c2v\scene_checkpoints\primary\S1A_IW_GRDH_1SDV_20210811T172315_20210811T172340_039185_04A00C_3715_COG.csv.gz,True,,2021,2021-08-11,ascending,88,sentinel-1a,3880,False,1,True,3880,0,3880,0,0,223,3657,3880,0,0,236,3644
S1A_IW_GRDH_1SDV_20210811T172340_20210811T172405_039185_04A00C_36C8_COG,outputs\diagnostics\design_c\c2v\scene_checkpoints\primary\S1A_IW_GRDH_1SDV_20210811T172340_20210811T172405_039185_04A00C_36C8_COG.csv.gz,True,,2021,2021-08-11,ascending,88,sentinel-1a,0,True,0,True,0,0,0,0,0,0,0,0,0,0,0,0
S1B_IW_GRDH_1SDV_20210811T052643_20210811T052708_028194_035D14_CDF0_COG,outputs\diagnostics\design_c\c2v\scene_checkpoints\primary\S1B_IW_GRDH_1SDV_20210811T052643_20210811T052708_028194_035D14_CDF0_COG.csv.gz,True,,2021,2021-08-11,descending,168,sentinel-1b,1643,False,1,True,1643,0,1643,0,0,278,1365,1643,0,0,282,1361
S1B_IW_GRDH_1SDV_20210811T052708_20210811T052733_028194_035D14_3A31_COG,outputs\diagnostics\design_c\c2v\scene_checkpoints\primary\S1B_IW_GRDH_1SDV_20210811T052708_20210811T052733_028194_035D14_3A31_COG.csv.gz,True,,2021,2021-08-11,descending,168,sentinel-1b,902,False,1,True,902,0,902,0,0,165,737,902,0,0,169,733
S1B_IW_GRDH_1SDV_20210812T171414_20210812T171439_028216_035DB8_6A6B_COG,outputs\diagnostics\design_c\c2v\scene_checkpoints\primary\S1B_IW_GRDH_1SDV_20210812T171414_20210812T171439_028216_035DB8_6A6B_COG.csv.gz,True,,2021,2021-08-12,ascending,15,sentinel-1b,1298,False,1,True,1298,0,1298,0,0,0,1298,1298,0,0,8,1290
S1B_IW_GRDH_1SDV_20210812T171439_20210812T171504_028216_035DB8_B973_COG,outputs\diagnostics\design_c\c2v\scene_checkpoints\primary\S1B_IW_GRDH_1SDV_20210812T171439_20210812T171504_028216_035DB8_B973_COG.csv.gz,True,,2021,2021-08-12,ascending,15,sentinel-1b,3033,False,1,True,3033,0,3033,0,0,1,3032,3033,0,0,14,3019
S1B_IW_GRDH_1SDV_20210817T172226_20210817T172251_028289_036018_DA72_COG,outputs\diagnostics\design_c\c2v\scene_checkpoints\primary\S1B_IW_GRDH_1SDV_20210817T172226_20210817T172251_028289_036018_DA72_COG.csv.gz,True,,2021,2021-08-17,ascending,88,sentinel-1b,1966,False,1,True,1966,0,1966,0,0,204,1762,1966,0,0,204,1762
S1B_IW_GRDH_1SDV_20210817T172251_20210817T172316_028289_036018_54DC_COG,outputs\diagnostics\design_c\c2v\scene_checkpoints\primary\S1B_IW_GRDH_1SDV_20210817T172251_20210817T172316_028289_036018_54DC_COG.csv.gz,True,,2021,2021-08-17,ascending,88,sentinel-1b,1944,False,1,True,1944,0,1944,0,0,55,1889,1944,0,0,55,1889
S1A_IW_GRDH_1SDV_20210817T052723_20210817T052748_039265_04A2DC_3EB7_COG,outputs\diagnostics\design_c\c2v\scene_checkpoints\primary\S1A_IW_GRDH_1SDV_20210817T052723_20210817T052748_039265_04A2DC_3EB7_COG.csv.gz,True,,2021,2021-08-17,descending,168,sentinel-1a,623,False,1,True,623,0,623,0,0,147,476,623,0,0,147,476
S1A_IW_GRDH_1SDV_20210817T052748_20210817T052813_039265_04A2DC_00C1_COG,outputs\diagnostics\design_c\c2v\scene_checkpoints\primary\S1A_IW_GRDH_1SDV_20210817T052748_20210817T052813_039265_04A2DC_00C1_COG.csv.gz,True,,2021,2021-08-17,descending,168,sentinel-1a,1991,False,1,True,1991,0,1991,0,0,360,1631,1991,0,0,362,1629
S1A_IW_GRDH_1SDV_20210818T171509_20210818T171534_039287_04A39F_CB04_COG,outputs\diagnostics\design_c\c2v\scene_checkpoints\primary\S1A_IW_GRDH_1SDV_20210818T171509_20210818T171534_039287_04A39F_CB04_COG.csv.gz,True,,2021,2021-08-18,ascending,15,sentinel-1a,4331,False,1,True,4331,0,4331,0,0,2,4329,4331,0,0,36,4295
S1A_IW_GRDH_1SDV_20210822T053536_20210822T053601_039338_04A555_D44D_COG,outputs\diagnostics\design_c\c2v\scene_checkpoints\primary\S1A_IW_GRDH_1SDV_20210822T053536_20210822T053601_039338_04A555_D44D_COG.csv.gz,True,,2021,2021-08-22,descending,66,sentinel-1a,3329,False,1,True,3329,0,3329,0,0,1,3328,3329,0,0,23,3306
S1A_IW_GRDH_1SDV_20210822T053601_20210822T053626_039338_04A555_BFEE_COG,outputs\diagnostics\design_c\c2v\scene_checkpoints\primary\S1A_IW_GRDH_1SDV_20210822T053601_20210822T053626_039338_04A555_BFEE_COG.csv.gz,True,,2021,2021-08-22,descending,66,sentinel-1a,1002,False,1,True,1002,0,1002,0,0,0,1002,1002,0,0,9,993
S1A_IW_GRDH_1SDV_20210823T172316_20210823T172341_039360_04A618_E621_COG,outputs\diagnostics\design_c\c2v\scene_checkpoints\primary\S1A_IW_GRDH_1SDV_20210823T172316_20210823T172341_039360_04A618_E621_COG.csv.gz,True,,2021,2021-08-23,ascending,88,sentinel-1a,3880,False,1,True,3880,0,3880,0,0,224,3656,3880,0,0,229,3651
S1A_IW_GRDH_1SDV_20210823T172341_20210823T172406_039360_04A618_C26A_COG,outputs\diagnostics\design_c\c2v\scene_checkpoints\primary\S1A_IW_GRDH_1SDV_20210823T172341_20210823T172406_039360_04A618_C26A_COG.csv.gz,True,,2021,2021-08-23,ascending,88,sentinel-1a,0,True,0,True,0,0,0,0,0,0,0,0,0,0,0,0
S1B_IW_GRDH_1SDV_20210823T052644_20210823T052709_028369_03628D_46C8_COG,outputs\diagnostics\design_c\c2v\scene_checkpoints\primary\S1B_IW_GRDH_1SDV_20210823T052644_20210823T052709_028369_03628D_46C8_COG.csv.gz,True,,2021,2021-08-23,descending,168,sentinel-1b,1653,False,1,True,1653,0,1653,0,0,278,1375,1653,0,0,279,1374
S1B_IW_GRDH_1SDV_20210823T052709_20210823T052734_028369_03628D_3738_COG,outputs\diagnostics\design_c\c2v\scene_checkpoints\primary\S1B_IW_GRDH_1SDV_20210823T052709_20210823T052734_028369_03628D_3738_COG.csv.gz,True,,2021,2021-08-23,descending,168,sentinel-1b,906,False,1,True,906,0,906,0,0,168,738,906,0,0,171,735
S1B_IW_GRDH_1SDV_20210824T171415_20210824T171440_028391_036337_BB7B_COG,outputs\diagnostics\design_c\c2v\scene_checkpoints\primary\S1B_IW_GRDH_1SDV_20210824T171415_20210824T171440_028391_036337_BB7B_COG.csv.gz,True,,2021,2021-08-24,ascending,15,sentinel-1b,1298,False,1,True,1298,0,1298,0,0,0,1298,1298,0,0,15,1283
S1B_IW_GRDH_1SDV_20210824T171440_20210824T171505_028391_036337_9703_COG,outputs\diagnostics\design_c\c2v\scene_checkpoints\primary\S1B_IW_GRDH_1SDV_20210824T171440_20210824T171505_028391_036337_9703_COG.csv.gz,True,,2021,2021-08-24,ascending,15,sentinel-1b,3033,False,1,True,3033,0,3033,0,0,1,3032,3033,0,0,8,3025
S1B_IW_GRDH_1SDV_20210828T053503_20210828T053528_028442_0364CD_5B95_COG,outputs\diagnostics\design_c\c2v\scene_checkpoints\primary\S1B_IW_GRDH_1SDV_20210828T053503_20210828T053528_028442_0364CD_5B95_COG.csv.gz,True,,2021,2021-08-28,descending,66,sentinel-1b,4331,False,1,True,4331,0,4331,0,0,0,4331,4331,0,0,16,4315
S1B_IW_GRDH_1SDV_20210829T172226_20210829T172251_028464_03658B_2A2D_COG,outputs\diagnostics\design_c\c2v\scene_checkpoints\primary\S1B_IW_GRDH_1SDV_20210829T172226_20210829T172251_028464_03658B_2A2D_COG.csv.gz,True,,2021,2021-08-29,ascending,88,sentinel-1b,1964,False,1,True,1964,0,1964,0,0,204,1760,1964,0,0,208,1756
S1B_IW_GRDH_1SDV_20210829T172251_20210829T172316_028464_03658B_E560_COG,outputs\diagnostics\design_c\c2v\scene_checkpoints\primary\S1B_IW_GRDH_1SDV_20210829T172251_20210829T172316_028464_03658B_E560_COG.csv.gz,True,,2021,2021-08-29,ascending,88,sentinel-1b,1943,False,1,True,1943,0,1943,0,0,58,1885,1943,0,0,61,1882
S1A_IW_GRDH_1SDV_20210829T052724_20210829T052749_039440_04A8CE_51E5_COG,outputs\diagnostics\design_c\c2v\scene_checkpoints\primary\S1A_IW_GRDH_1SDV_20210829T052724_20210829T052749_039440_04A8CE_51E5_COG.csv.gz,True,,2021,2021-08-29,descending,168,sentinel-1a,620,False,1,True,620,0,620,0,0,146,474,620,0,0,146,474
S1A_IW_GRDH_1SDV_20210829T052749_20210829T052814_039440_04A8CE_E0CD_COG,outputs\diagnostics\design_c\c2v\scene_checkpoints\primary\S1A_IW_GRDH_1SDV_20210829T052749_20210829T052814_039440_04A8CE_E0CD_COG.csv.gz,True,,2021,2021-08-29,descending,168,sentinel-1a,1991,False,1,True,1991,0,1991,0,0,361,1630,1991,0,0,368,1623
S1A_IW_GRDH_1SDV_20210830T171510_20210830T171535_039462_04A98E_8E29_COG,outputs\diagnostics\design_c\c2v\scene_checkpoints\primary\S1A_IW_GRDH_1SDV_20210830T171510_20210830T171535_039462_04A98E_8E29_COG.csv.gz,True,,2021,2021-08-30,ascending,15,sentinel-1a,4331,False,1,True,4331,0,4331,0,0,2,4329,4331,0,0,43,4288
S1A_IW_GRDH_1SDV_20210903T053537_20210903T053602_039513_04AB58_73A5_COG,outputs\diagnostics\design_c\c2v\scene_checkpoints\primary\S1A_IW_GRDH_1SDV_20210903T053537_20210903T053602_039513_04AB58_73A5_COG.csv.gz,True,,2021,2021-09-03,descending,66,sentinel-1a,3327,False,1,True,3327,0,3327,0,0,1,3326,3327,0,0,29,3298
S1A_IW_GRDH_1SDV_20210903T053602_20210903T053627_039513_04AB58_BAF3_COG,outputs\diagnostics\design_c\c2v\scene_checkpoints\primary\S1A_IW_GRDH_1SDV_20210903T053602_20210903T053627_039513_04AB58_BAF3_COG.csv.gz,True,,2021,2021-09-03,descending,66,sentinel-1a,1004,False,1,True,1004,0,1004,0,0,0,1004,1004,0,0,8,996
S1A_IW_GRDH_1SDV_20210904T172316_20210904T172341_039535_04AC1B_A261_COG,outputs\diagnostics\design_c\c2v\scene_checkpoints\primary\S1A_IW_GRDH_1SDV_20210904T172316_20210904T172341_039535_04AC1B_A261_COG.csv.gz,True,,2021,2021-09-04,ascending,88,sentinel-1a,3879,False,1,True,3879,0,3879,0,0,225,3654,3879,0,0,232,3647
S1A_IW_GRDH_1SDV_20210904T172341_20210904T172406_039535_04AC1B_1DCF_COG,outputs\diagnostics\design_c\c2v\scene_checkpoints\primary\S1A_IW_GRDH_1SDV_20210904T172341_20210904T172406_039535_04AC1B_1DCF_COG.csv.gz,True,,2021,2021-09-04,ascending,88,sentinel-1a,0,True,0,True,0,0,0,0,0,0,0,0,0,0,0,0
S1B_IW_GRDH_1SDV_20210904T052645_20210904T052710_028544_036806_FBC4_COG,outputs\diagnostics\design_c\c2v\scene_checkpoints\primary\S1B_IW_GRDH_1SDV_20210904T052645_20210904T052710_028544_036806_FBC4_COG.csv.gz,True,,2021,2021-09-04,descending,168,sentinel-1b,1648,False,1,True,1648,0,1648,0,0,275,1373,1648,0,0,275,1373
S1B_IW_GRDH_1SDV_20210904T052710_20210904T052735_028544_036806_6B06_COG,outputs\diagnostics\design_c\c2v\scene_checkpoints\primary\S1B_IW_GRDH_1SDV_20210904T052710_20210904T052735_028544_036806_6B06_COG.csv.gz,True,,2021,2021-09-04,descending,168,sentinel-1b,903,False,1,True,903,0,903,0,0,166,737,903,0,0,168,735
S1B_IW_GRDH_1SDV_20210905T171415_20210905T171440_028566_0368AE_FBFD_COG,outputs\diagnostics\design_c\c2v\scene_checkpoints\primary\S1B_IW_GRDH_1SDV_20210905T171415_20210905T171440_028566_0368AE_FBFD_COG.csv.gz,True,,2021,2021-09-05,ascending,15,sentinel-1b,1297,False,1,True,1297,0,1297,0,0,0,1297,1297,0,0,11,1286
S1B_IW_GRDH_1SDV_20210905T171440_20210905T171505_028566_0368AE_D723_COG,outputs\diagnostics\design_c\c2v\scene_checkpoints\primary\S1B_IW_GRDH_1SDV_20210905T171440_20210905T171505_028566_0368AE_D723_COG.csv.gz,True,,2021,2021-09-05,ascending,15,sentinel-1b,3033,False,1,True,3033,0,3033,0,0,2,3031,3033,0,0,12,3021
S1B_IW_GRDH_1SDV_20210909T053503_20210909T053528_028617_036A46_3D85_COG,outputs\diagnostics\design_c\c2v\scene_checkpoints\primary\S1B_IW_GRDH_1SDV_20210909T053503_20210909T053528_028617_036A46_3D85_COG.csv.gz,True,,2021,2021-09-09,descending,66,sentinel-1b,4331,False,1,True,4331,0,4331,0,0,0,4331,4331,0,0,41,4290
S1B_IW_GRDH_1SDV_20210910T172227_20210910T172252_028639_036AFF_F9D8_COG,outputs\diagnostics\design_c\c2v\scene_checkpoints\primary\S1B_IW_GRDH_1SDV_20210910T172227_20210910T172252_028639_036AFF_F9D8_COG.csv.gz,True,,2021,2021-09-10,ascending,88,sentinel-1b,1967,False,1,True,1967,0,1967,0,0,205,1762,1967,0,0,206,1761
S1B_IW_GRDH_1SDV_20210910T172252_20210910T172317_028639_036AFF_C6A9_COG,outputs\diagnostics\design_c\c2v\scene_checkpoints\primary\S1B_IW_GRDH_1SDV_20210910T172252_20210910T172317_028639_036AFF_C6A9_COG.csv.gz,True,,2021,2021-09-10,ascending,88,sentinel-1b,1944,False,1,True,1944,0,1944,0,0,55,1889,1944,0,0,58,1886
S1A_IW_GRDH_1SDV_20210910T052724_20210910T052749_039615_04AEE1_CA8F_COG,outputs\diagnostics\design_c\c2v\scene_checkpoints\primary\S1A_IW_GRDH_1SDV_20210910T052724_20210910T052749_039615_04AEE1_CA8F_COG.csv.gz,True,,2021,2021-09-10,descending,168,sentinel-1a,623,False,1,True,623,0,623,0,0,147,476,623,0,0,147,476
S1A_IW_GRDH_1SDV_20210910T052749_20210910T052814_039615_04AEE1_668E_COG,outputs\diagnostics\design_c\c2v\scene_checkpoints\primary\S1A_IW_GRDH_1SDV_20210910T052749_20210910T052814_039615_04AEE1_668E_COG.csv.gz,True,,2021,2021-09-10,descending,168,sentinel-1a,1991,False,1,True,1991,0,1991,0,0,360,1631,1991,0,0,363,1628
S1A_IW_GRDH_1SDV_20210911T171510_20210911T171535_039637_04AFA1_0CEC_COG,outputs\diagnostics\design_c\c2v\scene_checkpoints\primary\S1A_IW_GRDH_1SDV_20210911T171510_20210911T171535_039637_04AFA1_0CEC_COG.csv.gz,True,,2021,2021-09-11,ascending,15,sentinel-1a,4331,False,1,True,4331,0,4331,0,0,2,4329,4331,0,0,52,4279
S1A_IW_GRDH_1SDV_20210915T053537_20210915T053602_039688_04B16E_A695_COG,outputs\diagnostics\design_c\c2v\scene_checkpoints\primary\S1A_IW_GRDH_1SDV_20210915T053537_20210915T053602_039688_04B16E_A695_COG.csv.gz,True,,2021,2021-09-15,descending,66,sentinel-1a,3324,False,1,True,3324,0,3324,0,0,0,3324,3324,0,0,35,3289
S1A_IW_GRDH_1SDV_20210915T053602_20210915T053627_039688_04B16E_0B51_COG,outputs\diagnostics\design_c\c2v\scene_checkpoints\primary\S1A_IW_GRDH_1SDV_20210915T053602_20210915T053627_039688_04B16E_0B51_COG.csv.gz,True,,2021,2021-09-15,descending,66,sentinel-1a,1007,False,1,True,1007,0,1007,0,0,0,1007,1007,0,0,11,996
S1A_IW_GRDH_1SDV_20210916T172317_20210916T172342_039710_04B214_2912_COG,outputs\diagnostics\design_c\c2v\scene_checkpoints\primary\S1A_IW_GRDH_1SDV_20210916T172317_20210916T172342_039710_04B214_2912_COG.csv.gz,True,,2021,2021-09-16,ascending,88,sentinel-1a,3879,False,1,True,3879,0,3879,0,0,226,3653,3879,0,0,238,3641
S1A_IW_GRDH_1SDV_20210916T172342_20210916T172407_039710_04B214_F1CA_COG,outputs\diagnostics\design_c\c2v\scene_checkpoints\primary\S1A_IW_GRDH_1SDV_20210916T172342_20210916T172407_039710_04B214_F1CA_COG.csv.gz,True,,2021,2021-09-16,ascending,88,sentinel-1a,0,True,0,True,0,0,0,0,0,0,0,0,0,0,0,0
S1B_IW_GRDH_1SDV_20210916T052645_20210916T052710_028719_036D65_3FDB_COG,outputs\diagnostics\design_c\c2v\scene_checkpoints\primary\S1B_IW_GRDH_1SDV_20210916T052645_20210916T052710_028719_036D65_3FDB_COG.csv.gz,True,,2021,2021-09-16,descending,168,sentinel-1b,1644,False,1,True,1644,0,1644,0,0,274,1370,1644,0,0,277,1367
S1B_IW_GRDH_1SDV_20210916T052710_20210916T052735_028719_036D65_48C5_COG,outputs\diagnostics\design_c\c2v\scene_checkpoints\primary\S1B_IW_GRDH_1SDV_20210916T052710_20210916T052735_028719_036D65_48C5_COG.csv.gz,True,,2021,2021-09-16,descending,168,sentinel-1b,904,False,1,True,904,0,904,0,0,167,737,904,0,0,172,732
S1B_IW_GRDH_1SDV_20210917T171416_20210917T171441_028741_036E0B_A6EB_COG,outputs\diagnostics\design_c\c2v\scene_checkpoints\primary\S1B_IW_GRDH_1SDV_20210917T171416_20210917T171441_028741_036E0B_A6EB_COG.csv.gz,True,,2021,2021-09-17,ascending,15,sentinel-1b,1298,False,1,True,1298,0,1298,0,0,0,1298,1298,0,0,7,1291
S1B_IW_GRDH_1SDV_20210917T171441_20210917T171506_028741_036E0B_3410_COG,outputs\diagnostics\design_c\c2v\scene_checkpoints\primary\S1B_IW_GRDH_1SDV_20210917T171441_20210917T171506_028741_036E0B_3410_COG.csv.gz,True,,2021,2021-09-17,ascending,15,sentinel-1b,3033,False,1,True,3033,0,3033,0,0,2,3031,3033,0,0,12,3021
S1B_IW_GRDH_1SDV_20210921T053504_20210921T053529_028792_036FA3_3FA5_COG,outputs\diagnostics\design_c\c2v\scene_checkpoints\primary\S1B_IW_GRDH_1SDV_20210921T053504_20210921T053529_028792_036FA3_3FA5_COG.csv.gz,True,,2021,2021-09-21,descending,66,sentinel-1b,4331,False,1,True,4331,0,4331,0,0,0,4331,4331,0,0,13,4318
S1B_IW_GRDH_1SDV_20210922T172227_20210922T172252_028814_037057_7DF4_COG,outputs\diagnostics\design_c\c2v\scene_checkpoints\primary\S1B_IW_GRDH_1SDV_20210922T172227_20210922T172252_028814_037057_7DF4_COG.csv.gz,True,,2021,2021-09-22,ascending,88,sentinel-1b,1968,False,1,True,1968,0,1968,0,0,206,1762,1968,0,0,210,1758
S1B_IW_GRDH_1SDV_20210922T172252_20210922T172317_028814_037057_F5CD_COG,outputs\diagnostics\design_c\c2v\scene_checkpoints\primary\S1B_IW_GRDH_1SDV_20210922T172252_20210922T172317_028814_037057_F5CD_COG.csv.gz,True,,2021,2021-09-22,ascending,88,sentinel-1b,1944,False,1,True,1944,0,1944,0,0,55,1889,1944,0,0,57,1887
S1A_IW_GRDH_1SDV_20210922T052725_20210922T052750_039790_04B4CC_C9E8_COG,outputs\diagnostics\design_c\c2v\scene_checkpoints\primary\S1A_IW_GRDH_1SDV_20210922T052725_20210922T052750_039790_04B4CC_C9E8_COG.csv.gz,True,,2021,2021-09-22,descending,168,sentinel-1a,621,False,1,True,621,0,621,0,0,147,474,621,0,0,147,474
S1A_IW_GRDH_1SDV_20210922T052750_20210922T052815_039790_04B4CC_BDB4_COG,outputs\diagnostics\design_c\c2v\scene_checkpoints\primary\S1A_IW_GRDH_1SDV_20210922T052750_20210922T052815_039790_04B4CC_BDB4_COG.csv.gz,True,,2021,2021-09-22,descending,168,sentinel-1a,1992,False,1,True,1992,0,1992,0,0,361,1631,1992,0,0,365,1627
S1A_IW_GRDH_1SDV_20210923T171511_20210923T171536_039812_04B582_6DBA_COG,outputs\diagnostics\design_c\c2v\scene_checkpoints\primary\S1A_IW_GRDH_1SDV_20210923T171511_20210923T171536_039812_04B582_6DBA_COG.csv.gz,True,,2021,2021-09-23,ascending,15,sentinel-1a,4331,False,1,True,4331,0,4331,0,0,1,4330,4331,0,0,73,4258
S1A_IW_GRDH_1SDV_20210927T053538_20210927T053603_039863_04B74D_3AFF_COG,outputs\diagnostics\design_c\c2v\scene_checkpoints\primary\S1A_IW_GRDH_1SDV_20210927T053538_20210927T053603_039863_04B74D_3AFF_COG.csv.gz,True,,2021,2021-09-27,descending,66,sentinel-1a,3322,False,1,True,3322,0,3322,0,0,0,3322,3322,0,0,4,3318
S1A_IW_GRDH_1SDV_20210927T053603_20210927T053628_039863_04B74D_6282_COG,outputs\diagnostics\design_c\c2v\scene_checkpoints\primary\S1A_IW_GRDH_1SDV_20210927T053603_20210927T053628_039863_04B74D_6282_COG.csv.gz,True,,2021,2021-09-27,descending,66,sentinel-1a,1009,False,1,True,1009,0,1009,0,0,0,1009,1009,0,0,2,1007
S1A_IW_GRDH_1SDV_20210928T172317_20210928T172342_039885_04B817_1239_COG,outputs\diagnostics\design_c\c2v\scene_checkpoints\primary\S1A_IW_GRDH_1SDV_20210928T172317_20210928T172342_039885_04B817_1239_COG.csv.gz,True,,2021,2021-09-28,ascending,88,sentinel-1a,3876,False,1,True,3876,0,3876,0,0,225,3651,3876,0,0,227,3649
S1A_IW_GRDH_1SDV_20210928T172342_20210928T172407_039885_04B817_42D6_COG,outputs\diagnostics\design_c\c2v\scene_checkpoints\primary\S1A_IW_GRDH_1SDV_20210928T172342_20210928T172407_039885_04B817_42D6_COG.csv.gz,True,,2021,2021-09-28,ascending,88,sentinel-1a,0,True,0,True,0,0,0,0,0,0,0,0,0,0,0,0
S1B_IW_GRDH_1SDV_20210928T052646_20210928T052711_028894_0372C3_9B7B_COG,outputs\diagnostics\design_c\c2v\scene_checkpoints\primary\S1B_IW_GRDH_1SDV_20210928T052646_20210928T052711_028894_0372C3_9B7B_COG.csv.gz,True,,2021,2021-09-28,descending,168,sentinel-1b,1644,False,1,True,1644,0,1644,0,0,274,1370,1644,0,0,274,1370
S1B_IW_GRDH_1SDV_20210928T052711_20210928T052736_028894_0372C3_E9B0_COG,outputs\diagnostics\design_c\c2v\scene_checkpoints\primary\S1B_IW_GRDH_1SDV_20210928T052711_20210928T052736_028894_0372C3_E9B0_COG.csv.gz,True,,2021,2021-09-28,descending,168,sentinel-1b,905,False,1,True,905,0,905,0,0,167,738,905,0,0,168,737
S1B_IW_GRDH_1SDV_20210929T171416_20210929T171441_028916_03736D_88D7_COG,outputs\diagnostics\design_c\c2v\scene_checkpoints\primary\S1B_IW_GRDH_1SDV_20210929T171416_20210929T171441_028916_03736D_88D7_COG.csv.gz,True,,2021,2021-09-29,ascending,15,sentinel-1b,1298,False,1,True,1298,0,1298,0,0,1,1297,1298,0,0,10,1288
S1B_IW_GRDH_1SDV_20210929T171441_20210929T171506_028916_03736D_74F7_COG,outputs\diagnostics\design_c\c2v\scene_checkpoints\primary\S1B_IW_GRDH_1SDV_20210929T171441_20210929T171506_028916_03736D_74F7_COG.csv.gz,True,,2021,2021-09-29,ascending,15,sentinel-1b,3033,False,1,True,3033,0,3033,0,0,1,3032,3033,0,0,16,3017
S1A_IW_GRDH_1SDV_20220402T052722_20220402T052747_042590_0514A4_6F1A_COG,outputs\diagnostics\design_c\c2v\scene_checkpoints\primary\S1A_IW_GRDH_1SDV_20220402T052722_20220402T052747_042590_0514A4_6F1A_COG.csv.gz,True,,2022,2022-04-02,descending,168,sentinel-1a,633,False,1,True,633,0,633,0,0,152,481,633,0,0,154,479
S1A_IW_GRDH_1SDV_20220402T052747_20220402T052812_042590_0514A4_6AB9_COG,outputs\diagnostics\design_c\c2v\scene_checkpoints\primary\S1A_IW_GRDH_1SDV_20220402T052747_20220402T052812_042590_0514A4_6AB9_COG.csv.gz,True,,2022,2022-04-02,descending,168,sentinel-1a,2007,False,1,True,2007,0,2007,0,0,371,1636,2007,0,0,400,1607
S1A_IW_GRDH_1SDV_20220403T171507_20220403T171532_042612_051565_A3CA_COG,outputs\diagnostics\design_c\c2v\scene_checkpoints\primary\S1A_IW_GRDH_1SDV_20220403T171507_20220403T171532_042612_051565_A3CA_COG.csv.gz,True,,2022,2022-04-03,ascending,15,sentinel-1a,4331,False,1,True,4331,0,4331,0,0,0,4331,4331,0,0,247,4084
S1A_IW_GRDH_1SDV_20220407T053534_20220407T053559_042663_051713_92B8_COG,outputs\diagnostics\design_c\c2v\scene_checkpoints\primary\S1A_IW_GRDH_1SDV_20220407T053534_20220407T053559_042663_051713_92B8_COG.csv.gz,True,,2022,2022-04-07,descending,66,sentinel-1a,3324,False,1,True,3324,0,3324,0,0,4,3320,3324,0,0,254,3070
S1A_IW_GRDH_1SDV_20220407T053559_20220407T053624_042663_051713_45F5_COG,outputs\diagnostics\design_c\c2v\scene_checkpoints\primary\S1A_IW_GRDH_1SDV_20220407T053559_20220407T053624_042663_051713_45F5_COG.csv.gz,True,,2022,2022-04-07,descending,66,sentinel-1a,1007,False,1,True,1007,0,1007,0,0,0,1007,1007,0,0,77,930
S1A_IW_GRDH_1SDV_20220408T172314_20220408T172339_042685_0517D6_6363_COG,outputs\diagnostics\design_c\c2v\scene_checkpoints\primary\S1A_IW_GRDH_1SDV_20220408T172314_20220408T172339_042685_0517D6_6363_COG.csv.gz,True,,2022,2022-04-08,ascending,88,sentinel-1a,3879,False,1,True,3879,0,3879,0,0,226,3653,3879,0,0,371,3508
S1A_IW_GRDH_1SDV_20220408T172339_20220408T172404_042685_0517D6_6D13_COG,outputs\diagnostics\design_c\c2v\scene_checkpoints\primary\S1A_IW_GRDH_1SDV_20220408T172339_20220408T172404_042685_0517D6_6D13_COG.csv.gz,True,,2022,2022-04-08,ascending,88,sentinel-1a,0,True,0,True,0,0,0,0,0,0,0,0,0,0,0,0
S1A_IW_GRDH_1SDV_20220415T171508_20220415T171533_042787_051B4B_0534_COG,outputs\diagnostics\design_c\c2v\scene_checkpoints\primary\S1A_IW_GRDH_1SDV_20220415T171508_20220415T171533_042787_051B4B_0534_COG.csv.gz,True,,2022,2022-04-15,ascending,15,sentinel-1a,4331,False,1,True,4331,0,4331,0,0,1,4330,4331,0,0,397,3934
S1A_IW_GRDH_1SDV_20220419T053535_20220419T053600_042838_051CF1_AC33_COG,outputs\diagnostics\design_c\c2v\scene_checkpoints\primary\S1A_IW_GRDH_1SDV_20220419T053535_20220419T053600_042838_051CF1_AC33_COG.csv.gz,True,,2022,2022-04-19,descending,66,sentinel-1a,3324,False,1,True,3324,0,3324,0,0,4,3320,3324,0,0,304,3020
S1A_IW_GRDH_1SDV_20220419T053600_20220419T053625_042838_051CF1_660C_COG,outputs\diagnostics\design_c\c2v\scene_checkpoints\primary\S1A_IW_GRDH_1SDV_20220419T053600_20220419T053625_042838_051CF1_660C_COG.csv.gz,True,,2022,2022-04-19,descending,66,sentinel-1a,1007,False,1,True,1007,0,1007,0,0,3,1004,1007,0,0,104,903
S1A_IW_GRDH_1SDV_20220420T172314_20220420T172339_042860_051DB3_E4C1_COG,outputs\diagnostics\design_c\c2v\scene_checkpoints\primary\S1A_IW_GRDH_1SDV_20220420T172314_20220420T172339_042860_051DB3_E4C1_COG.csv.gz,True,,2022,2022-04-20,ascending,88,sentinel-1a,3879,False,1,True,3879,0,3879,0,0,229,3650,3879,0,0,439,3440
S1A_IW_GRDH_1SDV_20220420T172339_20220420T172404_042860_051DB3_9253_COG,outputs\diagnostics\design_c\c2v\scene_checkpoints\primary\S1A_IW_GRDH_1SDV_20220420T172339_20220420T172404_042860_051DB3_9253_COG.csv.gz,True,,2022,2022-04-20,ascending,88,sentinel-1a,0,True,0,True,0,0,0,0,0,0,0,0,0,0,0,0
S1A_IW_GRDH_1SDV_20220426T052723_20220426T052748_042940_05204A_86FC_COG,outputs\diagnostics\design_c\c2v\scene_checkpoints\primary\S1A_IW_GRDH_1SDV_20220426T052723_20220426T052748_042940_05204A_86FC_COG.csv.gz,True,,2022,2022-04-26,descending,168,sentinel-1a,633,False,1,True,633,0,633,0,0,154,479,633,0,0,160,473
S1A_IW_GRDH_1SDV_20220426T052748_20220426T052813_042940_05204A_187B_COG,outputs\diagnostics\design_c\c2v\scene_checkpoints\primary\S1A_IW_GRDH_1SDV_20220426T052748_20220426T052813_042940_05204A_187B_COG.csv.gz,True,,2022,2022-04-26,descending,168,sentinel-1a,2003,False,1,True,2003,0,2003,0,0,370,1633,2003,0,0,432,1571
S1A_IW_GRDH_1SDV_20220427T171508_20220427T171533_042962_052109_A880_COG,outputs\diagnostics\design_c\c2v\scene_checkpoints\primary\S1A_IW_GRDH_1SDV_20220427T171508_20220427T171533_042962_052109_A880_COG.csv.gz,True,,2022,2022-04-27,ascending,15,sentinel-1a,4331,False,1,True,4331,0,4331,0,0,8,4323,4331,0,0,486,3845
S1A_IW_GRDH_1SDV_20220501T053535_20220501T053600_043013_0522BA_D634_COG,outputs\diagnostics\design_c\c2v\scene_checkpoints\primary\S1A_IW_GRDH_1SDV_20220501T053535_20220501T053600_043013_0522BA_D634_COG.csv.gz,True,,2022,2022-05-01,descending,66,sentinel-1a,3324,False,1,True,3324,0,3324,0,0,9,3315,3324,0,0,310,3014
S1A_IW_GRDH_1SDV_20220501T053600_20220501T053625_043013_0522BA_2D08_COG,outputs\diagnostics\design_c\c2v\scene_checkpoints\primary\S1A_IW_GRDH_1SDV_20220501T053600_20220501T053625_043013_0522BA_2D08_COG.csv.gz,True,,2022,2022-05-01,descending,66,sentinel-1a,1006,False,1,True,1006,0,1006,0,0,2,1004,1006,0,0,92,914
S1A_IW_GRDH_1SDV_20220502T172315_20220502T172340_043035_052376_9E59_COG,outputs\diagnostics\design_c\c2v\scene_checkpoints\primary\S1A_IW_GRDH_1SDV_20220502T172315_20220502T172340_043035_052376_9E59_COG.csv.gz,True,,2022,2022-05-02,ascending,88,sentinel-1a,3880,False,1,True,3880,0,3880,0,0,225,3655,3880,0,0,490,3390
S1A_IW_GRDH_1SDV_20220502T172340_20220502T172405_043035_052376_238C_COG,outputs\diagnostics\design_c\c2v\scene_checkpoints\primary\S1A_IW_GRDH_1SDV_20220502T172340_20220502T172405_043035_052376_238C_COG.csv.gz,True,,2022,2022-05-02,ascending,88,sentinel-1a,0,True,0,True,0,0,0,0,0,0,0,0,0,0,0,0
S1A_IW_GRDH_1SDV_20220508T052723_20220508T052748_043115_052620_A7E5_COG,outputs\diagnostics\design_c\c2v\scene_checkpoints\primary\S1A_IW_GRDH_1SDV_20220508T052723_20220508T052748_043115_052620_A7E5_COG.csv.gz,True,,2022,2022-05-08,descending,168,sentinel-1a,621,False,1,True,621,0,621,0,0,155,466,621,0,0,163,458
S1A_IW_GRDH_1SDV_20220508T052748_20220508T052813_043115_052620_3497_COG,outputs\diagnostics\design_c\c2v\scene_checkpoints\primary\S1A_IW_GRDH_1SDV_20220508T052748_20220508T052813_043115_052620_3497_COG.csv.gz,True,,2022,2022-05-08,descending,168,sentinel-1a,1999,False,1,True,1999,0,1999,0,0,368,1631,1999,0,0,397,1602
S1A_IW_GRDH_1SDV_20220509T171509_20220509T171534_043137_0526DF_1E7F_COG,outputs\diagnostics\design_c\c2v\scene_checkpoints\primary\S1A_IW_GRDH_1SDV_20220509T171509_20220509T171534_043137_0526DF_1E7F_COG.csv.gz,True,,2022,2022-05-09,ascending,15,sentinel-1a,4331,False,1,True,4331,0,4331,0,0,7,4324,4331,0,0,290,4041
S1A_IW_GRDH_1SDV_20220513T053536_20220513T053601_043188_052869_0F3F_COG,outputs\diagnostics\design_c\c2v\scene_checkpoints\primary\S1A_IW_GRDH_1SDV_20220513T053536_20220513T053601_043188_052869_0F3F_COG.csv.gz,True,,2022,2022-05-13,descending,66,sentinel-1a,3324,False,1,True,3324,0,3324,0,0,7,3317,3324,0,0,269,3055
S1A_IW_GRDH_1SDV_20220513T053601_20220513T053626_043188_052869_445D_COG,outputs\diagnostics\design_c\c2v\scene_checkpoints\primary\S1A_IW_GRDH_1SDV_20220513T053601_20220513T053626_043188_052869_445D_COG.csv.gz,True,,2022,2022-05-13,descending,66,sentinel-1a,1007,False,1,True,1007,0,1007,0,0,0,1007,1007,0,0,74,933
S1A_IW_GRDH_1SDV_20220514T172316_20220514T172341_043210_05291B_BBBF_COG,outputs\diagnostics\design_c\c2v\scene_checkpoints\primary\S1A_IW_GRDH_1SDV_20220514T172316_20220514T172341_043210_05291B_BBBF_COG.csv.gz,True,,2022,2022-05-14,ascending,88,sentinel-1a,3879,False,1,True,3879,0,3879,0,0,228,3651,3879,0,0,457,3422
S1A_IW_GRDH_1SDV_20220514T172341_20220514T172406_043210_05291B_DAF9_COG,outputs\diagnostics\design_c\c2v\scene_checkpoints\primary\S1A_IW_GRDH_1SDV_20220514T172341_20220514T172406_043210_05291B_DAF9_COG.csv.gz,True,,2022,2022-05-14,ascending,88,sentinel-1a,0,True,0,True,0,0,0,0,0,0,0,0,0,0,0,0
S1A_IW_GRDH_1SDV_20220520T052724_20220520T052749_043290_052B73_B57F_COG,outputs\diagnostics\design_c\c2v\scene_checkpoints\primary\S1A_IW_GRDH_1SDV_20220520T052724_20220520T052749_043290_052B73_B57F_COG.csv.gz,True,,2022,2022-05-20,descending,168,sentinel-1a,623,False,1,True,623,0,623,0,0,156,467,623,0,0,164,459
S1A_IW_GRDH_1SDV_20220520T052749_20220520T052814_043290_052B73_12C7_COG,outputs\diagnostics\design_c\c2v\scene_checkpoints\primary\S1A_IW_GRDH_1SDV_20220520T052749_20220520T052814_043290_052B73_12C7_COG.csv.gz,True,,2022,2022-05-20,descending,168,sentinel-1a,1997,False,1,True,1997,0,1997,0,0,368,1629,1997,0,0,456,1541
S1A_IW_GRDH_1SDV_20220521T171510_20220521T171535_043312_052C17_05BC_COG,outputs\diagnostics\design_c\c2v\scene_checkpoints\primary\S1A_IW_GRDH_1SDV_20220521T171510_20220521T171535_043312_052C17_05BC_COG.csv.gz,True,,2022,2022-05-21,ascending,15,sentinel-1a,4331,False,1,True,4331,0,4331,0,0,8,4323,4331,0,0,432,3899
S1A_IW_GRDH_1SDV_20220525T053537_20220525T053602_043363_052DA0_52DC_COG,outputs\diagnostics\design_c\c2v\scene_checkpoints\primary\S1A_IW_GRDH_1SDV_20220525T053537_20220525T053602_043363_052DA0_52DC_COG.csv.gz,True,,2022,2022-05-25,descending,66,sentinel-1a,3324,False,1,True,3324,0,3324,0,0,4,3320,3324,0,0,200,3124
S1A_IW_GRDH_1SDV_20220525T053602_20220525T053627_043363_052DA0_B671_COG,outputs\diagnostics\design_c\c2v\scene_checkpoints\primary\S1A_IW_GRDH_1SDV_20220525T053602_20220525T053627_043363_052DA0_B671_COG.csv.gz,True,,2022,2022-05-25,descending,66,sentinel-1a,1007,False,1,True,1007,0,1007,0,0,1,1006,1007,0,0,65,942
S1A_IW_GRDH_1SDV_20220526T172316_20220526T172341_043385_052E4C_2B15_COG,outputs\diagnostics\design_c\c2v\scene_checkpoints\primary\S1A_IW_GRDH_1SDV_20220526T172316_20220526T172341_043385_052E4C_2B15_COG.csv.gz,True,,2022,2022-05-26,ascending,88,sentinel-1a,3879,False,1,True,3879,0,3879,0,0,224,3655,3879,0,0,389,3490
S1A_IW_GRDH_1SDV_20220526T172341_20220526T172406_043385_052E4C_274D_COG,outputs\diagnostics\design_c\c2v\scene_checkpoints\primary\S1A_IW_GRDH_1SDV_20220526T172341_20220526T172406_043385_052E4C_274D_COG.csv.gz,True,,2022,2022-05-26,ascending,88,sentinel-1a,0,True,0,True,0,0,0,0,0,0,0,0,0,0,0,0
S1A_IW_GRDH_1SDV_20220601T052725_20220601T052750_043465_0530A1_60B9_COG,outputs\diagnostics\design_c\c2v\scene_checkpoints\primary\S1A_IW_GRDH_1SDV_20220601T052725_20220601T052750_043465_0530A1_60B9_COG.csv.gz,True,,2022,2022-06-01,descending,168,sentinel-1a,632,False,1,True,632,0,632,0,0,156,476,632,0,0,173,459
S1A_IW_GRDH_1SDV_20220601T052750_20220601T052815_043465_0530A1_D7A9_COG,outputs\diagnostics\design_c\c2v\scene_checkpoints\primary\S1A_IW_GRDH_1SDV_20220601T052750_20220601T052815_043465_0530A1_D7A9_COG.csv.gz,True,,2022,2022-06-01,descending,168,sentinel-1a,2004,False,1,True,2004,0,2004,0,0,371,1633,2004,0,0,425,1579
S1A_IW_GRDH_1SDV_20220602T171511_20220602T171536_043487_05313E_11DC_COG,outputs\diagnostics\design_c\c2v\scene_checkpoints\primary\S1A_IW_GRDH_1SDV_20220602T171511_20220602T171536_043487_05313E_11DC_COG.csv.gz,True,,2022,2022-06-02,ascending,15,sentinel-1a,4331,False,1,True,4331,0,4331,0,0,2,4329,4331,0,0,356,3975
S1A_IW_GRDH_1SDV_20220606T053538_20220606T053603_043538_0532CD_B884_COG,outputs\diagnostics\design_c\c2v\scene_checkpoints\primary\S1A_IW_GRDH_1SDV_20220606T053538_20220606T053603_043538_0532CD_B884_COG.csv.gz,True,,2022,2022-06-06,descending,66,sentinel-1a,3327,False,1,True,3327,0,3327,0,0,2,3325,3327,0,0,132,3195
S1A_IW_GRDH_1SDV_20220606T053603_20220606T053628_043538_0532CD_4BE8_COG,outputs\diagnostics\design_c\c2v\scene_checkpoints\primary\S1A_IW_GRDH_1SDV_20220606T053603_20220606T053628_043538_0532CD_4BE8_COG.csv.gz,True,,2022,2022-06-06,descending,66,sentinel-1a,1004,False,1,True,1004,0,1004,0,0,1,1003,1004,0,0,57,947
S1A_IW_GRDH_1SDV_20220607T172318_20220607T172343_043560_05337D_C456_COG,outputs\diagnostics\design_c\c2v\scene_checkpoints\primary\S1A_IW_GRDH_1SDV_20220607T172318_20220607T172343_043560_05337D_C456_COG.csv.gz,True,,2022,2022-06-07,ascending,88,sentinel-1a,3872,False,1,True,3872,0,3872,0,0,224,3648,3872,0,0,350,3522
S1A_IW_GRDH_1SDV_20220607T172343_20220607T172408_043560_05337D_6C1B_COG,outputs\diagnostics\design_c\c2v\scene_checkpoints\primary\S1A_IW_GRDH_1SDV_20220607T172343_20220607T172408_043560_05337D_6C1B_COG.csv.gz,True,,2022,2022-06-07,ascending,88,sentinel-1a,0,True,0,True,0,0,0,0,0,0,0,0,0,0,0,0
S1A_IW_GRDH_1SDV_20220613T052726_20220613T052751_043640_0535D2_913C_COG,outputs\diagnostics\design_c\c2v\scene_checkpoints\primary\S1A_IW_GRDH_1SDV_20220613T052726_20220613T052751_043640_0535D2_913C_COG.csv.gz,True,,2022,2022-06-13,descending,168,sentinel-1a,633,False,1,True,633,0,633,0,0,153,480,633,0,0,160,473
S1A_IW_GRDH_1SDV_20220613T052751_20220613T052816_043640_0535D2_8CB5_COG,outputs\diagnostics\design_c\c2v\scene_checkpoints\primary\S1A_IW_GRDH_1SDV_20220613T052751_20220613T052816_043640_0535D2_8CB5_COG.csv.gz,True,,2022,2022-06-13,descending,168,sentinel-1a,2005,False,1,True,2005,0,2005,0,0,374,1631,2005,0,0,402,1603
S1A_IW_GRDH_1SDV_20220614T171511_20220614T171536_043662_053678_4E76_COG,outputs\diagnostics\design_c\c2v\scene_checkpoints\primary\S1A_IW_GRDH_1SDV_20220614T171511_20220614T171536_043662_053678_4E76_COG.csv.gz,True,,2022,2022-06-14,ascending,15,sentinel-1a,4331,False,1,True,4331,0,4331,0,0,4,4327,4331,0,0,222,4109
S1A_IW_GRDH_1SDV_20220618T053539_20220618T053604_043713_053801_D5CC_COG,outputs\diagnostics\design_c\c2v\scene_checkpoints\primary\S1A_IW_GRDH_1SDV_20220618T053539_20220618T053604_043713_053801_D5CC_COG.csv.gz,True,,2022,2022-06-18,descending,66,sentinel-1a,3324,False,1,True,3324,0,3324,0,0,0,3324,3324,0,0,102,3222
S1A_IW_GRDH_1SDV_20220618T053604_20220618T053629_043713_053801_1E88_COG,outputs\diagnostics\design_c\c2v\scene_checkpoints\primary\S1A_IW_GRDH_1SDV_20220618T053604_20220618T053629_043713_053801_1E88_COG.csv.gz,True,,2022,2022-06-18,descending,66,sentinel-1a,1007,False,1,True,1007,0,1007,0,0,0,1007,1007,0,0,44,963
S1A_IW_GRDH_1SDV_20220619T172318_20220619T172343_043735_0538B0_B485_COG,outputs\diagnostics\design_c\c2v\scene_checkpoints\primary\S1A_IW_GRDH_1SDV_20220619T172318_20220619T172343_043735_0538B0_B485_COG.csv.gz,True,,2022,2022-06-19,ascending,88,sentinel-1a,3879,False,1,True,3879,0,3879,0,0,225,3654,3879,0,0,286,3593
S1A_IW_GRDH_1SDV_20220619T172343_20220619T172408_043735_0538B0_3D34_COG,outputs\diagnostics\design_c\c2v\scene_checkpoints\primary\S1A_IW_GRDH_1SDV_20220619T172343_20220619T172408_043735_0538B0_3D34_COG.csv.gz,True,,2022,2022-06-19,ascending,88,sentinel-1a,0,True,0,True,0,0,0,0,0,0,0,0,0,0,0,0
S1A_IW_GRDH_1SDV_20220625T052726_20220625T052751_043815_053B13_D325_COG,outputs\diagnostics\design_c\c2v\scene_checkpoints\primary\S1A_IW_GRDH_1SDV_20220625T052726_20220625T052751_043815_053B13_D325_COG.csv.gz,True,,2022,2022-06-25,descending,168,sentinel-1a,633,False,1,True,633,0,633,0,0,153,480,633,0,0,161,472
S1A_IW_GRDH_1SDV_20220625T052751_20220625T052816_043815_053B13_CC5C_COG,outputs\diagnostics\design_c\c2v\scene_checkpoints\primary\S1A_IW_GRDH_1SDV_20220625T052751_20220625T052816_043815_053B13_CC5C_COG.csv.gz,True,,2022,2022-06-25,descending,168,sentinel-1a,2005,False,1,True,2005,0,2005,0,0,370,1635,2005,0,0,386,1619
S1A_IW_GRDH_1SDV_20220626T171512_20220626T171537_043837_053BBA_4B7A_COG,outputs\diagnostics\design_c\c2v\scene_checkpoints\primary\S1A_IW_GRDH_1SDV_20220626T171512_20220626T171537_043837_053BBA_4B7A_COG.csv.gz,True,,2022,2022-06-26,ascending,15,sentinel-1a,4331,False,1,True,4331,0,4331,0,0,1,4330,4331,0,0,132,4199
S1A_IW_GRDH_1SDV_20220630T053539_20220630T053604_043888_053D3F_B3C0_COG,outputs\diagnostics\design_c\c2v\scene_checkpoints\primary\S1A_IW_GRDH_1SDV_20220630T053539_20220630T053604_043888_053D3F_B3C0_COG.csv.gz,True,,2022,2022-06-30,descending,66,sentinel-1a,3329,False,1,True,3329,0,3329,0,0,2,3327,3329,0,0,60,3269
S1A_IW_GRDH_1SDV_20220630T053604_20220630T053629_043888_053D3F_F13D_COG,outputs\diagnostics\design_c\c2v\scene_checkpoints\primary\S1A_IW_GRDH_1SDV_20220630T053604_20220630T053629_043888_053D3F_F13D_COG.csv.gz,True,,2022,2022-06-30,descending,66,sentinel-1a,1002,False,1,True,1002,0,1002,0,0,0,1002,1002,0,0,19,983
S1A_IW_GRDH_1SDV_20220701T172319_20220701T172344_043910_053DEB_9CCC_COG,outputs\diagnostics\design_c\c2v\scene_checkpoints\primary\S1A_IW_GRDH_1SDV_20220701T172319_20220701T172344_043910_053DEB_9CCC_COG.csv.gz,True,,2022,2022-07-01,ascending,88,sentinel-1a,3879,False,1,True,3879,0,3879,0,0,225,3654,3879,0,0,252,3627
S1A_IW_GRDH_1SDV_20220701T172344_20220701T172409_043910_053DEB_E94B_COG,outputs\diagnostics\design_c\c2v\scene_checkpoints\primary\S1A_IW_GRDH_1SDV_20220701T172344_20220701T172409_043910_053DEB_E94B_COG.csv.gz,True,,2022,2022-07-01,ascending,88,sentinel-1a,0,True,0,True,0,0,0,0,0,0,0,0,0,0,0,0
S1A_IW_GRDH_1SDV_20220707T052727_20220707T052752_043990_054042_25B0_COG,outputs\diagnostics\design_c\c2v\scene_checkpoints\primary\S1A_IW_GRDH_1SDV_20220707T052727_20220707T052752_043990_054042_25B0_COG.csv.gz,True,,2022,2022-07-07,descending,168,sentinel-1a,629,False,1,True,629,0,629,0,0,154,475,629,0,0,157,472
S1A_IW_GRDH_1SDV_20220707T052752_20220707T052817_043990_054042_474E_COG,outputs\diagnostics\design_c\c2v\scene_checkpoints\primary\S1A_IW_GRDH_1SDV_20220707T052752_20220707T052817_043990_054042_474E_COG.csv.gz,True,,2022,2022-07-07,descending,168,sentinel-1a,2001,False,1,True,2001,0,2001,0,0,370,1631,2001,0,0,383,1618
S1A_IW_GRDH_1SDV_20220708T171513_20220708T171538_044012_0540E8_E6D9_COG,outputs\diagnostics\design_c\c2v\scene_checkpoints\primary\S1A_IW_GRDH_1SDV_20220708T171513_20220708T171538_044012_0540E8_E6D9_COG.csv.gz,True,,2022,2022-07-08,ascending,15,sentinel-1a,4331,False,1,True,4331,0,4331,0,0,0,4331,4331,0,0,99,4232
S1A_IW_GRDH_1SDV_20220712T053540_20220712T053605_044063_054275_4AF7_COG,outputs\diagnostics\design_c\c2v\scene_checkpoints\primary\S1A_IW_GRDH_1SDV_20220712T053540_20220712T053605_044063_054275_4AF7_COG.csv.gz,True,,2022,2022-07-12,descending,66,sentinel-1a,3329,False,1,True,3329,0,3329,0,0,0,3329,3329,0,0,65,3264
S1A_IW_GRDH_1SDV_20220712T053605_20220712T053630_044063_054275_76DA_COG,outputs\diagnostics\design_c\c2v\scene_checkpoints\primary\S1A_IW_GRDH_1SDV_20220712T053605_20220712T053630_044063_054275_76DA_COG.csv.gz,True,,2022,2022-07-12,descending,66,sentinel-1a,1002,False,1,True,1002,0,1002,0,0,0,1002,1002,0,0,14,988
S1A_IW_GRDH_1SDV_20220713T172319_20220713T172344_044085_054323_C4AD_COG,outputs\diagnostics\design_c\c2v\scene_checkpoints\primary\S1A_IW_GRDH_1SDV_20220713T172319_20220713T172344_044085_054323_C4AD_COG.csv.gz,True,,2022,2022-07-13,ascending,88,sentinel-1a,3881,False,1,True,3881,0,3881,0,0,223,3658,3881,0,0,252,3629
S1A_IW_GRDH_1SDV_20220713T172344_20220713T172409_044085_054323_6B70_COG,outputs\diagnostics\design_c\c2v\scene_checkpoints\primary\S1A_IW_GRDH_1SDV_20220713T172344_20220713T172409_044085_054323_6B70_COG.csv.gz,True,,2022,2022-07-13,ascending,88,sentinel-1a,0,True,0,True,0,0,0,0,0,0,0,0,0,0,0,0
S1A_IW_GRDH_1SDV_20220719T052728_20220719T052753_044165_054588_3810_COG,outputs\diagnostics\design_c\c2v\scene_checkpoints\primary\S1A_IW_GRDH_1SDV_20220719T052728_20220719T052753_044165_054588_3810_COG.csv.gz,True,,2022,2022-07-19,descending,168,sentinel-1a,629,False,1,True,629,0,629,0,0,154,475,629,0,0,163,466
S1A_IW_GRDH_1SDV_20220719T052753_20220719T052818_044165_054588_E288_COG,outputs\diagnostics\design_c\c2v\scene_checkpoints\primary\S1A_IW_GRDH_1SDV_20220719T052753_20220719T052818_044165_054588_E288_COG.csv.gz,True,,2022,2022-07-19,descending,168,sentinel-1a,2001,False,1,True,2001,0,2001,0,0,372,1629,2001,0,0,382,1619
S1A_IW_GRDH_1SDV_20220720T171514_20220720T171539_044187_05462D_3619_COG,outputs\diagnostics\design_c\c2v\scene_checkpoints\primary\S1A_IW_GRDH_1SDV_20220720T171514_20220720T171539_044187_05462D_3619_COG.csv.gz,True,,2022,2022-07-20,ascending,15,sentinel-1a,4331,False,1,True,4331,0,4331,0,0,0,4331,4331,0,0,89,4242
S1A_IW_GRDH_1SDV_20220724T053541_20220724T053606_044238_0547AF_2361_COG,outputs\diagnostics\design_c\c2v\scene_checkpoints\primary\S1A_IW_GRDH_1SDV_20220724T053541_20220724T053606_044238_0547AF_2361_COG.csv.gz,True,,2022,2022-07-24,descending,66,sentinel-1a,3329,False,1,True,3329,0,3329,0,0,1,3328,3329,0,0,59,3270
S1A_IW_GRDH_1SDV_20220724T053606_20220724T053631_044238_0547AF_42C0_COG,outputs\diagnostics\design_c\c2v\scene_checkpoints\primary\S1A_IW_GRDH_1SDV_20220724T053606_20220724T053631_044238_0547AF_42C0_COG.csv.gz,True,,2022,2022-07-24,descending,66,sentinel-1a,1002,False,1,True,1002,0,1002,0,0,1,1001,1002,0,0,23,979
S1A_IW_GRDH_1SDV_20220725T172320_20220725T172345_044260_054858_BEB9_COG,outputs\diagnostics\design_c\c2v\scene_checkpoints\primary\S1A_IW_GRDH_1SDV_20220725T172320_20220725T172345_044260_054858_BEB9_COG.csv.gz,True,,2022,2022-07-25,ascending,88,sentinel-1a,3879,False,1,True,3879,0,3879,0,0,226,3653,3879,0,0,265,3614
S1A_IW_GRDH_1SDV_20220725T172345_20220725T172410_044260_054858_FE92_COG,outputs\diagnostics\design_c\c2v\scene_checkpoints\primary\S1A_IW_GRDH_1SDV_20220725T172345_20220725T172410_044260_054858_FE92_COG.csv.gz,True,,2022,2022-07-25,ascending,88,sentinel-1a,0,True,0,True,0,0,0,0,0,0,0,0,0,0,0,0
S1A_IW_GRDH_1SDV_20220731T052729_20220731T052754_044340_054AAA_4422_COG,outputs\diagnostics\design_c\c2v\scene_checkpoints\primary\S1A_IW_GRDH_1SDV_20220731T052729_20220731T052754_044340_054AAA_4422_COG.csv.gz,True,,2022,2022-07-31,descending,168,sentinel-1a,634,False,1,True,634,0,634,0,0,154,480,634,0,0,156,478
S1A_IW_GRDH_1SDV_20220731T052754_20220731T052819_044340_054AAA_C7C0_COG,outputs\diagnostics\design_c\c2v\scene_checkpoints\primary\S1A_IW_GRDH_1SDV_20220731T052754_20220731T052819_044340_054AAA_C7C0_COG.csv.gz,True,,2022,2022-07-31,descending,168,sentinel-1a,2002,False,1,True,2002,0,2002,0,0,370,1632,2002,0,0,387,1615
S1A_IW_GRDH_1SDV_20220801T171514_20220801T171539_044362_054B51_F084_COG,outputs\diagnostics\design_c\c2v\scene_checkpoints\primary\S1A_IW_GRDH_1SDV_20220801T171514_20220801T171539_044362_054B51_F084_COG.csv.gz,True,,2022,2022-08-01,ascending,15,sentinel-1a,4331,False,1,True,4331,0,4331,0,0,4,4327,4331,0,0,77,4254
S1A_IW_GRDH_1SDV_20220805T053542_20220805T053607_044413_054CD3_E591_COG,outputs\diagnostics\design_c\c2v\scene_checkpoints\primary\S1A_IW_GRDH_1SDV_20220805T053542_20220805T053607_044413_054CD3_E591_COG.csv.gz,True,,2022,2022-08-05,descending,66,sentinel-1a,3329,False,1,True,3329,0,3329,0,0,0,3329,3329,0,0,43,3286
S1A_IW_GRDH_1SDV_20220805T053607_20220805T053632_044413_054CD3_601C_COG,outputs\diagnostics\design_c\c2v\scene_checkpoints\primary\S1A_IW_GRDH_1SDV_20220805T053607_20220805T053632_044413_054CD3_601C_COG.csv.gz,True,,2022,2022-08-05,descending,66,sentinel-1a,1002,False,1,True,1002,0,1002,0,0,0,1002,1002,0,0,21,981
S1A_IW_GRDH_1SDV_20220806T172321_20220806T172346_044435_054D76_4BE7_COG,outputs\diagnostics\design_c\c2v\scene_checkpoints\primary\S1A_IW_GRDH_1SDV_20220806T172321_20220806T172346_044435_054D76_4BE7_COG.csv.gz,True,,2022,2022-08-06,ascending,88,sentinel-1a,3874,False,1,True,3874,0,3874,0,0,223,3651,3874,0,0,250,3624
S1A_IW_GRDH_1SDV_20220806T172346_20220806T172411_044435_054D76_7B18_COG,outputs\diagnostics\design_c\c2v\scene_checkpoints\primary\S1A_IW_GRDH_1SDV_20220806T172346_20220806T172411_044435_054D76_7B18_COG.csv.gz,True,,2022,2022-08-06,ascending,88,sentinel-1a,0,True,0,True,0,0,0,0,0,0,0,0,0,0,0,0
S1A_IW_GRDH_1SDV_20220812T052729_20220812T052754_044515_054FF1_C38D_COG,outputs\diagnostics\design_c\c2v\scene_checkpoints\primary\S1A_IW_GRDH_1SDV_20220812T052729_20220812T052754_044515_054FF1_C38D_COG.csv.gz,True,,2022,2022-08-12,descending,168,sentinel-1a,634,False,1,True,634,0,634,0,0,154,480,634,0,0,157,477
S1A_IW_GRDH_1SDV_20220812T052754_20220812T052819_044515_054FF1_7A80_COG,outputs\diagnostics\design_c\c2v\scene_checkpoints\primary\S1A_IW_GRDH_1SDV_20220812T052754_20220812T052819_044515_054FF1_7A80_COG.csv.gz,True,,2022,2022-08-12,descending,168,sentinel-1a,2002,False,1,True,2002,0,2002,0,0,371,1631,2002,0,0,382,1620
S1A_IW_GRDH_1SDV_20220813T171515_20220813T171540_044537_0550B5_0E15_COG,outputs\diagnostics\design_c\c2v\scene_checkpoints\primary\S1A_IW_GRDH_1SDV_20220813T171515_20220813T171540_044537_0550B5_0E15_COG.csv.gz,True,,2022,2022-08-13,ascending,15,sentinel-1a,4331,False,1,True,4331,0,4331,0,0,1,4330,4331,0,0,71,4260
S1A_IW_GRDH_1SDV_20220817T053542_20220817T053607_044588_05526F_5EA4_COG,outputs\diagnostics\design_c\c2v\scene_checkpoints\primary\S1A_IW_GRDH_1SDV_20220817T053542_20220817T053607_044588_05526F_5EA4_COG.csv.gz,True,,2022,2022-08-17,descending,66,sentinel-1a,3328,False,1,True,3328,0,3328,0,0,0,3328,3328,0,0,31,3297
S1A_IW_GRDH_1SDV_20220817T053607_20220817T053632_044588_05526F_6FE9_COG,outputs\diagnostics\design_c\c2v\scene_checkpoints\primary\S1A_IW_GRDH_1SDV_20220817T053607_20220817T053632_044588_05526F_6FE9_COG.csv.gz,True,,2022,2022-08-17,descending,66,sentinel-1a,1002,False,1,True,1002,0,1002,0,0,0,1002,1002,0,0,10,992
S1A_IW_GRDH_1SDV_20220818T172322_20220818T172347_044610_05532E_E290_COG,outputs\diagnostics\design_c\c2v\scene_checkpoints\primary\S1A_IW_GRDH_1SDV_20220818T172322_20220818T172347_044610_05532E_E290_COG.csv.gz,True,,2022,2022-08-18,ascending,88,sentinel-1a,3879,False,1,True,3879,0,3879,0,0,225,3654,3879,0,0,230,3649
S1A_IW_GRDH_1SDV_20220818T172347_20220818T172412_044610_05532E_ACFE_COG,outputs\diagnostics\design_c\c2v\scene_checkpoints\primary\S1A_IW_GRDH_1SDV_20220818T172347_20220818T172412_044610_05532E_ACFE_COG.csv.gz,True,,2022,2022-08-18,ascending,88,sentinel-1a,0,True,0,True,0,0,0,0,0,0,0,0,0,0,0,0
S1A_IW_GRDH_1SDV_20220825T171516_20220825T171541_044712_05569A_9B3F_COG,outputs\diagnostics\design_c\c2v\scene_checkpoints\primary\S1A_IW_GRDH_1SDV_20220825T171516_20220825T171541_044712_05569A_9B3F_COG.csv.gz,True,,2022,2022-08-25,ascending,15,sentinel-1a,4331,False,1,True,4331,0,4331,0,0,1,4330,4331,0,0,52,4279
S1A_IW_GRDH_1SDV_20220829T053543_20220829T053608_044763_05585A_9AF2_COG,outputs\diagnostics\design_c\c2v\scene_checkpoints\primary\S1A_IW_GRDH_1SDV_20220829T053543_20220829T053608_044763_05585A_9AF2_COG.csv.gz,True,,2022,2022-08-29,descending,66,sentinel-1a,3330,False,1,True,3330,0,3330,0,0,0,3330,3330,0,0,30,3300
S1A_IW_GRDH_1SDV_20220829T053608_20220829T053633_044763_05585A_28FD_COG,outputs\diagnostics\design_c\c2v\scene_checkpoints\primary\S1A_IW_GRDH_1SDV_20220829T053608_20220829T053633_044763_05585A_28FD_COG.csv.gz,True,,2022,2022-08-29,descending,66,sentinel-1a,1001,False,1,True,1001,0,1001,0,0,0,1001,1001,0,0,10,991
S1A_IW_GRDH_1SDV_20220830T172322_20220830T172347_044785_05591F_8175_COG,outputs\diagnostics\design_c\c2v\scene_checkpoints\primary\S1A_IW_GRDH_1SDV_20220830T172322_20220830T172347_044785_05591F_8175_COG.csv.gz,True,,2022,2022-08-30,ascending,88,sentinel-1a,3879,False,1,True,3879,0,3879,0,0,225,3654,3879,0,0,236,3643
S1A_IW_GRDH_1SDV_20220830T172347_20220830T172412_044785_05591F_CE51_COG,outputs\diagnostics\design_c\c2v\scene_checkpoints\primary\S1A_IW_GRDH_1SDV_20220830T172347_20220830T172412_044785_05591F_CE51_COG.csv.gz,True,,2022,2022-08-30,ascending,88,sentinel-1a,0,True,0,True,0,0,0,0,0,0,0,0,0,0,0,0
S1A_IW_GRDH_1SDV_20220905T052731_20220905T052756_044865_055BC8_2FE4_COG,outputs\diagnostics\design_c\c2v\scene_checkpoints\primary\S1A_IW_GRDH_1SDV_20220905T052731_20220905T052756_044865_055BC8_2FE4_COG.csv.gz,True,,2022,2022-09-05,descending,168,sentinel-1a,634,False,1,True,634,0,634,0,0,153,481,634,0,0,154,480
S1A_IW_GRDH_1SDV_20220905T052756_20220905T052821_044865_055BC8_C650_COG,outputs\diagnostics\design_c\c2v\scene_checkpoints\primary\S1A_IW_GRDH_1SDV_20220905T052756_20220905T052821_044865_055BC8_C650_COG.csv.gz,True,,2022,2022-09-05,descending,168,sentinel-1a,2004,False,1,True,2004,0,2004,0,0,370,1634,2004,0,0,378,1626
S1A_IW_GRDH_1SDV_20220906T171517_20220906T171542_044887_055C8B_2219_COG,outputs\diagnostics\design_c\c2v\scene_checkpoints\primary\S1A_IW_GRDH_1SDV_20220906T171517_20220906T171542_044887_055C8B_2219_COG.csv.gz,True,,2022,2022-09-06,ascending,15,sentinel-1a,4331,False,1,True,4331,0,4331,0,0,1,4330,4331,0,0,64,4267
S1A_IW_GRDH_1SDV_20220910T053544_20220910T053609_044938_055E31_B8CA_COG,outputs\diagnostics\design_c\c2v\scene_checkpoints\primary\S1A_IW_GRDH_1SDV_20220910T053544_20220910T053609_044938_055E31_B8CA_COG.csv.gz,True,,2022,2022-09-10,descending,66,sentinel-1a,3330,False,1,True,3330,0,3330,0,0,0,3330,3330,0,0,16,3314
S1A_IW_GRDH_1SDV_20220910T053609_20220910T053634_044938_055E31_551C_COG,outputs\diagnostics\design_c\c2v\scene_checkpoints\primary\S1A_IW_GRDH_1SDV_20220910T053609_20220910T053634_044938_055E31_551C_COG.csv.gz,True,,2022,2022-09-10,descending,66,sentinel-1a,1001,False,1,True,1001,0,1001,0,0,0,1001,1001,0,0,5,996
S1A_IW_GRDH_1SDV_20220911T172323_20220911T172348_044960_055EF9_80E4_COG,outputs\diagnostics\design_c\c2v\scene_checkpoints\primary\S1A_IW_GRDH_1SDV_20220911T172323_20220911T172348_044960_055EF9_80E4_COG.csv.gz,True,,2022,2022-09-11,ascending,88,sentinel-1a,3879,False,1,True,3879,0,3879,0,0,225,3654,3879,0,0,242,3637
S1A_IW_GRDH_1SDV_20220911T172348_20220911T172413_044960_055EF9_9549_COG,outputs\diagnostics\design_c\c2v\scene_checkpoints\primary\S1A_IW_GRDH_1SDV_20220911T172348_20220911T172413_044960_055EF9_9549_COG.csv.gz,True,,2022,2022-09-11,ascending,88,sentinel-1a,0,True,0,True,0,0,0,0,0,0,0,0,0,0,0,0
S1A_IW_GRDH_1SDV_20220917T052731_20220917T052756_045040_0561A9_DDFD_COG,outputs\diagnostics\design_c\c2v\scene_checkpoints\primary\S1A_IW_GRDH_1SDV_20220917T052731_20220917T052756_045040_0561A9_DDFD_COG.csv.gz,True,,2022,2022-09-17,descending,168,sentinel-1a,627,False,1,True,627,0,627,0,0,154,473,627,0,0,158,469
S1A_IW_GRDH_1SDV_20220917T052756_20220917T052821_045040_0561A9_0988_COG,outputs\diagnostics\design_c\c2v\scene_checkpoints\primary\S1A_IW_GRDH_1SDV_20220917T052756_20220917T052821_045040_0561A9_0988_COG.csv.gz,True,,2022,2022-09-17,descending,168,sentinel-1a,1998,False,1,True,1998,0,1998,0,0,368,1630,1998,0,0,380,1618
S1A_IW_GRDH_1SDV_20220918T171516_20220918T171541_045062_056267_DAEC_COG,outputs\diagnostics\design_c\c2v\scene_checkpoints\primary\S1A_IW_GRDH_1SDV_20220918T171516_20220918T171541_045062_056267_DAEC_COG.csv.gz,True,,2022,2022-09-18,ascending,15,sentinel-1a,4331,False,1,True,4331,0,4331,0,0,0,4331,4331,0,0,56,4275
S1A_IW_GRDH_1SDV_20220922T053543_20220922T053608_045113_056419_0BEA_COG,outputs\diagnostics\design_c\c2v\scene_checkpoints\primary\S1A_IW_GRDH_1SDV_20220922T053543_20220922T053608_045113_056419_0BEA_COG.csv.gz,True,,2022,2022-09-22,descending,66,sentinel-1a,3319,False,1,True,3319,0,3319,0,0,1,3318,3319,0,0,48,3271
S1A_IW_GRDH_1SDV_20220922T053608_20220922T053633_045113_056419_6005_COG,outputs\diagnostics\design_c\c2v\scene_checkpoints\primary\S1A_IW_GRDH_1SDV_20220922T053608_20220922T053633_045113_056419_6005_COG.csv.gz,True,,2022,2022-09-22,descending,66,sentinel-1a,1012,False,1,True,1012,0,1012,0,0,0,1012,1012,0,0,20,992
S1A_IW_GRDH_1SDV_20220923T172322_20220923T172347_045135_0564DD_14AC_COG,outputs\diagnostics\design_c\c2v\scene_checkpoints\primary\S1A_IW_GRDH_1SDV_20220923T172322_20220923T172347_045135_0564DD_14AC_COG.csv.gz,True,,2022,2022-09-23,ascending,88,sentinel-1a,3885,False,1,True,3885,0,3885,0,0,224,3661,3885,0,0,251,3634
S1A_IW_GRDH_1SDV_20220923T172347_20220923T172412_045135_0564DD_794A_COG,outputs\diagnostics\design_c\c2v\scene_checkpoints\primary\S1A_IW_GRDH_1SDV_20220923T172347_20220923T172412_045135_0564DD_794A_COG.csv.gz,True,,2022,2022-09-23,ascending,88,sentinel-1a,0,True,0,True,0,0,0,0,0,0,0,0,0,0,0,0
S1A_IW_GRDH_1SDV_20220929T052731_20220929T052756_045215_05677E_604C_COG,outputs\diagnostics\design_c\c2v\scene_checkpoints\primary\S1A_IW_GRDH_1SDV_20220929T052731_20220929T052756_045215_05677E_604C_COG.csv.gz,True,,2022,2022-09-29,descending,168,sentinel-1a,630,False,1,True,630,0,630,0,0,154,476,630,0,0,156,474
S1A_IW_GRDH_1SDV_20220929T052756_20220929T052821_045215_05677E_A634_COG,outputs\diagnostics\design_c\c2v\scene_checkpoints\primary\S1A_IW_GRDH_1SDV_20220929T052756_20220929T052821_045215_05677E_A634_COG.csv.gz,True,,2022,2022-09-29,descending,168,sentinel-1a,2002,False,1,True,2002,0,2002,0,0,370,1632,2002,0,0,377,1625
S1A_IW_GRDH_1SDV_20220930T171517_20220930T171542_045237_056843_F6AF_COG,outputs\diagnostics\design_c\c2v\scene_checkpoints\primary\S1A_IW_GRDH_1SDV_20220930T171517_20220930T171542_045237_056843_F6AF_COG.csv.gz,True,,2022,2022-09-30,ascending,15,sentinel-1a,4331,False,1,True,4331,0,4331,0,0,0,4331,4331,0,0,22,4309
S1A_IW_GRDH_1SDV_20230402T053540_20230402T053605_047913_05C1EB_5BBC_COG,outputs\diagnostics\design_c\c2v\scene_checkpoints\primary\S1A_IW_GRDH_1SDV_20230402T053540_20230402T053605_047913_05C1EB_5BBC_COG.csv.gz,True,,2023,2023-04-02,descending,66,sentinel-1a,3324,False,1,True,3324,0,3324,0,0,2,3322,3324,0,0,249,3075
S1A_IW_GRDH_1SDV_20230402T053605_20230402T053630_047913_05C1EB_0D6D_COG,outputs\diagnostics\design_c\c2v\scene_checkpoints\primary\S1A_IW_GRDH_1SDV_20230402T053605_20230402T053630_047913_05C1EB_0D6D_COG.csv.gz,True,,2023,2023-04-02,descending,66,sentinel-1a,1007,False,1,True,1007,0,1007,0,0,1,1006,1007,0,0,97,910
S1A_IW_GRDH_1SDV_20230403T172319_20230403T172344_047935_05C2B3_443F_COG,outputs\diagnostics\design_c\c2v\scene_checkpoints\primary\S1A_IW_GRDH_1SDV_20230403T172319_20230403T172344_047935_05C2B3_443F_COG.csv.gz,True,,2023,2023-04-03,ascending,88,sentinel-1a,3879,False,1,True,3879,0,3879,0,0,228,3651,3879,0,0,368,3511
S1A_IW_GRDH_1SDV_20230403T172344_20230403T172409_047935_05C2B3_25D4_COG,outputs\diagnostics\design_c\c2v\scene_checkpoints\primary\S1A_IW_GRDH_1SDV_20230403T172344_20230403T172409_047935_05C2B3_25D4_COG.csv.gz,True,,2023,2023-04-03,ascending,88,sentinel-1a,0,True,0,True,0,0,0,0,0,0,0,0,0,0,0,0
S1A_IW_GRDH_1SDV_20230409T052728_20230409T052753_048015_05C56B_0221_COG,outputs\diagnostics\design_c\c2v\scene_checkpoints\primary\S1A_IW_GRDH_1SDV_20230409T052728_20230409T052753_048015_05C56B_0221_COG.csv.gz,True,,2023,2023-04-09,descending,168,sentinel-1a,632,False,1,True,632,0,632,0,0,152,480,632,0,0,162,470
S1A_IW_GRDH_1SDV_20230409T052753_20230409T052818_048015_05C56B_1A3A_COG,outputs\diagnostics\design_c\c2v\scene_checkpoints\primary\S1A_IW_GRDH_1SDV_20230409T052753_20230409T052818_048015_05C56B_1A3A_COG.csv.gz,True,,2023,2023-04-09,descending,168,sentinel-1a,2007,False,1,True,2007,0,2007,0,0,371,1636,2007,0,0,461,1546
S1A_IW_GRDH_1SDV_20230410T171514_20230410T171539_048037_05C630_0167_COG,outputs\diagnostics\design_c\c2v\scene_checkpoints\primary\S1A_IW_GRDH_1SDV_20230410T171514_20230410T171539_048037_05C630_0167_COG.csv.gz,True,,2023,2023-04-10,ascending,15,sentinel-1a,4331,False,1,True,4331,0,4331,0,0,10,4321,4331,0,0,503,3828
S1A_IW_GRDH_1SDV_20230414T053541_20230414T053606_048088_05C7DA_D738_COG,outputs\diagnostics\design_c\c2v\scene_checkpoints\primary\S1A_IW_GRDH_1SDV_20230414T053541_20230414T053606_048088_05C7DA_D738_COG.csv.gz,True,,2023,2023-04-14,descending,66,sentinel-1a,3329,False,1,True,3329,0,3329,0,0,3,3326,3329,0,0,120,3209
S1A_IW_GRDH_1SDV_20230414T053606_20230414T053631_048088_05C7DA_82B5_COG,outputs\diagnostics\design_c\c2v\scene_checkpoints\primary\S1A_IW_GRDH_1SDV_20230414T053606_20230414T053631_048088_05C7DA_82B5_COG.csv.gz,True,,2023,2023-04-14,descending,66,sentinel-1a,1002,False,1,True,1002,0,1002,0,0,0,1002,1002,0,0,39,963
S1A_IW_GRDH_1SDV_20230415T172320_20230415T172345_048110_05C89F_F574_COG,outputs\diagnostics\design_c\c2v\scene_checkpoints\primary\S1A_IW_GRDH_1SDV_20230415T172320_20230415T172345_048110_05C89F_F574_COG.csv.gz,True,,2023,2023-04-15,ascending,88,sentinel-1a,3874,False,1,True,3874,0,3874,0,0,223,3651,3874,0,0,393,3481
S1A_IW_GRDH_1SDV_20230415T172345_20230415T172410_048110_05C89F_0785_COG,outputs\diagnostics\design_c\c2v\scene_checkpoints\primary\S1A_IW_GRDH_1SDV_20230415T172345_20230415T172410_048110_05C89F_0785_COG.csv.gz,True,,2023,2023-04-15,ascending,88,sentinel-1a,0,True,0,True,0,0,0,0,0,0,0,0,0,0,0,0
S1A_IW_GRDH_1SDV_20230421T052727_20230421T052752_048190_05CB44_C818_COG,outputs\diagnostics\design_c\c2v\scene_checkpoints\primary\S1A_IW_GRDH_1SDV_20230421T052727_20230421T052752_048190_05CB44_C818_COG.csv.gz,True,,2023,2023-04-21,descending,168,sentinel-1a,628,False,1,True,628,0,628,0,0,154,474,628,0,0,155,473
S1A_IW_GRDH_1SDV_20230421T052752_20230421T052817_048190_05CB44_FE73_COG,outputs\diagnostics\design_c\c2v\scene_checkpoints\primary\S1A_IW_GRDH_1SDV_20230421T052752_20230421T052817_048190_05CB44_FE73_COG.csv.gz,True,,2023,2023-04-21,descending,168,sentinel-1a,1999,False,1,True,1999,0,1999,0,0,369,1630,1999,0,0,389,1610
S1A_IW_GRDH_1SDV_20230422T171514_20230422T171539_048212_05CC09_746A_COG,outputs\diagnostics\design_c\c2v\scene_checkpoints\primary\S1A_IW_GRDH_1SDV_20230422T171514_20230422T171539_048212_05CC09_746A_COG.csv.gz,True,,2023,2023-04-22,ascending,15,sentinel-1a,4331,False,1,True,4331,0,4331,0,0,11,4320,4331,0,0,326,4005
S1A_IW_GRDH_1SDV_20230426T053541_20230426T053606_048263_05CDBA_C521_COG,outputs\diagnostics\design_c\c2v\scene_checkpoints\primary\S1A_IW_GRDH_1SDV_20230426T053541_20230426T053606_048263_05CDBA_C521_COG.csv.gz,True,,2023,2023-04-26,descending,66,sentinel-1a,3324,False,1,True,3324,0,3324,0,0,7,3317,3324,0,0,224,3100
S1A_IW_GRDH_1SDV_20230426T053606_20230426T053631_048263_05CDBA_349C_COG,outputs\diagnostics\design_c\c2v\scene_checkpoints\primary\S1A_IW_GRDH_1SDV_20230426T053606_20230426T053631_048263_05CDBA_349C_COG.csv.gz,True,,2023,2023-04-26,descending,66,sentinel-1a,1007,False,1,True,1007,0,1007,0,0,4,1003,1007,0,0,85,922
S1A_IW_GRDH_1SDV_20230427T172320_20230427T172345_048285_05CE7B_3679_COG,outputs\diagnostics\design_c\c2v\scene_checkpoints\primary\S1A_IW_GRDH_1SDV_20230427T172320_20230427T172345_048285_05CE7B_3679_COG.csv.gz,True,,2023,2023-04-27,ascending,88,sentinel-1a,3877,False,1,True,3877,0,3877,0,0,225,3652,3877,0,0,424,3453
S1A_IW_GRDH_1SDV_20230427T172345_20230427T172410_048285_05CE7B_F558_COG,outputs\diagnostics\design_c\c2v\scene_checkpoints\primary\S1A_IW_GRDH_1SDV_20230427T172345_20230427T172410_048285_05CE7B_F558_COG.csv.gz,True,,2023,2023-04-27,ascending,88,sentinel-1a,0,True,0,True,0,0,0,0,0,0,0,0,0,0,0,0
S1A_IW_GRDH_1SDV_20230503T052728_20230503T052753_048365_05D12D_8091_COG,outputs\diagnostics\design_c\c2v\scene_checkpoints\primary\S1A_IW_GRDH_1SDV_20230503T052728_20230503T052753_048365_05D12D_8091_COG.csv.gz,True,,2023,2023-05-03,descending,168,sentinel-1a,633,False,1,True,633,0,633,0,0,157,476,633,0,0,164,469
S1A_IW_GRDH_1SDV_20230503T052753_20230503T052818_048365_05D12D_299F_COG,outputs\diagnostics\design_c\c2v\scene_checkpoints\primary\S1A_IW_GRDH_1SDV_20230503T052753_20230503T052818_048365_05D12D_299F_COG.csv.gz,True,,2023,2023-05-03,descending,168,sentinel-1a,2005,False,1,True,2005,0,2005,0,0,373,1632,2005,0,0,415,1590
S1A_IW_GRDH_1SDV_20230504T171514_20230504T171539_048387_05D1E8_FDB6_COG,outputs\diagnostics\design_c\c2v\scene_checkpoints\primary\S1A_IW_GRDH_1SDV_20230504T171514_20230504T171539_048387_05D1E8_FDB6_COG.csv.gz,True,,2023,2023-05-04,ascending,15,sentinel-1a,4331,False,1,True,4331,0,4331,0,0,13,4318,4331,0,0,590,3741
S1A_IW_GRDH_1SDV_20230508T053542_20230508T053607_048438_05D396_EB4C_COG,outputs\diagnostics\design_c\c2v\scene_checkpoints\primary\S1A_IW_GRDH_1SDV_20230508T053542_20230508T053607_048438_05D396_EB4C_COG.csv.gz,True,,2023,2023-05-08,descending,66,sentinel-1a,3327,False,1,True,3327,0,3327,0,0,4,3323,3327,0,0,220,3107
S1A_IW_GRDH_1SDV_20230508T053607_20230508T053632_048438_05D396_8B0D_COG,outputs\diagnostics\design_c\c2v\scene_checkpoints\primary\S1A_IW_GRDH_1SDV_20230508T053607_20230508T053632_048438_05D396_8B0D_COG.csv.gz,True,,2023,2023-05-08,descending,66,sentinel-1a,1004,False,1,True,1004,0,1004,0,0,1,1003,1004,0,0,72,932
S1A_IW_GRDH_1SDV_20230509T172321_20230509T172346_048460_05D44B_3E56_COG,outputs\diagnostics\design_c\c2v\scene_checkpoints\primary\S1A_IW_GRDH_1SDV_20230509T172321_20230509T172346_048460_05D44B_3E56_COG.csv.gz,True,,2023,2023-05-09,ascending,88,sentinel-1a,3813,False,1,True,3813,0,3813,0,0,159,3654,3813,0,0,268,3545
S1A_IW_GRDH_1SDV_20230509T172346_20230509T172411_048460_05D44B_D4EF_COG,outputs\diagnostics\design_c\c2v\scene_checkpoints\primary\S1A_IW_GRDH_1SDV_20230509T172346_20230509T172411_048460_05D44B_D4EF_COG.csv.gz,True,,2023,2023-05-09,ascending,88,sentinel-1a,0,True,0,True,0,0,0,0,0,0,0,0,0,0,0,0
S1A_IW_GRDH_1SDV_20230515T052729_20230515T052754_048540_05D6AC_308B_COG,outputs\diagnostics\design_c\c2v\scene_checkpoints\primary\S1A_IW_GRDH_1SDV_20230515T052729_20230515T052754_048540_05D6AC_308B_COG.csv.gz,True,,2023,2023-05-15,descending,168,sentinel-1a,633,False,1,True,633,0,633,0,0,154,479,633,0,0,158,475
S1A_IW_GRDH_1SDV_20230515T052754_20230515T052819_048540_05D6AC_5EB7_COG,outputs\diagnostics\design_c\c2v\scene_checkpoints\primary\S1A_IW_GRDH_1SDV_20230515T052754_20230515T052819_048540_05D6AC_5EB7_COG.csv.gz,True,,2023,2023-05-15,descending,168,sentinel-1a,2005,False,1,True,2005,0,2005,0,0,373,1632,2005,0,0,408,1597
S1A_IW_GRDH_1SDV_20230516T171515_20230516T171540_048562_05D752_36A1_COG,outputs\diagnostics\design_c\c2v\scene_checkpoints\primary\S1A_IW_GRDH_1SDV_20230516T171515_20230516T171540_048562_05D752_36A1_COG.csv.gz,True,,2023,2023-05-16,ascending,15,sentinel-1a,4331,False,1,True,4331,0,4331,0,0,3,4328,4331,0,0,265,4066
S1A_IW_GRDH_1SDV_20230520T053542_20230520T053607_048613_05D8C9_5C0E_COG,outputs\diagnostics\design_c\c2v\scene_checkpoints\primary\S1A_IW_GRDH_1SDV_20230520T053542_20230520T053607_048613_05D8C9_5C0E_COG.csv.gz,True,,2023,2023-05-20,descending,66,sentinel-1a,3329,False,1,True,3329,0,3329,0,0,3,3326,3329,0,0,152,3177
S1A_IW_GRDH_1SDV_20230520T053607_20230520T053632_048613_05D8C9_9AB5_COG,outputs\diagnostics\design_c\c2v\scene_checkpoints\primary\S1A_IW_GRDH_1SDV_20230520T053607_20230520T053632_048613_05D8C9_9AB5_COG.csv.gz,True,,2023,2023-05-20,descending,66,sentinel-1a,1002,False,1,True,1002,0,1002,0,0,0,1002,1002,0,0,29,973
S1A_IW_GRDH_1SDV_20230521T172322_20230521T172347_048635_05D979_8CEC_COG,outputs\diagnostics\design_c\c2v\scene_checkpoints\primary\S1A_IW_GRDH_1SDV_20230521T172322_20230521T172347_048635_05D979_8CEC_COG.csv.gz,True,,2023,2023-05-21,ascending,88,sentinel-1a,3879,False,1,True,3879,0,3879,0,0,225,3654,3879,0,0,348,3531
S1A_IW_GRDH_1SDV_20230521T172347_20230521T172412_048635_05D979_B67A_COG,outputs\diagnostics\design_c\c2v\scene_checkpoints\primary\S1A_IW_GRDH_1SDV_20230521T172347_20230521T172412_048635_05D979_B67A_COG.csv.gz,True,,2023,2023-05-21,ascending,88,sentinel-1a,0,True,0,True,0,0,0,0,0,0,0,0,0,0,0,0
S1A_IW_GRDH_1SDV_20230527T052730_20230527T052755_048715_05DBDD_94D2_COG,outputs\diagnostics\design_c\c2v\scene_checkpoints\primary\S1A_IW_GRDH_1SDV_20230527T052730_20230527T052755_048715_05DBDD_94D2_COG.csv.gz,True,,2023,2023-05-27,descending,168,sentinel-1a,631,False,1,True,631,0,631,0,0,154,477,631,0,0,167,464
S1A_IW_GRDH_1SDV_20230527T052755_20230527T052820_048715_05DBDD_4E6A_COG,outputs\diagnostics\design_c\c2v\scene_checkpoints\primary\S1A_IW_GRDH_1SDV_20230527T052755_20230527T052820_048715_05DBDD_4E6A_COG.csv.gz,True,,2023,2023-05-27,descending,168,sentinel-1a,2004,False,1,True,2004,0,2004,0,0,371,1633,2004,0,0,413,1591
S1A_IW_GRDH_1SDV_20230528T171516_20230528T171541_048737_05DC83_54B7_COG,outputs\diagnostics\design_c\c2v\scene_checkpoints\primary\S1A_IW_GRDH_1SDV_20230528T171516_20230528T171541_048737_05DC83_54B7_COG.csv.gz,True,,2023,2023-05-28,ascending,15,sentinel-1a,4331,False,1,True,4331,0,4331,0,0,9,4322,4331,0,0,428,3903
S1A_IW_GRDH_1SDV_20230601T053543_20230601T053608_048788_05DE01_E61D_COG,outputs\diagnostics\design_c\c2v\scene_checkpoints\primary\S1A_IW_GRDH_1SDV_20230601T053543_20230601T053608_048788_05DE01_E61D_COG.csv.gz,True,,2023,2023-06-01,descending,66,sentinel-1a,3329,False,1,True,3329,0,3329,0,0,1,3328,3329,0,0,195,3134
S1A_IW_GRDH_1SDV_20230601T053608_20230601T053633_048788_05DE01_1BF4_COG,outputs\diagnostics\design_c\c2v\scene_checkpoints\primary\S1A_IW_GRDH_1SDV_20230601T053608_20230601T053633_048788_05DE01_1BF4_COG.csv.gz,True,,2023,2023-06-01,descending,66,sentinel-1a,1002,False,1,True,1002,0,1002,0,0,0,1002,1002,0,0,59,943
S1A_IW_GRDH_1SDV_20230602T172322_20230602T172347_048810_05DEAA_1584_COG,outputs\diagnostics\design_c\c2v\scene_checkpoints\primary\S1A_IW_GRDH_1SDV_20230602T172322_20230602T172347_048810_05DEAA_1584_COG.csv.gz,True,,2023,2023-06-02,ascending,88,sentinel-1a,3879,False,1,True,3879,0,3879,0,0,228,3651,3879,0,0,390,3489
S1A_IW_GRDH_1SDV_20230602T172322_20230602T172347_048810_05DEAA_DEE6_COG,outputs\diagnostics\design_c\c2v\scene_checkpoints\primary\S1A_IW_GRDH_1SDV_20230602T172322_20230602T172347_048810_05DEAA_DEE6_COG.csv.gz,True,,2023,2023-06-02,ascending,88,sentinel-1a,3812,False,1,True,3812,0,3812,0,0,159,3653,3812,0,0,302,3510
S1A_IW_GRDH_1SDV_20230602T172347_20230602T172412_048810_05DEAA_7BCD_COG,outputs\diagnostics\design_c\c2v\scene_checkpoints\primary\S1A_IW_GRDH_1SDV_20230602T172347_20230602T172412_048810_05DEAA_7BCD_COG.csv.gz,True,,2023,2023-06-02,ascending,88,sentinel-1a,0,True,0,True,0,0,0,0,0,0,0,0,0,0,0,0
S1A_IW_GRDH_1SDV_20230608T052730_20230608T052755_048890_05E11C_A09A_COG,outputs\diagnostics\design_c\c2v\scene_checkpoints\primary\S1A_IW_GRDH_1SDV_20230608T052730_20230608T052755_048890_05E11C_A09A_COG.csv.gz,True,,2023,2023-06-08,descending,168,sentinel-1a,621,False,1,True,621,0,621,0,0,154,467,621,0,0,167,454
S1A_IW_GRDH_1SDV_20230608T052755_20230608T052820_048890_05E11C_0FE8_COG,outputs\diagnostics\design_c\c2v\scene_checkpoints\primary\S1A_IW_GRDH_1SDV_20230608T052755_20230608T052820_048890_05E11C_0FE8_COG.csv.gz,True,,2023,2023-06-08,descending,168,sentinel-1a,1996,False,1,True,1996,0,1996,0,0,367,1629,1996,0,0,410,1586
S1A_IW_GRDH_1SDV_20230609T171516_20230609T171541_048912_05E1C6_EFF7_COG,outputs\diagnostics\design_c\c2v\scene_checkpoints\primary\S1A_IW_GRDH_1SDV_20230609T171516_20230609T171541_048912_05E1C6_EFF7_COG.csv.gz,True,,2023,2023-06-09,ascending,15,sentinel-1a,4331,False,1,True,4331,0,4331,0,0,3,4328,4331,0,0,289,4042
S1A_IW_GRDH_1SDV_20230613T053543_20230613T053608_048963_05E354_367E_COG,outputs\diagnostics\design_c\c2v\scene_checkpoints\primary\S1A_IW_GRDH_1SDV_20230613T053543_20230613T053608_048963_05E354_367E_COG.csv.gz,True,,2023,2023-06-13,descending,66,sentinel-1a,3328,False,1,True,3328,0,3328,0,0,0,3328,3328,0,0,141,3187
S1A_IW_GRDH_1SDV_20230613T053608_20230613T053633_048963_05E354_34D1_COG,outputs\diagnostics\design_c\c2v\scene_checkpoints\primary\S1A_IW_GRDH_1SDV_20230613T053608_20230613T053633_048963_05E354_34D1_COG.csv.gz,True,,2023,2023-06-13,descending,66,sentinel-1a,1002,False,1,True,1002,0,1002,0,0,0,1002,1002,0,0,50,952
S1A_IW_GRDH_1SDV_20230614T172323_20230614T172348_048985_05E406_1519_COG,outputs\diagnostics\design_c\c2v\scene_checkpoints\primary\S1A_IW_GRDH_1SDV_20230614T172323_20230614T172348_048985_05E406_1519_COG.csv.gz,True,,2023,2023-06-14,ascending,88,sentinel-1a,3879,False,1,True,3879,0,3879,0,0,225,3654,3879,0,0,318,3561
S1A_IW_GRDH_1SDV_20230614T172348_20230614T172413_048985_05E406_C03E_COG,outputs\diagnostics\design_c\c2v\scene_checkpoints\primary\S1A_IW_GRDH_1SDV_20230614T172348_20230614T172413_048985_05E406_C03E_COG.csv.gz,True,,2023,2023-06-14,ascending,88,sentinel-1a,0,True,0,True,0,0,0,0,0,0,0,0,0,0,0,0
S1A_IW_GRDH_1SDV_20230620T052731_20230620T052756_049065_05E675_7EDD_COG,outputs\diagnostics\design_c\c2v\scene_checkpoints\primary\S1A_IW_GRDH_1SDV_20230620T052731_20230620T052756_049065_05E675_7EDD_COG.csv.gz,True,,2023,2023-06-20,descending,168,sentinel-1a,633,False,1,True,633,0,633,0,0,154,479,633,0,0,162,471
S1A_IW_GRDH_1SDV_20230620T052756_20230620T052821_049065_05E675_A55D_COG,outputs\diagnostics\design_c\c2v\scene_checkpoints\primary\S1A_IW_GRDH_1SDV_20230620T052756_20230620T052821_049065_05E675_A55D_COG.csv.gz,True,,2023,2023-06-20,descending,168,sentinel-1a,2003,False,1,True,2003,0,2003,0,0,370,1633,2003,0,0,395,1608
S1A_IW_GRDH_1SDV_20230621T171516_20230621T171541_049087_05E71D_920B_COG,outputs\diagnostics\design_c\c2v\scene_checkpoints\primary\S1A_IW_GRDH_1SDV_20230621T171516_20230621T171541_049087_05E71D_920B_COG.csv.gz,True,,2023,2023-06-21,ascending,15,sentinel-1a,4331,False,1,True,4331,0,4331,0,0,5,4326,4331,0,0,216,4115
S1A_IW_GRDH_1SDV_20230625T053544_20230625T053609_049138_05E8A7_0B0D_COG,outputs\diagnostics\design_c\c2v\scene_checkpoints\primary\S1A_IW_GRDH_1SDV_20230625T053544_20230625T053609_049138_05E8A7_0B0D_COG.csv.gz,True,,2023,2023-06-25,descending,66,sentinel-1a,3329,False,1,True,3329,0,3329,0,0,0,3329,3329,0,0,90,3239
S1A_IW_GRDH_1SDV_20230625T053609_20230625T053634_049138_05E8A7_16B7_COG,outputs\diagnostics\design_c\c2v\scene_checkpoints\primary\S1A_IW_GRDH_1SDV_20230625T053609_20230625T053634_049138_05E8A7_16B7_COG.csv.gz,True,,2023,2023-06-25,descending,66,sentinel-1a,1002,False,1,True,1002,0,1002,0,0,0,1002,1002,0,0,31,971
S1A_IW_GRDH_1SDV_20230626T172323_20230626T172348_049160_05E954_9F8C_COG,outputs\diagnostics\design_c\c2v\scene_checkpoints\primary\S1A_IW_GRDH_1SDV_20230626T172323_20230626T172348_049160_05E954_9F8C_COG.csv.gz,True,,2023,2023-06-26,ascending,88,sentinel-1a,3883,False,1,True,3883,0,3883,0,0,226,3657,3883,0,0,270,3613
S1A_IW_GRDH_1SDV_20230626T172348_20230626T172413_049160_05E954_5ABC_COG,outputs\diagnostics\design_c\c2v\scene_checkpoints\primary\S1A_IW_GRDH_1SDV_20230626T172348_20230626T172413_049160_05E954_5ABC_COG.csv.gz,True,,2023,2023-06-26,ascending,88,sentinel-1a,0,True,0,True,0,0,0,0,0,0,0,0,0,0,0,0
S1A_IW_GRDH_1SDV_20230702T052732_20230702T052757_049240_05EBC4_293B_COG,outputs\diagnostics\design_c\c2v\scene_checkpoints\primary\S1A_IW_GRDH_1SDV_20230702T052732_20230702T052757_049240_05EBC4_293B_COG.csv.gz,True,,2023,2023-07-02,descending,168,sentinel-1a,633,False,1,True,633,0,633,0,0,154,479,633,0,0,158,475
S1A_IW_GRDH_1SDV_20230702T052757_20230702T052822_049240_05EBC4_9FC3_COG,outputs\diagnostics\design_c\c2v\scene_checkpoints\primary\S1A_IW_GRDH_1SDV_20230702T052757_20230702T052822_049240_05EBC4_9FC3_COG.csv.gz,True,,2023,2023-07-02,descending,168,sentinel-1a,2003,False,1,True,2003,0,2003,0,0,370,1633,2003,0,0,386,1617
S1A_IW_GRDH_1SDV_20230703T171517_20230703T171542_049262_05EC71_98B2_COG,outputs\diagnostics\design_c\c2v\scene_checkpoints\primary\S1A_IW_GRDH_1SDV_20230703T171517_20230703T171542_049262_05EC71_98B2_COG.csv.gz,True,,2023,2023-07-03,ascending,15,sentinel-1a,4331,False,1,True,4331,0,4331,0,0,0,4331,4331,0,0,141,4190
S1A_IW_GRDH_1SDV_20230707T053545_20230707T053610_049313_05EE09_6E74_COG,outputs\diagnostics\design_c\c2v\scene_checkpoints\primary\S1A_IW_GRDH_1SDV_20230707T053545_20230707T053610_049313_05EE09_6E74_COG.csv.gz,True,,2023,2023-07-07,descending,66,sentinel-1a,3328,False,1,True,3328,0,3328,0,0,0,3328,3328,0,0,36,3292
S1A_IW_GRDH_1SDV_20230707T053610_20230707T053635_049313_05EE09_ED01_COG,outputs\diagnostics\design_c\c2v\scene_checkpoints\primary\S1A_IW_GRDH_1SDV_20230707T053610_20230707T053635_049313_05EE09_ED01_COG.csv.gz,True,,2023,2023-07-07,descending,66,sentinel-1a,1002,False,1,True,1002,0,1002,0,0,0,1002,1002,0,0,9,993
S1A_IW_GRDH_1SDV_20230708T172324_20230708T172349_049335_05EEBC_E684_COG,outputs\diagnostics\design_c\c2v\scene_checkpoints\primary\S1A_IW_GRDH_1SDV_20230708T172324_20230708T172349_049335_05EEBC_E684_COG.csv.gz,True,,2023,2023-07-08,ascending,88,sentinel-1a,3874,False,1,True,3874,0,3874,0,0,222,3652,3874,0,0,245,3629
S1A_IW_GRDH_1SDV_20230708T172349_20230708T172414_049335_05EEBC_0023_COG,outputs\diagnostics\design_c\c2v\scene_checkpoints\primary\S1A_IW_GRDH_1SDV_20230708T172349_20230708T172414_049335_05EEBC_0023_COG.csv.gz,True,,2023,2023-07-08,ascending,88,sentinel-1a,0,True,0,True,0,0,0,0,0,0,0,0,0,0,0,0
S1A_IW_GRDH_1SDV_20230714T052733_20230714T052758_049415_05F130_8B7A_COG,outputs\diagnostics\design_c\c2v\scene_checkpoints\primary\S1A_IW_GRDH_1SDV_20230714T052733_20230714T052758_049415_05F130_8B7A_COG.csv.gz,True,,2023,2023-07-14,descending,168,sentinel-1a,633,False,1,True,633,0,633,0,0,153,480,633,0,0,155,478
S1A_IW_GRDH_1SDV_20230714T052758_20230714T052823_049415_05F130_0DBB_COG,outputs\diagnostics\design_c\c2v\scene_checkpoints\primary\S1A_IW_GRDH_1SDV_20230714T052758_20230714T052823_049415_05F130_0DBB_COG.csv.gz,True,,2023,2023-07-14,descending,168,sentinel-1a,2005,False,1,True,2005,0,2005,0,0,371,1634,2005,0,0,382,1623
S1A_IW_GRDH_1SDV_20230715T171518_20230715T171543_049437_05F1DD_DB0F_COG,outputs\diagnostics\design_c\c2v\scene_checkpoints\primary\S1A_IW_GRDH_1SDV_20230715T171518_20230715T171543_049437_05F1DD_DB0F_COG.csv.gz,True,,2023,2023-07-15,ascending,15,sentinel-1a,4331,False,1,True,4331,0,4331,0,0,1,4330,4331,0,0,64,4267
S1A_IW_GRDH_1SDV_20230719T053545_20230719T053610_049488_05F366_E26D_COG,outputs\diagnostics\design_c\c2v\scene_checkpoints\primary\S1A_IW_GRDH_1SDV_20230719T053545_20230719T053610_049488_05F366_E26D_COG.csv.gz,True,,2023,2023-07-19,descending,66,sentinel-1a,3329,False,1,True,3329,0,3329,0,0,0,3329,3329,0,0,24,3305
S1A_IW_GRDH_1SDV_20230719T053610_20230719T053635_049488_05F366_9F2C_COG,outputs\diagnostics\design_c\c2v\scene_checkpoints\primary\S1A_IW_GRDH_1SDV_20230719T053610_20230719T053635_049488_05F366_9F2C_COG.csv.gz,True,,2023,2023-07-19,descending,66,sentinel-1a,1002,False,1,True,1002,0,1002,0,0,0,1002,1002,0,0,11,991
S1A_IW_GRDH_1SDV_20230720T172325_20230720T172350_049510_05F40F_6113_COG,outputs\diagnostics\design_c\c2v\scene_checkpoints\primary\S1A_IW_GRDH_1SDV_20230720T172325_20230720T172350_049510_05F40F_6113_COG.csv.gz,True,,2023,2023-07-20,ascending,88,sentinel-1a,3881,False,1,True,3881,0,3881,0,0,224,3657,3881,0,0,243,3638
S1A_IW_GRDH_1SDV_20230720T172350_20230720T172415_049510_05F40F_3B3B_COG,outputs\diagnostics\design_c\c2v\scene_checkpoints\primary\S1A_IW_GRDH_1SDV_20230720T172350_20230720T172415_049510_05F40F_3B3B_COG.csv.gz,True,,2023,2023-07-20,ascending,88,sentinel-1a,0,True,0,True,0,0,0,0,0,0,0,0,0,0,0,0
S1A_IW_GRDH_1SDV_20230726T052733_20230726T052758_049590_05F68C_57CA_COG,outputs\diagnostics\design_c\c2v\scene_checkpoints\primary\S1A_IW_GRDH_1SDV_20230726T052733_20230726T052758_049590_05F68C_57CA_COG.csv.gz,True,,2023,2023-07-26,descending,168,sentinel-1a,634,False,1,True,634,0,634,0,0,154,480,634,0,0,156,478
S1A_IW_GRDH_1SDV_20230726T052758_20230726T052823_049590_05F68C_0A7F_COG,outputs\diagnostics\design_c\c2v\scene_checkpoints\primary\S1A_IW_GRDH_1SDV_20230726T052758_20230726T052823_049590_05F68C_0A7F_COG.csv.gz,True,,2023,2023-07-26,descending,168,sentinel-1a,2004,False,1,True,2004,0,2004,0,0,372,1632,2004,0,0,377,1627
S1A_IW_GRDH_1SDV_20230727T171519_20230727T171544_049612_05F73D_E53B_COG,outputs\diagnostics\design_c\c2v\scene_checkpoints\primary\S1A_IW_GRDH_1SDV_20230727T171519_20230727T171544_049612_05F73D_E53B_COG.csv.gz,True,,2023,2023-07-27,ascending,15,sentinel-1a,4331,False,1,True,4331,0,4331,0,0,0,4331,4331,0,0,52,4279
S1A_IW_GRDH_1SDV_20230731T053546_20230731T053611_049663_05F8D1_FEE8_COG,outputs\diagnostics\design_c\c2v\scene_checkpoints\primary\S1A_IW_GRDH_1SDV_20230731T053546_20230731T053611_049663_05F8D1_FEE8_COG.csv.gz,True,,2023,2023-07-31,descending,66,sentinel-1a,3330,False,1,True,3330,0,3330,0,0,0,3330,3330,0,0,21,3309
S1A_IW_GRDH_1SDV_20230731T053611_20230731T053636_049663_05F8D1_9C76_COG,outputs\diagnostics\design_c\c2v\scene_checkpoints\primary\S1A_IW_GRDH_1SDV_20230731T053611_20230731T053636_049663_05F8D1_9C76_COG.csv.gz,True,,2023,2023-07-31,descending,66,sentinel-1a,1001,False,1,True,1001,0,1001,0,0,0,1001,1001,0,0,8,993
S1A_IW_GRDH_1SDV_20230801T172325_20230801T172350_049685_05F97B_89F3_COG,outputs\diagnostics\design_c\c2v\scene_checkpoints\primary\S1A_IW_GRDH_1SDV_20230801T172325_20230801T172350_049685_05F97B_89F3_COG.csv.gz,True,,2023,2023-08-01,ascending,88,sentinel-1a,3882,False,1,True,3882,0,3882,0,0,226,3656,3882,0,0,241,3641
S1A_IW_GRDH_1SDV_20230801T172350_20230801T172415_049685_05F97B_22DC_COG,outputs\diagnostics\design_c\c2v\scene_checkpoints\primary\S1A_IW_GRDH_1SDV_20230801T172350_20230801T172415_049685_05F97B_22DC_COG.csv.gz,True,,2023,2023-08-01,ascending,88,sentinel-1a,0,True,0,True,0,0,0,0,0,0,0,0,0,0,0,0
S1A_IW_GRDH_1SDV_20230807T052734_20230807T052759_049765_05FBF2_C425_COG,outputs\diagnostics\design_c\c2v\scene_checkpoints\primary\S1A_IW_GRDH_1SDV_20230807T052734_20230807T052759_049765_05FBF2_C425_COG.csv.gz,True,,2023,2023-08-07,descending,168,sentinel-1a,631,False,1,True,631,0,631,0,0,155,476,631,0,0,158,473
S1A_IW_GRDH_1SDV_20230807T052759_20230807T052824_049765_05FBF2_0D1C_COG,outputs\diagnostics\design_c\c2v\scene_checkpoints\primary\S1A_IW_GRDH_1SDV_20230807T052759_20230807T052824_049765_05FBF2_0D1C_COG.csv.gz,True,,2023,2023-08-07,descending,168,sentinel-1a,2000,False,1,True,2000,0,2000,0,0,370,1630,2000,0,0,382,1618
S1A_IW_GRDH_1SDV_20230808T171519_20230808T171544_049787_05FCB4_96B7_COG,outputs\diagnostics\design_c\c2v\scene_checkpoints\primary\S1A_IW_GRDH_1SDV_20230808T171519_20230808T171544_049787_05FCB4_96B7_COG.csv.gz,True,,2023,2023-08-08,ascending,15,sentinel-1a,4331,False,1,True,4331,0,4331,0,0,0,4331,4331,0,0,42,4289
S1A_IW_GRDH_1SDV_20230812T053546_20230812T053611_049838_05FE67_3C38_COG,outputs\diagnostics\design_c\c2v\scene_checkpoints\primary\S1A_IW_GRDH_1SDV_20230812T053546_20230812T053611_049838_05FE67_3C38_COG.csv.gz,True,,2023,2023-08-12,descending,66,sentinel-1a,3322,False,1,True,3322,0,3322,0,0,0,3322,3322,0,0,26,3296
S1A_IW_GRDH_1SDV_20230812T053611_20230812T053636_049838_05FE67_82FF_COG,outputs\diagnostics\design_c\c2v\scene_checkpoints\primary\S1A_IW_GRDH_1SDV_20230812T053611_20230812T053636_049838_05FE67_82FF_COG.csv.gz,True,,2023,2023-08-12,descending,66,sentinel-1a,1009,False,1,True,1009,0,1009,0,0,1,1008,1009,0,0,10,999
S1A_IW_GRDH_1SDV_20230813T172326_20230813T172351_049860_05FF2F_7B34_COG,outputs\diagnostics\design_c\c2v\scene_checkpoints\primary\S1A_IW_GRDH_1SDV_20230813T172326_20230813T172351_049860_05FF2F_7B34_COG.csv.gz,True,,2023,2023-08-13,ascending,88,sentinel-1a,3880,False,1,True,3880,0,3880,0,0,223,3657,3880,0,0,234,3646
S1A_IW_GRDH_1SDV_20230813T172351_20230813T172416_049860_05FF2F_B7B5_COG,outputs\diagnostics\design_c\c2v\scene_checkpoints\primary\S1A_IW_GRDH_1SDV_20230813T172351_20230813T172416_049860_05FF2F_B7B5_COG.csv.gz,True,,2023,2023-08-13,ascending,88,sentinel-1a,0,True,0,True,0,0,0,0,0,0,0,0,0,0,0,0
S1A_IW_GRDH_1SDV_20230819T052735_20230819T052800_049940_0601E9_D7DC_COG,outputs\diagnostics\design_c\c2v\scene_checkpoints\primary\S1A_IW_GRDH_1SDV_20230819T052735_20230819T052800_049940_0601E9_D7DC_COG.csv.gz,True,,2023,2023-08-19,descending,168,sentinel-1a,634,False,1,True,634,0,634,0,0,153,481,634,0,0,154,480
S1A_IW_GRDH_1SDV_20230819T052800_20230819T052825_049940_0601E9_A746_COG,outputs\diagnostics\design_c\c2v\scene_checkpoints\primary\S1A_IW_GRDH_1SDV_20230819T052800_20230819T052825_049940_0601E9_A746_COG.csv.gz,True,,2023,2023-08-19,descending,168,sentinel-1a,2004,False,1,True,2004,0,2004,0,0,372,1632,2004,0,0,379,1625
S1A_IW_GRDH_1SDV_20230820T171520_20230820T171545_049962_0602B3_7073_COG,outputs\diagnostics\design_c\c2v\scene_checkpoints\primary\S1A_IW_GRDH_1SDV_20230820T171520_20230820T171545_049962_0602B3_7073_COG.csv.gz,True,,2023,2023-08-20,ascending,15,sentinel-1a,4331,False,1,True,4331,0,4331,0,0,3,4328,4331,0,0,51,4280
S1A_IW_GRDH_1SDV_20230824T053547_20230824T053612_050013_060459_7532_COG,outputs\diagnostics\design_c\c2v\scene_checkpoints\primary\S1A_IW_GRDH_1SDV_20230824T053547_20230824T053612_050013_060459_7532_COG.csv.gz,True,,2023,2023-08-24,descending,66,sentinel-1a,3327,False,1,True,3327,0,3327,0,0,0,3327,3327,0,0,20,3307
S1A_IW_GRDH_1SDV_20230824T053612_20230824T053637_050013_060459_2D0E_COG,outputs\diagnostics\design_c\c2v\scene_checkpoints\primary\S1A_IW_GRDH_1SDV_20230824T053612_20230824T053637_050013_060459_2D0E_COG.csv.gz,True,,2023,2023-08-24,descending,66,sentinel-1a,1002,False,1,True,1002,0,1002,0,0,0,1002,1002,0,0,6,996
S1A_IW_GRDH_1SDV_20230825T172327_20230825T172352_050035_060521_AF1F_COG,outputs\diagnostics\design_c\c2v\scene_checkpoints\primary\S1A_IW_GRDH_1SDV_20230825T172327_20230825T172352_050035_060521_AF1F_COG.csv.gz,True,,2023,2023-08-25,ascending,88,sentinel-1a,3874,False,1,True,3874,0,3874,0,0,223,3651,3874,0,0,235,3639
S1A_IW_GRDH_1SDV_20230825T172352_20230825T172417_050035_060521_48BF_COG,outputs\diagnostics\design_c\c2v\scene_checkpoints\primary\S1A_IW_GRDH_1SDV_20230825T172352_20230825T172417_050035_060521_48BF_COG.csv.gz,True,,2023,2023-08-25,ascending,88,sentinel-1a,0,True,0,True,0,0,0,0,0,0,0,0,0,0,0,0
S1A_IW_GRDH_1SDV_20230831T052735_20230831T052800_050115_0607E8_D572_COG,outputs\diagnostics\design_c\c2v\scene_checkpoints\primary\S1A_IW_GRDH_1SDV_20230831T052735_20230831T052800_050115_0607E8_D572_COG.csv.gz,True,,2023,2023-08-31,descending,168,sentinel-1a,634,False,1,True,634,0,634,0,0,154,480,634,0,0,155,479
S1A_IW_GRDH_1SDV_20230831T052800_20230831T052825_050115_0607E8_DF58_COG,outputs\diagnostics\design_c\c2v\scene_checkpoints\primary\S1A_IW_GRDH_1SDV_20230831T052800_20230831T052825_050115_0607E8_DF58_COG.csv.gz,True,,2023,2023-08-31,descending,168,sentinel-1a,2002,False,1,True,2002,0,2002,0,0,371,1631,2002,0,0,374,1628
S1A_IW_GRDH_1SDV_20230901T171521_20230901T171546_050137_0608B3_6EFD_COG,outputs\diagnostics\design_c\c2v\scene_checkpoints\primary\S1A_IW_GRDH_1SDV_20230901T171521_20230901T171546_050137_0608B3_6EFD_COG.csv.gz,True,,2023,2023-09-01,ascending,15,sentinel-1a,4331,False,1,True,4331,0,4331,0,0,0,4331,4331,0,0,35,4296
S1A_IW_GRDH_1SDV_20230905T053548_20230905T053613_050188_060A63_F19D_COG,outputs\diagnostics\design_c\c2v\scene_checkpoints\primary\S1A_IW_GRDH_1SDV_20230905T053548_20230905T053613_050188_060A63_F19D_COG.csv.gz,True,,2023,2023-09-05,descending,66,sentinel-1a,3329,False,1,True,3329,0,3329,0,0,0,3329,3329,0,0,25,3304
S1A_IW_GRDH_1SDV_20230905T053613_20230905T053638_050188_060A63_61F1_COG,outputs\diagnostics\design_c\c2v\scene_checkpoints\primary\S1A_IW_GRDH_1SDV_20230905T053613_20230905T053638_050188_060A63_61F1_COG.csv.gz,True,,2023,2023-09-05,descending,66,sentinel-1a,1002,False,1,True,1002,0,1002,0,0,0,1002,1002,0,0,6,996
S1A_IW_GRDH_1SDV_20230906T172328_20230906T172353_050210_060B1F_E3E2_COG,outputs\diagnostics\design_c\c2v\scene_checkpoints\primary\S1A_IW_GRDH_1SDV_20230906T172328_20230906T172353_050210_060B1F_E3E2_COG.csv.gz,True,,2023,2023-09-06,ascending,88,sentinel-1a,3875,False,1,True,3875,0,3875,0,0,225,3650,3875,0,0,236,3639
S1A_IW_GRDH_1SDV_20230906T172353_20230906T172418_050210_060B1F_5193_COG,outputs\diagnostics\design_c\c2v\scene_checkpoints\primary\S1A_IW_GRDH_1SDV_20230906T172353_20230906T172418_050210_060B1F_5193_COG.csv.gz,True,,2023,2023-09-06,ascending,88,sentinel-1a,0,True,0,True,0,0,0,0,0,0,0,0,0,0,0,0
S1A_IW_GRDH_1SDV_20230912T052736_20230912T052801_050290_060DE1_F323_COG,outputs\diagnostics\design_c\c2v\scene_checkpoints\primary\S1A_IW_GRDH_1SDV_20230912T052736_20230912T052801_050290_060DE1_F323_COG.csv.gz,True,,2023,2023-09-12,descending,168,sentinel-1a,631,False,1,True,631,0,631,0,0,154,477,631,0,0,155,476
S1A_IW_GRDH_1SDV_20230912T052801_20230912T052826_050290_060DE1_551D_COG,outputs\diagnostics\design_c\c2v\scene_checkpoints\primary\S1A_IW_GRDH_1SDV_20230912T052801_20230912T052826_050290_060DE1_551D_COG.csv.gz,True,,2023,2023-09-12,descending,168,sentinel-1a,2000,False,1,True,2000,0,2000,0,0,369,1631,2000,0,0,372,1628
S1A_IW_GRDH_1SDV_20230913T171521_20230913T171546_050312_060EAC_688F_COG,outputs\diagnostics\design_c\c2v\scene_checkpoints\primary\S1A_IW_GRDH_1SDV_20230913T171521_20230913T171546_050312_060EAC_688F_COG.csv.gz,True,,2023,2023-09-13,ascending,15,sentinel-1a,4331,False,1,True,4331,0,4331,0,0,0,4331,4331,0,0,10,4321
S1A_IW_GRDH_1SDV_20230917T053549_20230917T053614_050363_06104F_F244_COG,outputs\diagnostics\design_c\c2v\scene_checkpoints\primary\S1A_IW_GRDH_1SDV_20230917T053549_20230917T053614_050363_06104F_F244_COG.csv.gz,True,,2023,2023-09-17,descending,66,sentinel-1a,3329,False,1,True,3329,0,3329,0,0,0,3329,3329,0,0,5,3324
S1A_IW_GRDH_1SDV_20230917T053614_20230917T053639_050363_06104F_CB4B_COG,outputs\diagnostics\design_c\c2v\scene_checkpoints\primary\S1A_IW_GRDH_1SDV_20230917T053614_20230917T053639_050363_06104F_CB4B_COG.csv.gz,True,,2023,2023-09-17,descending,66,sentinel-1a,1002,False,1,True,1002,0,1002,0,0,0,1002,1002,0,0,2,1000
S1A_IW_GRDH_1SDV_20230918T172328_20230918T172353_050385_061114_A80E_COG,outputs\diagnostics\design_c\c2v\scene_checkpoints\primary\S1A_IW_GRDH_1SDV_20230918T172328_20230918T172353_050385_061114_A80E_COG.csv.gz,True,,2023,2023-09-18,ascending,88,sentinel-1a,3877,False,1,True,3877,0,3877,0,0,223,3654,3877,0,0,233,3644
S1A_IW_GRDH_1SDV_20230918T172353_20230918T172418_050385_061114_1937_COG,outputs\diagnostics\design_c\c2v\scene_checkpoints\primary\S1A_IW_GRDH_1SDV_20230918T172353_20230918T172418_050385_061114_1937_COG.csv.gz,True,,2023,2023-09-18,ascending,88,sentinel-1a,0,True,0,True,0,0,0,0,0,0,0,0,0,0,0,0
S1A_IW_GRDH_1SDV_20230924T052736_20230924T052801_050465_0613D4_E680_COG,outputs\diagnostics\design_c\c2v\scene_checkpoints\primary\S1A_IW_GRDH_1SDV_20230924T052736_20230924T052801_050465_0613D4_E680_COG.csv.gz,True,,2023,2023-09-24,descending,168,sentinel-1a,633,False,1,True,633,0,633,0,0,155,478,633,0,0,155,478
S1A_IW_GRDH_1SDV_20230924T052801_20230924T052826_050465_0613D4_7B21_COG,outputs\diagnostics\design_c\c2v\scene_checkpoints\primary\S1A_IW_GRDH_1SDV_20230924T052801_20230924T052826_050465_0613D4_7B21_COG.csv.gz,True,,2023,2023-09-24,descending,168,sentinel-1a,2003,False,1,True,2003,0,2003,0,0,370,1633,2003,0,0,371,1632
S1A_IW_GRDH_1SDV_20230925T171522_20230925T171547_050487_06149F_4F9E_COG,outputs\diagnostics\design_c\c2v\scene_checkpoints\primary\S1A_IW_GRDH_1SDV_20230925T171522_20230925T171547_050487_06149F_4F9E_COG.csv.gz,True,,2023,2023-09-25,ascending,15,sentinel-1a,4331,False,1,True,4331,0,4331,0,0,1,4330,4331,0,0,40,4291
S1A_IW_GRDH_1SDV_20230929T053549_20230929T053614_050538_06164A_0394_COG,outputs\diagnostics\design_c\c2v\scene_checkpoints\primary\S1A_IW_GRDH_1SDV_20230929T053549_20230929T053614_050538_06164A_0394_COG.csv.gz,True,,2023,2023-09-29,descending,66,sentinel-1a,3327,False,1,True,3327,0,3327,0,0,0,3327,3327,0,0,10,3317
S1A_IW_GRDH_1SDV_20230929T053614_20230929T053639_050538_06164A_88AF_COG,outputs\diagnostics\design_c\c2v\scene_checkpoints\primary\S1A_IW_GRDH_1SDV_20230929T053614_20230929T053639_050538_06164A_88AF_COG.csv.gz,True,,2023,2023-09-29,descending,66,sentinel-1a,1004,False,1,True,1004,0,1004,0,0,0,1004,1004,0,0,7,997
S1A_IW_GRDH_1SDV_20230930T172328_20230930T172353_050560_06170F_C647_COG,outputs\diagnostics\design_c\c2v\scene_checkpoints\primary\S1A_IW_GRDH_1SDV_20230930T172328_20230930T172353_050560_06170F_C647_COG.csv.gz,True,,2023,2023-09-30,ascending,88,sentinel-1a,3879,False,1,True,3879,0,3879,0,0,225,3654,3879,0,0,240,3639
S1A_IW_GRDH_1SDV_20230930T172353_20230930T172418_050560_06170F_0E57_COG,outputs\diagnostics\design_c\c2v\scene_checkpoints\primary\S1A_IW_GRDH_1SDV_20230930T172353_20230930T172418_050560_06170F_0E57_COG.csv.gz,True,,2023,2023-09-30,ascending,88,sentinel-1a,0,True,0,True,0,0,0,0,0,0,0,0,0,0,0,0
S1A_IW_GRDH_1SDV_20240403T052733_20240403T052758_053265_0674B9_1451_COG,outputs\diagnostics\design_c\c2v\scene_checkpoints\primary\S1A_IW_GRDH_1SDV_20240403T052733_20240403T052758_053265_0674B9_1451_COG.csv.gz,True,,2024,2024-04-03,descending,168,sentinel-1a,630,False,1,True,630,0,630,0,0,154,476,630,0,0,155,475
S1A_IW_GRDH_1SDV_20240403T052758_20240403T052823_053265_0674B9_7A9E_COG,outputs\diagnostics\design_c\c2v\scene_checkpoints\primary\S1A_IW_GRDH_1SDV_20240403T052758_20240403T052823_053265_0674B9_7A9E_COG.csv.gz,True,,2024,2024-04-03,descending,168,sentinel-1a,2001,False,1,True,2001,0,2001,0,0,369,1632,2001,0,0,383,1618
S1A_IW_GRDH_1SDV_20240404T171519_20240404T171544_053287_067596_3F31_COG,outputs\diagnostics\design_c\c2v\scene_checkpoints\primary\S1A_IW_GRDH_1SDV_20240404T171519_20240404T171544_053287_067596_3F31_COG.csv.gz,True,,2024,2024-04-04,ascending,15,sentinel-1a,4331,False,1,True,4331,0,4331,0,0,1,4330,4331,0,0,81,4250
S1A_IW_GRDH_1SDV_20240408T053546_20240408T053611_053338_0677A4_780B_COG,outputs\diagnostics\design_c\c2v\scene_checkpoints\primary\S1A_IW_GRDH_1SDV_20240408T053546_20240408T053611_053338_0677A4_780B_COG.csv.gz,True,,2024,2024-04-08,descending,66,sentinel-1a,3329,False,1,True,3329,0,3329,0,0,1,3328,3329,0,0,49,3280
S1A_IW_GRDH_1SDV_20240408T053611_20240408T053636_053338_0677A4_76BF_COG,outputs\diagnostics\design_c\c2v\scene_checkpoints\primary\S1A_IW_GRDH_1SDV_20240408T053611_20240408T053636_053338_0677A4_76BF_COG.csv.gz,True,,2024,2024-04-08,descending,66,sentinel-1a,1002,False,1,True,1002,0,1002,0,0,0,1002,1002,0,0,25,977
S1A_IW_GRDH_1SDV_20240409T172324_20240409T172349_053360_067883_5F89_COG,outputs\diagnostics\design_c\c2v\scene_checkpoints\primary\S1A_IW_GRDH_1SDV_20240409T172324_20240409T172349_053360_067883_5F89_COG.csv.gz,True,,2024,2024-04-09,ascending,88,sentinel-1a,3886,False,1,True,3886,0,3886,0,0,223,3663,3886,0,0,246,3640
S1A_IW_GRDH_1SDV_20240409T172349_20240409T172414_053360_067883_2F8C_COG,outputs\diagnostics\design_c\c2v\scene_checkpoints\primary\S1A_IW_GRDH_1SDV_20240409T172349_20240409T172414_053360_067883_2F8C_COG.csv.gz,True,,2024,2024-04-09,ascending,88,sentinel-1a,0,True,0,True,0,0,0,0,0,0,0,0,0,0,0,0
S1A_IW_GRDH_1SDV_20240415T052732_20240415T052757_053440_067BAC_7146_COG,outputs\diagnostics\design_c\c2v\scene_checkpoints\primary\S1A_IW_GRDH_1SDV_20240415T052732_20240415T052757_053440_067BAC_7146_COG.csv.gz,True,,2024,2024-04-15,descending,168,sentinel-1a,615,False,1,True,615,0,615,0,0,152,463,615,0,0,165,450
S1A_IW_GRDH_1SDV_20240415T052757_20240415T052822_053440_067BAC_D743_COG,outputs\diagnostics\design_c\c2v\scene_checkpoints\primary\S1A_IW_GRDH_1SDV_20240415T052757_20240415T052822_053440_067BAC_D743_COG.csv.gz,True,,2024,2024-04-15,descending,168,sentinel-1a,1995,False,1,True,1995,0,1995,0,0,367,1628,1995,0,0,402,1593
S1A_IW_GRDH_1SDV_20240416T171519_20240416T171544_053462_067C88_A2F7_COG,outputs\diagnostics\design_c\c2v\scene_checkpoints\primary\S1A_IW_GRDH_1SDV_20240416T171519_20240416T171544_053462_067C88_A2F7_COG.csv.gz,True,,2024,2024-04-16,ascending,15,sentinel-1a,4331,False,1,True,4331,0,4331,0,0,0,4331,4331,0,0,209,4122
S1A_IW_GRDH_1SDV_20240420T053546_20240420T053611_053513_067E8C_A50C_COG,outputs\diagnostics\design_c\c2v\scene_checkpoints\primary\S1A_IW_GRDH_1SDV_20240420T053546_20240420T053611_053513_067E8C_A50C_COG.csv.gz,True,,2024,2024-04-20,descending,66,sentinel-1a,3326,False,1,True,3326,0,3326,0,0,2,3324,3326,0,0,151,3175
S1A_IW_GRDH_1SDV_20240420T053611_20240420T053636_053513_067E8C_B170_COG,outputs\diagnostics\design_c\c2v\scene_checkpoints\primary\S1A_IW_GRDH_1SDV_20240420T053611_20240420T053636_053513_067E8C_B170_COG.csv.gz,True,,2024,2024-04-20,descending,66,sentinel-1a,1004,False,1,True,1004,0,1004,0,0,1,1003,1004,0,0,53,951
S1A_IW_GRDH_1SDV_20240421T172325_20240421T172350_053535_067F68_0B43_COG,outputs\diagnostics\design_c\c2v\scene_checkpoints\primary\S1A_IW_GRDH_1SDV_20240421T172325_20240421T172350_053535_067F68_0B43_COG.csv.gz,True,,2024,2024-04-21,ascending,88,sentinel-1a,3883,False,1,True,3883,0,3883,0,0,228,3655,3883,0,0,356,3527
S1A_IW_GRDH_1SDV_20240421T172350_20240421T172415_053535_067F68_87FE_COG,outputs\diagnostics\design_c\c2v\scene_checkpoints\primary\S1A_IW_GRDH_1SDV_20240421T172350_20240421T172415_053535_067F68_87FE_COG.csv.gz,True,,2024,2024-04-21,ascending,88,sentinel-1a,0,True,0,True,0,0,0,0,0,0,0,0,0,0,0,0
S1A_IW_GRDH_1SDV_20240427T052733_20240427T052758_053615_06828C_F2C2_COG,outputs\diagnostics\design_c\c2v\scene_checkpoints\primary\S1A_IW_GRDH_1SDV_20240427T052733_20240427T052758_053615_06828C_F2C2_COG.csv.gz,True,,2024,2024-04-27,descending,168,sentinel-1a,633,False,1,True,633,0,633,0,0,155,478,633,0,0,162,471
S1A_IW_GRDH_1SDV_20240427T052758_20240427T052823_053615_06828C_2081_COG,outputs\diagnostics\design_c\c2v\scene_checkpoints\primary\S1A_IW_GRDH_1SDV_20240427T052758_20240427T052823_053615_06828C_2081_COG.csv.gz,True,,2024,2024-04-27,descending,168,sentinel-1a,2007,False,1,True,2007,0,2007,0,0,372,1635,2007,0,0,384,1623
S1A_IW_GRDH_1SDV_20240428T171519_20240428T171544_053637_068367_B8B0_COG,outputs\diagnostics\design_c\c2v\scene_checkpoints\primary\S1A_IW_GRDH_1SDV_20240428T171519_20240428T171544_053637_068367_B8B0_COG.csv.gz,True,,2024,2024-04-28,ascending,15,sentinel-1a,4331,False,1,True,4331,0,4331,0,0,9,4322,4331,0,0,119,4212
S1A_IW_GRDH_1SDV_20240502T053546_20240502T053611_053688_06856B_A89D_COG,outputs\diagnostics\design_c\c2v\scene_checkpoints\primary\S1A_IW_GRDH_1SDV_20240502T053546_20240502T053611_053688_06856B_A89D_COG.csv.gz,True,,2024,2024-05-02,descending,66,sentinel-1a,3329,False,1,True,3329,0,3329,0,0,2,3327,3329,0,0,116,3213
S1A_IW_GRDH_1SDV_20240502T053611_20240502T053636_053688_06856B_4FA7_COG,outputs\diagnostics\design_c\c2v\scene_checkpoints\primary\S1A_IW_GRDH_1SDV_20240502T053611_20240502T053636_053688_06856B_4FA7_COG.csv.gz,True,,2024,2024-05-02,descending,66,sentinel-1a,1002,False,1,True,1002,0,1002,0,0,2,1000,1002,0,0,22,980
S1A_IW_GRDH_1SDV_20240503T172326_20240503T172351_053710_06864B_8823_COG,outputs\diagnostics\design_c\c2v\scene_checkpoints\primary\S1A_IW_GRDH_1SDV_20240503T172326_20240503T172351_053710_06864B_8823_COG.csv.gz,True,,2024,2024-05-03,ascending,88,sentinel-1a,3881,False,1,True,3881,0,3881,0,0,224,3657,3881,0,0,300,3581
S1A_IW_GRDH_1SDV_20240503T172351_20240503T172416_053710_06864B_8C1A_COG,outputs\diagnostics\design_c\c2v\scene_checkpoints\primary\S1A_IW_GRDH_1SDV_20240503T172351_20240503T172416_053710_06864B_8C1A_COG.csv.gz,True,,2024,2024-05-03,ascending,88,sentinel-1a,0,True,0,True,0,0,0,0,0,0,0,0,0,0,0,0
S1A_IW_GRDH_1SDV_20240509T052734_20240509T052759_053790_06895D_4345_COG,outputs\diagnostics\design_c\c2v\scene_checkpoints\primary\S1A_IW_GRDH_1SDV_20240509T052734_20240509T052759_053790_06895D_4345_COG.csv.gz,True,,2024,2024-05-09,descending,168,sentinel-1a,636,False,1,True,636,0,636,0,0,155,481,636,0,0,164,472
S1A_IW_GRDH_1SDV_20240509T052759_20240509T052824_053790_06895D_0204_COG,outputs\diagnostics\design_c\c2v\scene_checkpoints\primary\S1A_IW_GRDH_1SDV_20240509T052759_20240509T052824_053790_06895D_0204_COG.csv.gz,True,,2024,2024-05-09,descending,168,sentinel-1a,2009,False,1,True,2009,0,2009,0,0,370,1639,2009,0,0,393,1616
S1A_IW_GRDH_1SDV_20240510T171519_20240510T171544_053812_068A1A_2E16_COG,outputs\diagnostics\design_c\c2v\scene_checkpoints\primary\S1A_IW_GRDH_1SDV_20240510T171519_20240510T171544_053812_068A1A_2E16_COG.csv.gz,True,,2024,2024-05-10,ascending,15,sentinel-1a,4331,False,1,True,4331,0,4331,0,0,20,4311,4331,0,0,283,4048
S1A_IW_GRDH_1SDV_20240514T053546_20240514T053611_053863_068BDF_0E81_COG,outputs\diagnostics\design_c\c2v\scene_checkpoints\primary\S1A_IW_GRDH_1SDV_20240514T053546_20240514T053611_053863_068BDF_0E81_COG.csv.gz,True,,2024,2024-05-14,descending,66,sentinel-1a,3327,False,1,True,3327,0,3327,0,0,9,3318,3327,0,0,162,3165
S1A_IW_GRDH_1SDV_20240514T053611_20240514T053636_053863_068BDF_800A_COG,outputs\diagnostics\design_c\c2v\scene_checkpoints\primary\S1A_IW_GRDH_1SDV_20240514T053611_20240514T053636_053863_068BDF_800A_COG.csv.gz,True,,2024,2024-05-14,descending,66,sentinel-1a,1004,False,1,True,1004,0,1004,0,0,1,1003,1004,0,0,36,968
S1A_IW_GRDH_1SDV_20240515T172325_20240515T172350_053885_068C95_DD90_COG,outputs\diagnostics\design_c\c2v\scene_checkpoints\primary\S1A_IW_GRDH_1SDV_20240515T172325_20240515T172350_053885_068C95_DD90_COG.csv.gz,True,,2024,2024-05-15,ascending,88,sentinel-1a,3886,False,1,True,3886,0,3886,0,0,229,3657,3886,0,0,339,3547
S1A_IW_GRDH_1SDV_20240515T172350_20240515T172415_053885_068C95_C20D_COG,outputs\diagnostics\design_c\c2v\scene_checkpoints\primary\S1A_IW_GRDH_1SDV_20240515T172350_20240515T172415_053885_068C95_C20D_COG.csv.gz,True,,2024,2024-05-15,ascending,88,sentinel-1a,0,True,0,True,0,0,0,0,0,0,0,0,0,0,0,0
S1A_IW_GRDH_1SDV_20240521T052733_20240521T052758_053965_068F5D_9B3C_COG,outputs\diagnostics\design_c\c2v\scene_checkpoints\primary\S1A_IW_GRDH_1SDV_20240521T052733_20240521T052758_053965_068F5D_9B3C_COG.csv.gz,True,,2024,2024-05-21,descending,168,sentinel-1a,634,False,1,True,634,0,634,0,0,153,481,634,0,0,169,465
S1A_IW_GRDH_1SDV_20240521T052758_20240521T052823_053965_068F5D_49E0_COG,outputs\diagnostics\design_c\c2v\scene_checkpoints\primary\S1A_IW_GRDH_1SDV_20240521T052758_20240521T052823_053965_068F5D_49E0_COG.csv.gz,True,,2024,2024-05-21,descending,168,sentinel-1a,2008,False,1,True,2008,0,2008,0,0,371,1637,2008,0,0,409,1599
S1A_IW_GRDH_1SDV_20240522T171519_20240522T171544_053987_06901E_D96E_COG,outputs\diagnostics\design_c\c2v\scene_checkpoints\primary\S1A_IW_GRDH_1SDV_20240522T171519_20240522T171544_053987_06901E_D96E_COG.csv.gz,True,,2024,2024-05-22,ascending,15,sentinel-1a,4331,False,1,True,4331,0,4331,0,0,5,4326,4331,0,0,330,4001
S1A_IW_GRDH_1SDV_20240526T053546_20240526T053611_054038_0691E7_E856_COG,outputs\diagnostics\design_c\c2v\scene_checkpoints\primary\S1A_IW_GRDH_1SDV_20240526T053546_20240526T053611_054038_0691E7_E856_COG.csv.gz,True,,2024,2024-05-26,descending,66,sentinel-1a,3331,False,1,True,3331,0,3331,0,0,16,3315,3331,0,0,181,3150
S1A_IW_GRDH_1SDV_20240526T053611_20240526T053636_054038_0691E7_AA9D_COG,outputs\diagnostics\design_c\c2v\scene_checkpoints\primary\S1A_IW_GRDH_1SDV_20240526T053611_20240526T053636_054038_0691E7_AA9D_COG.csv.gz,True,,2024,2024-05-26,descending,66,sentinel-1a,1000,False,1,True,1000,0,1000,0,0,4,996,1000,0,0,50,950
S1A_IW_GRDH_1SDV_20240527T172325_20240527T172350_054060_0692AB_7937_COG,outputs\diagnostics\design_c\c2v\scene_checkpoints\primary\S1A_IW_GRDH_1SDV_20240527T172325_20240527T172350_054060_0692AB_7937_COG.csv.gz,True,,2024,2024-05-27,ascending,88,sentinel-1a,3885,False,1,True,3885,0,3885,0,0,225,3660,3885,0,0,337,3548
S1A_IW_GRDH_1SDV_20240527T172350_20240527T172415_054060_0692AB_B945_COG,outputs\diagnostics\design_c\c2v\scene_checkpoints\primary\S1A_IW_GRDH_1SDV_20240527T172350_20240527T172415_054060_0692AB_B945_COG.csv.gz,True,,2024,2024-05-27,ascending,88,sentinel-1a,0,True,0,True,0,0,0,0,0,0,0,0,0,0,0,0
S1A_IW_GRDH_1SDV_20240602T052733_20240602T052758_054140_06956E_111A_COG,outputs\diagnostics\design_c\c2v\scene_checkpoints\primary\S1A_IW_GRDH_1SDV_20240602T052733_20240602T052758_054140_06956E_111A_COG.csv.gz,True,,2024,2024-06-02,descending,168,sentinel-1a,635,False,1,True,635,0,635,0,0,152,483,635,0,0,170,465
S1A_IW_GRDH_1SDV_20240602T052758_20240602T052823_054140_06956E_2560_COG,outputs\diagnostics\design_c\c2v\scene_checkpoints\primary\S1A_IW_GRDH_1SDV_20240602T052758_20240602T052823_054140_06956E_2560_COG.csv.gz,True,,2024,2024-06-02,descending,168,sentinel-1a,2011,False,1,True,2011,0,2011,0,0,371,1640,2011,0,0,427,1584
S1A_IW_GRDH_1SDV_20240603T171519_20240603T171544_054162_06962D_73C4_COG,outputs\diagnostics\design_c\c2v\scene_checkpoints\primary\S1A_IW_GRDH_1SDV_20240603T171519_20240603T171544_054162_06962D_73C4_COG.csv.gz,True,,2024,2024-06-03,ascending,15,sentinel-1a,4331,False,1,True,4331,0,4331,0,0,10,4321,4331,0,0,339,3992
S1A_IW_GRDH_1SDV_20240607T053545_20240607T053610_054213_0697F4_42DC_COG,outputs\diagnostics\design_c\c2v\scene_checkpoints\primary\S1A_IW_GRDH_1SDV_20240607T053545_20240607T053610_054213_0697F4_42DC_COG.csv.gz,True,,2024,2024-06-07,descending,66,sentinel-1a,3330,False,1,True,3330,0,3330,0,0,4,3326,3330,0,0,204,3126
S1A_IW_GRDH_1SDV_20240607T053610_20240607T053635_054213_0697F4_5E0C_COG,outputs\diagnostics\design_c\c2v\scene_checkpoints\primary\S1A_IW_GRDH_1SDV_20240607T053610_20240607T053635_054213_0697F4_5E0C_COG.csv.gz,True,,2024,2024-06-07,descending,66,sentinel-1a,1000,False,1,True,1000,0,1000,0,0,1,999,1000,0,0,80,920
S1A_IW_GRDH_1SDV_20240608T172325_20240608T172350_054235_0698B9_F9A0_COG,outputs\diagnostics\design_c\c2v\scene_checkpoints\primary\S1A_IW_GRDH_1SDV_20240608T172325_20240608T172350_054235_0698B9_F9A0_COG.csv.gz,True,,2024,2024-06-08,ascending,88,sentinel-1a,3890,False,1,True,3890,0,3890,0,0,224,3666,3890,0,0,350,3540
S1A_IW_GRDH_1SDV_20240608T172350_20240608T172415_054235_0698B9_3C63_COG,outputs\diagnostics\design_c\c2v\scene_checkpoints\primary\S1A_IW_GRDH_1SDV_20240608T172350_20240608T172415_054235_0698B9_3C63_COG.csv.gz,True,,2024,2024-06-08,ascending,88,sentinel-1a,0,True,0,True,0,0,0,0,0,0,0,0,0,0,0,0
S1A_IW_GRDH_1SDV_20240614T052733_20240614T052758_054315_069B7A_0DB6_COG,outputs\diagnostics\design_c\c2v\scene_checkpoints\primary\S1A_IW_GRDH_1SDV_20240614T052733_20240614T052758_054315_069B7A_0DB6_COG.csv.gz,True,,2024,2024-06-14,descending,168,sentinel-1a,635,False,1,True,635,0,635,0,0,151,484,635,0,0,166,469
S1A_IW_GRDH_1SDV_20240614T052758_20240614T052823_054315_069B7A_9DEE_COG,outputs\diagnostics\design_c\c2v\scene_checkpoints\primary\S1A_IW_GRDH_1SDV_20240614T052758_20240614T052823_054315_069B7A_9DEE_COG.csv.gz,True,,2024,2024-06-14,descending,168,sentinel-1a,2010,False,1,True,2010,0,2010,0,0,370,1640,2010,0,0,427,1583
S1A_IW_GRDH_1SDV_20240615T171518_20240615T171543_054337_069C3A_850C_COG,outputs\diagnostics\design_c\c2v\scene_checkpoints\primary\S1A_IW_GRDH_1SDV_20240615T171518_20240615T171543_054337_069C3A_850C_COG.csv.gz,True,,2024,2024-06-15,ascending,15,sentinel-1a,4331,False,1,True,4331,0,4331,0,0,17,4314,4331,0,0,390,3941
S1A_IW_GRDH_1SDV_20240619T053545_20240619T053610_054388_069E03_2262_COG,outputs\diagnostics\design_c\c2v\scene_checkpoints\primary\S1A_IW_GRDH_1SDV_20240619T053545_20240619T053610_054388_069E03_2262_COG.csv.gz,True,,2024,2024-06-19,descending,66,sentinel-1a,3331,False,1,True,3331,0,3331,0,0,1,3330,3331,0,0,134,3197
S1A_IW_GRDH_1SDV_20240619T053610_20240619T053635_054388_069E03_C9D3_COG,outputs\diagnostics\design_c\c2v\scene_checkpoints\primary\S1A_IW_GRDH_1SDV_20240619T053610_20240619T053635_054388_069E03_C9D3_COG.csv.gz,True,,2024,2024-06-19,descending,66,sentinel-1a,1000,False,1,True,1000,0,1000,0,0,0,1000,1000,0,0,53,947
S1A_IW_GRDH_1SDV_20240620T172324_20240620T172349_054410_069EC7_A712_COG,outputs\diagnostics\design_c\c2v\scene_checkpoints\primary\S1A_IW_GRDH_1SDV_20240620T172324_20240620T172349_054410_069EC7_A712_COG.csv.gz,True,,2024,2024-06-20,ascending,88,sentinel-1a,3889,False,1,True,3889,0,3889,0,0,226,3663,3889,0,0,332,3557
S1A_IW_GRDH_1SDV_20240620T172349_20240620T172414_054410_069EC7_98F1_COG,outputs\diagnostics\design_c\c2v\scene_checkpoints\primary\S1A_IW_GRDH_1SDV_20240620T172349_20240620T172414_054410_069EC7_98F1_COG.csv.gz,True,,2024,2024-06-20,ascending,88,sentinel-1a,0,True,0,True,0,0,0,0,0,0,0,0,0,0,0,0
S1A_IW_GRDH_1SDV_20240626T052732_20240626T052757_054490_06A192_C956_COG,outputs\diagnostics\design_c\c2v\scene_checkpoints\primary\S1A_IW_GRDH_1SDV_20240626T052732_20240626T052757_054490_06A192_C956_COG.csv.gz,True,,2024,2024-06-26,descending,168,sentinel-1a,634,False,1,True,634,0,634,0,0,150,484,634,0,0,158,476
S1A_IW_GRDH_1SDV_20240626T052757_20240626T052822_054490_06A192_D06F_COG,outputs\diagnostics\design_c\c2v\scene_checkpoints\primary\S1A_IW_GRDH_1SDV_20240626T052757_20240626T052822_054490_06A192_D06F_COG.csv.gz,True,,2024,2024-06-26,descending,168,sentinel-1a,2001,False,1,True,2001,0,2001,0,0,362,1639,2001,0,0,391,1610
S1A_IW_GRDH_1SDV_20240627T171518_20240627T171543_054512_06A24B_E07B_COG,outputs\diagnostics\design_c\c2v\scene_checkpoints\primary\S1A_IW_GRDH_1SDV_20240627T171518_20240627T171543_054512_06A24B_E07B_COG.csv.gz,True,,2024,2024-06-27,ascending,15,sentinel-1a,4331,False,1,True,4331,0,4331,0,0,2,4329,4331,0,0,256,4075
S1A_IW_GRDH_1SDV_20240701T053544_20240701T053609_054563_06A41B_46DC_COG,outputs\diagnostics\design_c\c2v\scene_checkpoints\primary\S1A_IW_GRDH_1SDV_20240701T053544_20240701T053609_054563_06A41B_46DC_COG.csv.gz,True,,2024,2024-07-01,descending,66,sentinel-1a,3330,False,1,True,3330,0,3330,0,0,0,3330,3330,0,0,81,3249
S1A_IW_GRDH_1SDV_20240701T053609_20240701T053634_054563_06A41B_ADEC_COG,outputs\diagnostics\design_c\c2v\scene_checkpoints\primary\S1A_IW_GRDH_1SDV_20240701T053609_20240701T053634_054563_06A41B_ADEC_COG.csv.gz,True,,2024,2024-07-01,descending,66,sentinel-1a,1001,False,1,True,1001,0,1001,0,0,1,1000,1001,0,0,23,978
S1A_IW_GRDH_1SDV_20240702T172323_20240702T172348_054585_06A4DE_1578_COG,outputs\diagnostics\design_c\c2v\scene_checkpoints\primary\S1A_IW_GRDH_1SDV_20240702T172323_20240702T172348_054585_06A4DE_1578_COG.csv.gz,True,,2024,2024-07-02,ascending,88,sentinel-1a,3890,False,1,True,3890,0,3890,0,0,223,3667,3890,0,0,291,3599
S1A_IW_GRDH_1SDV_20240702T172348_20240702T172413_054585_06A4DE_08C8_COG,outputs\diagnostics\design_c\c2v\scene_checkpoints\primary\S1A_IW_GRDH_1SDV_20240702T172348_20240702T172413_054585_06A4DE_08C8_COG.csv.gz,True,,2024,2024-07-02,ascending,88,sentinel-1a,0,True,0,True,0,0,0,0,0,0,0,0,0,0,0,0
S1A_IW_GRDH_1SDV_20240708T052732_20240708T052757_054665_06A7A7_C3C5_COG,outputs\diagnostics\design_c\c2v\scene_checkpoints\primary\S1A_IW_GRDH_1SDV_20240708T052732_20240708T052757_054665_06A7A7_C3C5_COG.csv.gz,True,,2024,2024-07-08,descending,168,sentinel-1a,637,False,1,True,637,0,637,0,0,151,486,637,0,0,151,486
S1A_IW_GRDH_1SDV_20240708T052757_20240708T052822_054665_06A7A7_50CB_COG,outputs\diagnostics\design_c\c2v\scene_checkpoints\primary\S1A_IW_GRDH_1SDV_20240708T052757_20240708T052822_054665_06A7A7_50CB_COG.csv.gz,True,,2024,2024-07-08,descending,168,sentinel-1a,2004,False,1,True,2004,0,2004,0,0,363,1641,2004,0,0,379,1625
S1A_IW_GRDH_1SDV_20240709T171517_20240709T171542_054687_06A864_73E0_COG,outputs\diagnostics\design_c\c2v\scene_checkpoints\primary\S1A_IW_GRDH_1SDV_20240709T171517_20240709T171542_054687_06A864_73E0_COG.csv.gz,True,,2024,2024-07-09,ascending,15,sentinel-1a,4331,False,1,True,4331,0,4331,0,0,0,4331,4331,0,0,133,4198
S1A_IW_GRDH_1SDV_20240713T053544_20240713T053609_054738_06AA2C_9D54_COG,outputs\diagnostics\design_c\c2v\scene_checkpoints\primary\S1A_IW_GRDH_1SDV_20240713T053544_20240713T053609_054738_06AA2C_9D54_COG.csv.gz,True,,2024,2024-07-13,descending,66,sentinel-1a,3330,False,1,True,3330,0,3330,0,0,0,3330,3330,0,0,22,3308
S1A_IW_GRDH_1SDV_20240713T053609_20240713T053634_054738_06AA2C_DC30_COG,outputs\diagnostics\design_c\c2v\scene_checkpoints\primary\S1A_IW_GRDH_1SDV_20240713T053609_20240713T053634_054738_06AA2C_DC30_COG.csv.gz,True,,2024,2024-07-13,descending,66,sentinel-1a,1001,False,1,True,1001,0,1001,0,0,0,1001,1001,0,0,7,994
S1A_IW_GRDH_1SDV_20240714T172323_20240714T172348_054760_06AAEB_6165_COG,outputs\diagnostics\design_c\c2v\scene_checkpoints\primary\S1A_IW_GRDH_1SDV_20240714T172323_20240714T172348_054760_06AAEB_6165_COG.csv.gz,True,,2024,2024-07-14,ascending,88,sentinel-1a,3885,False,1,True,3885,0,3885,0,0,224,3661,3885,0,0,251,3634
S1A_IW_GRDH_1SDV_20240714T172348_20240714T172413_054760_06AAEB_4FFD_COG,outputs\diagnostics\design_c\c2v\scene_checkpoints\primary\S1A_IW_GRDH_1SDV_20240714T172348_20240714T172413_054760_06AAEB_4FFD_COG.csv.gz,True,,2024,2024-07-14,ascending,88,sentinel-1a,0,True,0,True,0,0,0,0,0,0,0,0,0,0,0,0
S1A_IW_GRDH_1SDV_20240720T052731_20240720T052756_054840_06ADB3_B4CD_COG,outputs\diagnostics\design_c\c2v\scene_checkpoints\primary\S1A_IW_GRDH_1SDV_20240720T052731_20240720T052756_054840_06ADB3_B4CD_COG.csv.gz,True,,2024,2024-07-20,descending,168,sentinel-1a,635,False,1,True,635,0,635,0,0,151,484,635,0,0,152,483
S1A_IW_GRDH_1SDV_20240720T052756_20240720T052821_054840_06ADB3_FBA2_COG,outputs\diagnostics\design_c\c2v\scene_checkpoints\primary\S1A_IW_GRDH_1SDV_20240720T052756_20240720T052821_054840_06ADB3_FBA2_COG.csv.gz,True,,2024,2024-07-20,descending,168,sentinel-1a,2001,False,1,True,2001,0,2001,0,0,363,1638,2001,0,0,368,1633
S1A_IW_GRDH_1SDV_20240721T171517_20240721T171542_054862_06AE72_9406_COG,outputs\diagnostics\design_c\c2v\scene_checkpoints\primary\S1A_IW_GRDH_1SDV_20240721T171517_20240721T171542_054862_06AE72_9406_COG.csv.gz,True,,2024,2024-07-21,ascending,15,sentinel-1a,4331,False,1,True,4331,0,4331,0,0,0,4331,4331,0,0,44,4287
S1A_IW_GRDH_1SDV_20240725T053543_20240725T053608_054913_06B046_D4FA_COG,outputs\diagnostics\design_c\c2v\scene_checkpoints\primary\S1A_IW_GRDH_1SDV_20240725T053543_20240725T053608_054913_06B046_D4FA_COG.csv.gz,True,,2024,2024-07-25,descending,66,sentinel-1a,3331,False,1,True,3331,0,3331,0,0,0,3331,3331,0,0,26,3305
S1A_IW_GRDH_1SDV_20240725T053608_20240725T053633_054913_06B046_4D37_COG,outputs\diagnostics\design_c\c2v\scene_checkpoints\primary\S1A_IW_GRDH_1SDV_20240725T053608_20240725T053633_054913_06B046_4D37_COG.csv.gz,True,,2024,2024-07-25,descending,66,sentinel-1a,1000,False,1,True,1000,0,1000,0,0,1,999,1000,0,0,6,994
S1A_IW_GRDH_1SDV_20240726T172323_20240726T172348_054935_06B102_66F4_COG,outputs\diagnostics\design_c\c2v\scene_checkpoints\primary\S1A_IW_GRDH_1SDV_20240726T172323_20240726T172348_054935_06B102_66F4_COG.csv.gz,True,,2024,2024-07-26,ascending,88,sentinel-1a,3887,False,1,True,3887,0,3887,0,0,221,3666,3887,0,0,231,3656
S1A_IW_GRDH_1SDV_20240726T172348_20240726T172413_054935_06B102_0FFA_COG,outputs\diagnostics\design_c\c2v\scene_checkpoints\primary\S1A_IW_GRDH_1SDV_20240726T172348_20240726T172413_054935_06B102_0FFA_COG.csv.gz,True,,2024,2024-07-26,ascending,88,sentinel-1a,0,True,0,True,0,0,0,0,0,0,0,0,0,0,0,0
S1A_IW_GRDH_1SDV_20240801T052731_20240801T052756_055015_06B3CE_13D1_COG,outputs\diagnostics\design_c\c2v\scene_checkpoints\primary\S1A_IW_GRDH_1SDV_20240801T052731_20240801T052756_055015_06B3CE_13D1_COG.csv.gz,True,,2024,2024-08-01,descending,168,sentinel-1a,632,False,1,True,632,0,632,0,0,148,484,632,0,0,150,482
S1A_IW_GRDH_1SDV_20240801T052756_20240801T052821_055015_06B3CE_4C55_COG,outputs\diagnostics\design_c\c2v\scene_checkpoints\primary\S1A_IW_GRDH_1SDV_20240801T052756_20240801T052821_055015_06B3CE_4C55_COG.csv.gz,True,,2024,2024-08-01,descending,168,sentinel-1a,1997,False,1,True,1997,0,1997,0,0,358,1639,1997,0,0,368,1629
S1A_IW_GRDH_1SDV_20240802T171517_20240802T171542_055037_06B48C_76CA_COG,outputs\diagnostics\design_c\c2v\scene_checkpoints\primary\S1A_IW_GRDH_1SDV_20240802T171517_20240802T171542_055037_06B48C_76CA_COG.csv.gz,True,,2024,2024-08-02,ascending,15,sentinel-1a,4331,False,1,True,4331,0,4331,0,0,1,4330,4331,0,0,31,4300
S1A_IW_GRDH_1SDV_20240806T053544_20240806T053609_055088_06B64D_E50A_COG,outputs\diagnostics\design_c\c2v\scene_checkpoints\primary\S1A_IW_GRDH_1SDV_20240806T053544_20240806T053609_055088_06B64D_E50A_COG.csv.gz,True,,2024,2024-08-06,descending,66,sentinel-1a,3331,False,1,True,3331,0,3331,0,0,1,3330,3331,0,0,18,3313
S1A_IW_GRDH_1SDV_20240806T053609_20240806T053634_055088_06B64D_A0E4_COG,outputs\diagnostics\design_c\c2v\scene_checkpoints\primary\S1A_IW_GRDH_1SDV_20240806T053609_20240806T053634_055088_06B64D_A0E4_COG.csv.gz,True,,2024,2024-08-06,descending,66,sentinel-1a,1000,False,1,True,1000,0,1000,0,0,0,1000,1000,0,0,9,991
S1A_IW_GRDH_1SDV_20240807T172323_20240807T172348_055110_06B719_29AB_COG,outputs\diagnostics\design_c\c2v\scene_checkpoints\primary\S1A_IW_GRDH_1SDV_20240807T172323_20240807T172348_055110_06B719_29AB_COG.csv.gz,True,,2024,2024-08-07,ascending,88,sentinel-1a,3885,False,1,True,3885,0,3885,0,0,224,3661,3885,0,0,233,3652
S1A_IW_GRDH_1SDV_20240807T172348_20240807T172413_055110_06B719_64DB_COG,outputs\diagnostics\design_c\c2v\scene_checkpoints\primary\S1A_IW_GRDH_1SDV_20240807T172348_20240807T172413_055110_06B719_64DB_COG.csv.gz,True,,2024,2024-08-07,ascending,88,sentinel-1a,0,True,0,True,0,0,0,0,0,0,0,0,0,0,0,0
S1A_IW_GRDH_1SDV_20240813T052731_20240813T052756_055190_06BA07_12F1_COG,outputs\diagnostics\design_c\c2v\scene_checkpoints\primary\S1A_IW_GRDH_1SDV_20240813T052731_20240813T052756_055190_06BA07_12F1_COG.csv.gz,True,,2024,2024-08-13,descending,168,sentinel-1a,630,False,1,True,630,0,630,0,0,148,482,630,0,0,149,481
S1A_IW_GRDH_1SDV_20240813T052756_20240813T052821_055190_06BA07_85C0_COG,outputs\diagnostics\design_c\c2v\scene_checkpoints\primary\S1A_IW_GRDH_1SDV_20240813T052756_20240813T052821_055190_06BA07_85C0_COG.csv.gz,True,,2024,2024-08-13,descending,168,sentinel-1a,1992,False,1,True,1992,0,1992,0,0,361,1631,1992,0,0,363,1629
S1A_IW_GRDH_1SDV_20240814T171516_20240814T171541_055212_06BAD3_8701_COG,outputs\diagnostics\design_c\c2v\scene_checkpoints\primary\S1A_IW_GRDH_1SDV_20240814T171516_20240814T171541_055212_06BAD3_8701_COG.csv.gz,True,,2024,2024-08-14,ascending,15,sentinel-1a,4331,False,1,True,4331,0,4331,0,0,1,4330,4331,0,0,43,4288
S1A_IW_GRDH_1SDV_20240818T053544_20240818T053609_055263_06BCAB_82E4_COG,outputs\diagnostics\design_c\c2v\scene_checkpoints\primary\S1A_IW_GRDH_1SDV_20240818T053544_20240818T053609_055263_06BCAB_82E4_COG.csv.gz,True,,2024,2024-08-18,descending,66,sentinel-1a,3331,False,1,True,3331,0,3331,0,0,0,3331,3331,0,0,12,3319
S1A_IW_GRDH_1SDV_20240818T053609_20240818T053634_055263_06BCAB_197F_COG,outputs\diagnostics\design_c\c2v\scene_checkpoints\primary\S1A_IW_GRDH_1SDV_20240818T053609_20240818T053634_055263_06BCAB_197F_COG.csv.gz,True,,2024,2024-08-18,descending,66,sentinel-1a,1000,False,1,True,1000,0,1000,0,0,0,1000,1000,0,0,2,998
S1A_IW_GRDH_1SDV_20240819T172323_20240819T172348_055285_06BD78_51DC_COG,outputs\diagnostics\design_c\c2v\scene_checkpoints\primary\S1A_IW_GRDH_1SDV_20240819T172323_20240819T172348_055285_06BD78_51DC_COG.csv.gz,True,,2024,2024-08-19,ascending,88,sentinel-1a,3880,False,1,True,3880,0,3880,0,0,223,3657,3880,0,0,228,3652
S1A_IW_GRDH_1SDV_20240819T172348_20240819T172413_055285_06BD78_BDD3_COG,outputs\diagnostics\design_c\c2v\scene_checkpoints\primary\S1A_IW_GRDH_1SDV_20240819T172348_20240819T172413_055285_06BD78_BDD3_COG.csv.gz,True,,2024,2024-08-19,ascending,88,sentinel-1a,0,True,0,True,0,0,0,0,0,0,0,0,0,0,0,0
S1A_IW_GRDH_1SDV_20240825T052731_20240825T052756_055365_06C085_A750_COG,outputs\diagnostics\design_c\c2v\scene_checkpoints\primary\S1A_IW_GRDH_1SDV_20240825T052731_20240825T052756_055365_06C085_A750_COG.csv.gz,True,,2024,2024-08-25,descending,168,sentinel-1a,625,False,1,True,625,0,625,0,0,144,481,625,0,0,144,481
S1A_IW_GRDH_1SDV_20240825T052756_20240825T052821_055365_06C085_5670_COG,outputs\diagnostics\design_c\c2v\scene_checkpoints\primary\S1A_IW_GRDH_1SDV_20240825T052756_20240825T052821_055365_06C085_5670_COG.csv.gz,True,,2024,2024-08-25,descending,168,sentinel-1a,1990,False,1,True,1990,0,1990,0,0,357,1633,1990,0,0,365,1625
S1A_IW_GRDH_1SDV_20240826T171517_20240826T171542_055387_06C154_0DEF_COG,outputs\diagnostics\design_c\c2v\scene_checkpoints\primary\S1A_IW_GRDH_1SDV_20240826T171517_20240826T171542_055387_06C154_0DEF_COG.csv.gz,True,,2024,2024-08-26,ascending,15,sentinel-1a,4331,False,1,True,4331,0,4331,0,0,0,4331,4331,0,0,41,4290
S1A_IW_GRDH_1SDV_20240830T053544_20240830T053609_055438_06C324_A0C9_COG,outputs\diagnostics\design_c\c2v\scene_checkpoints\primary\S1A_IW_GRDH_1SDV_20240830T053544_20240830T053609_055438_06C324_A0C9_COG.csv.gz,True,,2024,2024-08-30,descending,66,sentinel-1a,3331,False,1,True,3331,0,3331,0,0,1,3330,3331,0,0,12,3319
S1A_IW_GRDH_1SDV_20240830T053609_20240830T053634_055438_06C324_F125_COG,outputs\diagnostics\design_c\c2v\scene_checkpoints\primary\S1A_IW_GRDH_1SDV_20240830T053609_20240830T053634_055438_06C324_F125_COG.csv.gz,True,,2024,2024-08-30,descending,66,sentinel-1a,1000,False,1,True,1000,0,1000,0,0,0,1000,1000,0,0,9,991
S1A_IW_GRDH_1SDV_20240831T172323_20240831T172348_055460_06C3E8_706A_COG,outputs\diagnostics\design_c\c2v\scene_checkpoints\primary\S1A_IW_GRDH_1SDV_20240831T172323_20240831T172348_055460_06C3E8_706A_COG.csv.gz,True,,2024,2024-08-31,ascending,88,sentinel-1a,3880,False,1,True,3880,0,3880,0,0,223,3657,3880,0,0,229,3651
S1A_IW_GRDH_1SDV_20240831T172348_20240831T172413_055460_06C3E8_24D6_COG,outputs\diagnostics\design_c\c2v\scene_checkpoints\primary\S1A_IW_GRDH_1SDV_20240831T172348_20240831T172413_055460_06C3E8_24D6_COG.csv.gz,True,,2024,2024-08-31,ascending,88,sentinel-1a,0,True,0,True,0,0,0,0,0,0,0,0,0,0,0,0
S1A_IW_GRDH_1SDV_20240906T052731_20240906T052756_055540_06C715_D823_COG,outputs\diagnostics\design_c\c2v\scene_checkpoints\primary\S1A_IW_GRDH_1SDV_20240906T052731_20240906T052756_055540_06C715_D823_COG.csv.gz,True,,2024,2024-09-06,descending,168,sentinel-1a,634,False,1,True,634,0,634,0,0,155,479,634,0,0,156,478
S1A_IW_GRDH_1SDV_20240906T052756_20240906T052821_055540_06C715_CC8E_COG,outputs\diagnostics\design_c\c2v\scene_checkpoints\primary\S1A_IW_GRDH_1SDV_20240906T052756_20240906T052821_055540_06C715_CC8E_COG.csv.gz,True,,2024,2024-09-06,descending,168,sentinel-1a,2002,False,1,True,2002,0,2002,0,0,370,1632,2002,0,0,371,1631
S1A_IW_GRDH_1SDV_20240907T171517_20240907T171542_055562_06C7F5_C516_COG,outputs\diagnostics\design_c\c2v\scene_checkpoints\primary\S1A_IW_GRDH_1SDV_20240907T171517_20240907T171542_055562_06C7F5_C516_COG.csv.gz,True,,2024,2024-09-07,ascending,15,sentinel-1a,4331,False,1,True,4331,0,4331,0,0,3,4328,4331,0,0,28,4303
S1A_IW_GRDH_1SDV_20240911T053544_20240911T053609_055613_06C9F9_31C2_COG,outputs\diagnostics\design_c\c2v\scene_checkpoints\primary\S1A_IW_GRDH_1SDV_20240911T053544_20240911T053609_055613_06C9F9_31C2_COG.csv.gz,True,,2024,2024-09-11,descending,66,sentinel-1a,3324,False,1,True,3324,0,3324,0,0,0,3324,3324,0,0,4,3320
S1A_IW_GRDH_1SDV_20240911T053609_20240911T053634_055613_06C9F9_52CA_COG,outputs\diagnostics\design_c\c2v\scene_checkpoints\primary\S1A_IW_GRDH_1SDV_20240911T053609_20240911T053634_055613_06C9F9_52CA_COG.csv.gz,True,,2024,2024-09-11,descending,66,sentinel-1a,1006,False,1,True,1006,0,1006,0,0,0,1006,1006,0,0,2,1004
S1A_IW_GRDH_1SDV_20240912T172349_20240912T172414_055635_06CAD5_7E54_COG,outputs\diagnostics\design_c\c2v\scene_checkpoints\primary\S1A_IW_GRDH_1SDV_20240912T172349_20240912T172414_055635_06CAD5_7E54_COG.csv.gz,True,,2024,2024-09-12,ascending,88,sentinel-1a,0,True,0,True,0,0,0,0,0,0,0,0,0,0,0,0
S1A_IW_GRDH_1SDV_20240918T052732_20240918T052757_055715_06CE01_7706_COG,outputs\diagnostics\design_c\c2v\scene_checkpoints\primary\S1A_IW_GRDH_1SDV_20240918T052732_20240918T052757_055715_06CE01_7706_COG.csv.gz,True,,2024,2024-09-18,descending,168,sentinel-1a,634,False,1,True,634,0,634,0,0,154,480,634,0,0,157,477
S1A_IW_GRDH_1SDV_20240918T052757_20240918T052822_055715_06CE01_B005_COG,outputs\diagnostics\design_c\c2v\scene_checkpoints\primary\S1A_IW_GRDH_1SDV_20240918T052757_20240918T052822_055715_06CE01_B005_COG.csv.gz,True,,2024,2024-09-18,descending,168,sentinel-1a,2003,False,1,True,2003,0,2003,0,0,371,1632,2003,0,0,375,1628
S1A_IW_GRDH_1SDV_20240919T171518_20240919T171543_055737_06CEDD_544B_COG,outputs\diagnostics\design_c\c2v\scene_checkpoints\primary\S1A_IW_GRDH_1SDV_20240919T171518_20240919T171543_055737_06CEDD_544B_COG.csv.gz,True,,2024,2024-09-19,ascending,15,sentinel-1a,4331,False,1,True,4331,0,4331,0,0,1,4330,4331,0,0,29,4302
S1A_IW_GRDH_1SDV_20240923T053545_20240923T053610_055788_06D0E4_13C7_COG,outputs\diagnostics\design_c\c2v\scene_checkpoints\primary\S1A_IW_GRDH_1SDV_20240923T053545_20240923T053610_055788_06D0E4_13C7_COG.csv.gz,True,,2024,2024-09-23,descending,66,sentinel-1a,3329,False,1,True,3329,0,3329,0,0,0,3329,3329,0,0,16,3313
S1A_IW_GRDH_1SDV_20240923T053610_20240923T053635_055788_06D0E4_B0CF_COG,outputs\diagnostics\design_c\c2v\scene_checkpoints\primary\S1A_IW_GRDH_1SDV_20240923T053610_20240923T053635_055788_06D0E4_B0CF_COG.csv.gz,True,,2024,2024-09-23,descending,66,sentinel-1a,1002,False,1,True,1002,0,1002,0,0,0,1002,1002,0,0,7,995
S1A_IW_GRDH_1SDV_20240924T172324_20240924T172349_055810_06D1C0_19FC_COG,outputs\diagnostics\design_c\c2v\scene_checkpoints\primary\S1A_IW_GRDH_1SDV_20240924T172324_20240924T172349_055810_06D1C0_19FC_COG.csv.gz,True,,2024,2024-09-24,ascending,88,sentinel-1a,3875,False,1,True,3875,0,3875,0,0,223,3652,3875,0,0,230,3645
S1A_IW_GRDH_1SDV_20240924T172349_20240924T172414_055810_06D1C0_33A5_COG,outputs\diagnostics\design_c\c2v\scene_checkpoints\primary\S1A_IW_GRDH_1SDV_20240924T172349_20240924T172414_055810_06D1C0_33A5_COG.csv.gz,True,,2024,2024-09-24,ascending,88,sentinel-1a,0,True,0,True,0,0,0,0,0,0,0,0,0,0,0,0
S1A_IW_GRDH_1SDV_20240930T052732_20240930T052757_055890_06D4F1_9CC4_COG,outputs\diagnostics\design_c\c2v\scene_checkpoints\primary\S1A_IW_GRDH_1SDV_20240930T052732_20240930T052757_055890_06D4F1_9CC4_COG.csv.gz,True,,2024,2024-09-30,descending,168,sentinel-1a,628,False,1,True,628,0,628,0,0,154,474,628,0,0,155,473
S1A_IW_GRDH_1SDV_20240930T052757_20240930T052822_055890_06D4F1_0EA8_COG,outputs\diagnostics\design_c\c2v\scene_checkpoints\primary\S1A_IW_GRDH_1SDV_20240930T052757_20240930T052822_055890_06D4F1_0EA8_COG.csv.gz,True,,2024,2024-09-30,descending,168,sentinel-1a,1997,False,1,True,1997,0,1997,0,0,368,1629,1997,0,0,374,1623
S1A_IW_GRDH_1SDV_20250403T053539_20250403T053604_058588_074066_7614_COG,outputs\diagnostics\design_c\c2v\scene_checkpoints\primary\S1A_IW_GRDH_1SDV_20250403T053539_20250403T053604_058588_074066_7614_COG.csv.gz,True,,2025,2025-04-03,descending,66,sentinel-1a,3328,False,1,True,3328,0,3328,0,0,0,3328,3328,0,0,68,3260
S1A_IW_GRDH_1SDV_20250403T053604_20250403T053629_058588_074066_4EB1_COG,outputs\diagnostics\design_c\c2v\scene_checkpoints\primary\S1A_IW_GRDH_1SDV_20250403T053604_20250403T053629_058588_074066_4EB1_COG.csv.gz,True,,2025,2025-04-03,descending,66,sentinel-1a,1002,False,1,True,1002,0,1002,0,0,0,1002,1002,0,0,19,983
S1A_IW_GRDH_1SDV_20250404T172318_20250404T172343_058610_07414D_A112_COG,outputs\diagnostics\design_c\c2v\scene_checkpoints\primary\S1A_IW_GRDH_1SDV_20250404T172318_20250404T172343_058610_07414D_A112_COG.csv.gz,True,,2025,2025-04-04,ascending,88,sentinel-1a,3876,False,1,True,3876,0,3876,0,0,225,3651,3876,0,0,283,3593
S1A_IW_GRDH_1SDV_20250404T172343_20250404T172408_058610_07414D_7367_COG,outputs\diagnostics\design_c\c2v\scene_checkpoints\primary\S1A_IW_GRDH_1SDV_20250404T172343_20250404T172408_058610_07414D_7367_COG.csv.gz,True,,2025,2025-04-04,ascending,88,sentinel-1a,0,True,0,True,0,0,0,0,0,0,0,0,0,0,0,0
S1C_IW_GRDH_1SDV_20250404T052617_20250404T052646_001739_00308B_9DDE_COG,outputs\diagnostics\design_c\c2v\scene_checkpoints\primary\S1C_IW_GRDH_1SDV_20250404T052617_20250404T052646_001739_00308B_9DDE_COG.csv.gz,True,,2025,2025-04-04,descending,168,sentinel-1c,2171,False,1,True,2171,0,2171,0,0,88,2083,2171,0,0,101,2070
S1C_IW_GRDH_1SDV_20250410T172157_20250410T172222_001834_0036A5_FC15_COG,outputs\diagnostics\design_c\c2v\scene_checkpoints\primary\S1C_IW_GRDH_1SDV_20250410T172157_20250410T172222_001834_0036A5_FC15_COG.csv.gz,True,,2025,2025-04-10,ascending,88,sentinel-1c,3074,False,1,True,3074,0,3074,0,0,54,3020,3074,0,0,89,2985
S1C_IW_GRDH_1SDV_20250410T172222_20250410T172235_001834_0036A5_419D_COG,outputs\diagnostics\design_c\c2v\scene_checkpoints\primary\S1C_IW_GRDH_1SDV_20250410T172222_20250410T172235_001834_0036A5_419D_COG.csv.gz,True,,2025,2025-04-10,ascending,88,sentinel-1c,645,False,1,True,645,0,645,0,0,0,645,645,0,0,0,645
S1A_IW_GRDH_1SDV_20250410T052726_20250410T052751_058690_074497_7F71_COG,outputs\diagnostics\design_c\c2v\scene_checkpoints\primary\S1A_IW_GRDH_1SDV_20250410T052726_20250410T052751_058690_074497_7F71_COG.csv.gz,True,,2025,2025-04-10,descending,168,sentinel-1a,633,False,1,True,633,0,633,0,0,152,481,633,0,0,162,471
S1A_IW_GRDH_1SDV_20250410T052751_20250410T052816_058690_074497_0AB7_COG,outputs\diagnostics\design_c\c2v\scene_checkpoints\primary\S1A_IW_GRDH_1SDV_20250410T052751_20250410T052816_058690_074497_0AB7_COG.csv.gz,True,,2025,2025-04-10,descending,168,sentinel-1a,2007,False,1,True,2007,0,2007,0,0,372,1635,2007,0,0,429,1578
S1A_IW_GRDH_1SDV_20250411T171511_20250411T171536_058712_07457B_9301_COG,outputs\diagnostics\design_c\c2v\scene_checkpoints\primary\S1A_IW_GRDH_1SDV_20250411T171511_20250411T171536_058712_07457B_9301_COG.csv.gz,True,,2025,2025-04-11,ascending,15,sentinel-1a,4331,False,1,True,4331,0,4331,0,0,0,4331,4331,0,0,260,4071
S1A_IW_GRDH_1SDV_20250415T053538_20250415T053603_058763_074791_A6AC_COG,outputs\diagnostics\design_c\c2v\scene_checkpoints\primary\S1A_IW_GRDH_1SDV_20250415T053538_20250415T053603_058763_074791_A6AC_COG.csv.gz,True,,2025,2025-04-15,descending,66,sentinel-1a,3329,False,1,True,3329,0,3329,0,0,2,3327,3329,0,0,29,3300
S1A_IW_GRDH_1SDV_20250415T053603_20250415T053628_058763_074791_65F2_COG,outputs\diagnostics\design_c\c2v\scene_checkpoints\primary\S1A_IW_GRDH_1SDV_20250415T053603_20250415T053628_058763_074791_65F2_COG.csv.gz,True,,2025,2025-04-15,descending,66,sentinel-1a,1002,False,1,True,1002,0,1002,0,0,0,1002,1002,0,0,10,992
S1A_IW_GRDH_1SDV_20250416T172318_20250416T172343_058785_074873_39DB_COG,outputs\diagnostics\design_c\c2v\scene_checkpoints\primary\S1A_IW_GRDH_1SDV_20250416T172318_20250416T172343_058785_074873_39DB_COG.csv.gz,True,,2025,2025-04-16,ascending,88,sentinel-1a,3883,False,1,True,3883,0,3883,0,0,224,3659,3883,0,0,254,3629
S1A_IW_GRDH_1SDV_20250416T172343_20250416T172408_058785_074873_465C_COG,outputs\diagnostics\design_c\c2v\scene_checkpoints\primary\S1A_IW_GRDH_1SDV_20250416T172343_20250416T172408_058785_074873_465C_COG.csv.gz,True,,2025,2025-04-16,ascending,88,sentinel-1a,0,True,0,True,0,0,0,0,0,0,0,0,0,0,0,0
S1C_IW_GRDH_1SDV_20250416T052617_20250416T052646_001914_003B88_4B7C_COG,outputs\diagnostics\design_c\c2v\scene_checkpoints\primary\S1C_IW_GRDH_1SDV_20250416T052617_20250416T052646_001914_003B88_4B7C_COG.csv.gz,True,,2025,2025-04-16,descending,168,sentinel-1c,2169,False,1,True,2169,0,2169,0,0,88,2081,2169,0,0,94,2075
S1C_IW_GRDH_1SDV_20250421T053447_20250421T053516_001987_003FE6_9043_COG,outputs\diagnostics\design_c\c2v\scene_checkpoints\primary\S1C_IW_GRDH_1SDV_20250421T053447_20250421T053516_001987_003FE6_9043_COG.csv.gz,True,,2025,2025-04-21,descending,66,sentinel-1c,2482,False,1,True,2482,0,2482,0,390,10,2082,2482,0,390,37,2055
S1C_IW_GRDH_1SDV_20250422T172143_20250422T172213_002009_00413B_1C86_COG,outputs\diagnostics\design_c\c2v\scene_checkpoints\primary\S1C_IW_GRDH_1SDV_20250422T172143_20250422T172213_002009_00413B_1C86_COG.csv.gz,True,,2025,2025-04-22,ascending,88,sentinel-1c,0,True,0,True,0,0,0,0,0,0,0,0,0,0,0,0
S1A_IW_GRDH_1SDV_20250422T052726_20250422T052751_058865_074BC1_6CEE_COG,outputs\diagnostics\design_c\c2v\scene_checkpoints\primary\S1A_IW_GRDH_1SDV_20250422T052726_20250422T052751_058865_074BC1_6CEE_COG.csv.gz,True,,2025,2025-04-22,descending,168,sentinel-1a,633,False,1,True,633,0,633,0,0,155,478,633,0,0,161,472
S1A_IW_GRDH_1SDV_20250422T052751_20250422T052816_058865_074BC1_8213_COG,outputs\diagnostics\design_c\c2v\scene_checkpoints\primary\S1A_IW_GRDH_1SDV_20250422T052751_20250422T052816_058865_074BC1_8213_COG.csv.gz,True,,2025,2025-04-22,descending,168,sentinel-1a,2005,False,1,True,2005,0,2005,0,0,373,1632,2005,0,0,403,1602
S1A_IW_GRDH_1SDV_20250423T171511_20250423T171536_058887_074CA5_01F8_COG,outputs\diagnostics\design_c\c2v\scene_checkpoints\primary\S1A_IW_GRDH_1SDV_20250423T171511_20250423T171536_058887_074CA5_01F8_COG.csv.gz,True,,2025,2025-04-23,ascending,15,sentinel-1a,4331,False,1,True,4331,0,4331,0,0,1,4330,4331,0,0,164,4167
S1A_IW_GRDH_1SDV_20250427T053539_20250427T053604_058938_074EBB_88BA_COG,outputs\diagnostics\design_c\c2v\scene_checkpoints\primary\S1A_IW_GRDH_1SDV_20250427T053539_20250427T053604_058938_074EBB_88BA_COG.csv.gz,True,,2025,2025-04-27,descending,66,sentinel-1a,3331,False,1,True,3331,0,3331,0,0,2,3329,3331,0,0,98,3233
S1A_IW_GRDH_1SDV_20250427T053604_20250427T053629_058938_074EBB_5B07_COG,outputs\diagnostics\design_c\c2v\scene_checkpoints\primary\S1A_IW_GRDH_1SDV_20250427T053604_20250427T053629_058938_074EBB_5B07_COG.csv.gz,True,,2025,2025-04-27,descending,66,sentinel-1a,1000,False,1,True,1000,0,1000,0,0,1,999,1000,0,0,31,969
S1A_IW_GRDH_1SDV_20250428T172318_20250428T172343_058960_074FA0_3A4D_COG,outputs\diagnostics\design_c\c2v\scene_checkpoints\primary\S1A_IW_GRDH_1SDV_20250428T172318_20250428T172343_058960_074FA0_3A4D_COG.csv.gz,True,,2025,2025-04-28,ascending,88,sentinel-1a,3880,False,1,True,3880,0,3880,0,0,227,3653,3880,0,0,344,3536
S1A_IW_GRDH_1SDV_20250428T172343_20250428T172408_058960_074FA0_DE79_COG,outputs\diagnostics\design_c\c2v\scene_checkpoints\primary\S1A_IW_GRDH_1SDV_20250428T172343_20250428T172408_058960_074FA0_DE79_COG.csv.gz,True,,2025,2025-04-28,ascending,88,sentinel-1a,0,True,0,True,0,0,0,0,0,0,0,0,0,0,0,0
S1C_IW_GRDH_1SDV_20250428T052623_20250428T052652_002089_0045F6_945D_COG,outputs\diagnostics\design_c\c2v\scene_checkpoints\primary\S1C_IW_GRDH_1SDV_20250428T052623_20250428T052652_002089_0045F6_945D_COG.csv.gz,True,,2025,2025-04-28,descending,168,sentinel-1c,2156,False,1,True,2156,0,2156,0,0,71,2085,2156,0,0,117,2039
S1C_IW_GRDH_1SDV_20250503T053435_20250503T053500_002162_004973_1D2D_COG,outputs\diagnostics\design_c\c2v\scene_checkpoints\primary\S1C_IW_GRDH_1SDV_20250503T053435_20250503T053500_002162_004973_1D2D_COG.csv.gz,True,,2025,2025-05-03,descending,66,sentinel-1c,4331,False,1,True,4331,0,4331,0,0,8,4323,4331,0,0,200,4131
S1C_IW_GRDH_1SDV_20250504T172154_20250504T172219_002184_004A3B_0101_COG,outputs\diagnostics\design_c\c2v\scene_checkpoints\primary\S1C_IW_GRDH_1SDV_20250504T172154_20250504T172219_002184_004A3B_0101_COG.csv.gz,True,,2025,2025-05-04,ascending,88,sentinel-1c,731,False,1,True,731,0,731,0,0,17,714,731,0,0,39,692
S1C_IW_GRDH_1SDV_20250504T172219_20250504T172244_002184_004A3B_D436_COG,outputs\diagnostics\design_c\c2v\scene_checkpoints\primary\S1C_IW_GRDH_1SDV_20250504T172219_20250504T172244_002184_004A3B_D436_COG.csv.gz,True,,2025,2025-05-04,ascending,88,sentinel-1c,3020,False,1,True,3020,0,3020,0,0,89,2931,3020,0,0,162,2858
S1A_IW_GRDH_1SDV_20250504T052726_20250504T052751_059040_0752C4_FCA5_COG,outputs\diagnostics\design_c\c2v\scene_checkpoints\primary\S1A_IW_GRDH_1SDV_20250504T052726_20250504T052751_059040_0752C4_FCA5_COG.csv.gz,True,,2025,2025-05-04,descending,168,sentinel-1a,634,False,1,True,634,0,634,0,0,155,479,634,0,0,168,466
S1A_IW_GRDH_1SDV_20250504T052751_20250504T052816_059040_0752C4_0202_COG,outputs\diagnostics\design_c\c2v\scene_checkpoints\primary\S1A_IW_GRDH_1SDV_20250504T052751_20250504T052816_059040_0752C4_0202_COG.csv.gz,True,,2025,2025-05-04,descending,168,sentinel-1a,2006,False,1,True,2006,0,2006,0,0,370,1636,2006,0,0,466,1540
S1A_IW_GRDH_1SDV_20250505T171512_20250505T171537_059062_07539E_EDD2_COG,outputs\diagnostics\design_c\c2v\scene_checkpoints\primary\S1A_IW_GRDH_1SDV_20250505T171512_20250505T171537_059062_07539E_EDD2_COG.csv.gz,True,,2025,2025-05-05,ascending,15,sentinel-1a,4331,False,1,True,4331,0,4331,0,0,4,4327,4331,0,0,198,4133
S1A_IW_GRDH_1SDV_20250509T053538_20250509T053603_059113_07558F_0943_COG,outputs\diagnostics\design_c\c2v\scene_checkpoints\primary\S1A_IW_GRDH_1SDV_20250509T053538_20250509T053603_059113_07558F_0943_COG.csv.gz,True,,2025,2025-05-09,descending,66,sentinel-1a,3330,False,1,True,3330,0,3330,0,0,8,3322,3330,0,0,140,3190
S1A_IW_GRDH_1SDV_20250509T053603_20250509T053628_059113_07558F_0CCE_COG,outputs\diagnostics\design_c\c2v\scene_checkpoints\primary\S1A_IW_GRDH_1SDV_20250509T053603_20250509T053628_059113_07558F_0CCE_COG.csv.gz,True,,2025,2025-05-09,descending,66,sentinel-1a,1001,False,1,True,1001,0,1001,0,0,1,1000,1001,0,0,45,956
S1A_IW_GRDH_1SDV_20250510T172318_20250510T172343_059135_07564A_4DE6_COG,outputs\diagnostics\design_c\c2v\scene_checkpoints\primary\S1A_IW_GRDH_1SDV_20250510T172318_20250510T172343_059135_07564A_4DE6_COG.csv.gz,True,,2025,2025-05-10,ascending,88,sentinel-1a,3885,False,1,True,3885,0,3885,0,0,225,3660,3885,0,0,409,3476
S1A_IW_GRDH_1SDV_20250510T172343_20250510T172408_059135_07564A_B200_COG,outputs\diagnostics\design_c\c2v\scene_checkpoints\primary\S1A_IW_GRDH_1SDV_20250510T172343_20250510T172408_059135_07564A_B200_COG.csv.gz,True,,2025,2025-05-10,ascending,88,sentinel-1a,0,True,0,True,0,0,0,0,0,0,0,0,0,0,0,0
S1C_IW_GRDH_1SDV_20250510T052623_20250510T052648_002264_004CDC_8028_COG,outputs\diagnostics\design_c\c2v\scene_checkpoints\primary\S1C_IW_GRDH_1SDV_20250510T052623_20250510T052648_002264_004CDC_8028_COG.csv.gz,True,,2025,2025-05-10,descending,168,sentinel-1c,2608,False,1,True,2608,0,2608,0,0,532,2076,2608,0,0,563,2045
S1C_IW_GRDH_1SDV_20250511T171356_20250511T171421_002286_004D71_2AE9_COG,outputs\diagnostics\design_c\c2v\scene_checkpoints\primary\S1C_IW_GRDH_1SDV_20250511T171356_20250511T171421_002286_004D71_2AE9_COG.csv.gz,True,,2025,2025-05-11,ascending,15,sentinel-1c,4331,False,1,True,4331,0,4331,0,0,7,4324,4331,0,0,193,4138
S1C_IW_GRDH_1SDV_20250515T053436_20250515T053501_002337_004EE6_613B_COG,outputs\diagnostics\design_c\c2v\scene_checkpoints\primary\S1C_IW_GRDH_1SDV_20250515T053436_20250515T053501_002337_004EE6_613B_COG.csv.gz,True,,2025,2025-05-15,descending,66,sentinel-1c,4331,False,1,True,4331,0,4331,0,0,3,4328,4331,0,0,167,4164
S1C_IW_GRDH_1SDV_20250516T172154_20250516T172219_002359_004F85_6001_COG,outputs\diagnostics\design_c\c2v\scene_checkpoints\primary\S1C_IW_GRDH_1SDV_20250516T172154_20250516T172219_002359_004F85_6001_COG.csv.gz,True,,2025,2025-05-16,ascending,88,sentinel-1c,786,False,1,True,786,0,786,0,0,71,715,786,0,0,95,691
S1C_IW_GRDH_1SDV_20250516T172219_20250516T172244_002359_004F85_E80F_COG,outputs\diagnostics\design_c\c2v\scene_checkpoints\primary\S1C_IW_GRDH_1SDV_20250516T172219_20250516T172244_002359_004F85_E80F_COG.csv.gz,True,,2025,2025-05-16,ascending,88,sentinel-1c,3149,False,1,True,3149,0,3149,0,0,217,2932,3149,0,0,315,2834
S1A_IW_GRDH_1SDV_20250516T052725_20250516T052750_059215_075912_F0FF_COG,outputs\diagnostics\design_c\c2v\scene_checkpoints\primary\S1A_IW_GRDH_1SDV_20250516T052725_20250516T052750_059215_075912_F0FF_COG.csv.gz,True,,2025,2025-05-16,descending,168,sentinel-1a,635,False,1,True,635,0,635,0,0,153,482,635,0,0,170,465
S1A_IW_GRDH_1SDV_20250516T052750_20250516T052815_059215_075912_A408_COG,outputs\diagnostics\design_c\c2v\scene_checkpoints\primary\S1A_IW_GRDH_1SDV_20250516T052750_20250516T052815_059215_075912_A408_COG.csv.gz,True,,2025,2025-05-16,descending,168,sentinel-1a,2010,False,1,True,2010,0,2010,0,0,372,1638,2010,0,0,426,1584
S1A_IW_GRDH_1SDV_20250517T171511_20250517T171536_059237_0759CE_DB5C_COG,outputs\diagnostics\design_c\c2v\scene_checkpoints\primary\S1A_IW_GRDH_1SDV_20250517T171511_20250517T171536_059237_0759CE_DB5C_COG.csv.gz,True,,2025,2025-05-17,ascending,15,sentinel-1a,4331,False,1,True,4331,0,4331,0,0,6,4325,4331,0,0,429,3902
S1A_IW_GRDH_1SDV_20250521T053538_20250521T053603_059288_075B98_8170_COG,outputs\diagnostics\design_c\c2v\scene_checkpoints\primary\S1A_IW_GRDH_1SDV_20250521T053538_20250521T053603_059288_075B98_8170_COG.csv.gz,True,,2025,2025-05-21,descending,66,sentinel-1a,3329,False,1,True,3329,0,3329,0,0,6,3323,3329,0,0,161,3168
S1A_IW_GRDH_1SDV_20250521T053603_20250521T053628_059288_075B98_55AD_COG,outputs\diagnostics\design_c\c2v\scene_checkpoints\primary\S1A_IW_GRDH_1SDV_20250521T053603_20250521T053628_059288_075B98_55AD_COG.csv.gz,True,,2025,2025-05-21,descending,66,sentinel-1a,1002,False,1,True,1002,0,1002,0,0,2,1000,1002,0,0,43,959
S1A_IW_GRDH_1SDV_20250522T172317_20250522T172342_059310_075C59_C233_COG,outputs\diagnostics\design_c\c2v\scene_checkpoints\primary\S1A_IW_GRDH_1SDV_20250522T172317_20250522T172342_059310_075C59_C233_COG.csv.gz,True,,2025,2025-05-22,ascending,88,sentinel-1a,3886,False,1,True,3886,0,3886,0,0,227,3659,3886,0,0,355,3531
S1A_IW_GRDH_1SDV_20250522T172342_20250522T172407_059310_075C59_DA94_COG,outputs\diagnostics\design_c\c2v\scene_checkpoints\primary\S1A_IW_GRDH_1SDV_20250522T172342_20250522T172407_059310_075C59_DA94_COG.csv.gz,True,,2025,2025-05-22,ascending,88,sentinel-1a,0,True,0,True,0,0,0,0,0,0,0,0,0,0,0,0
S1C_IW_GRDH_1SDV_20250522T052624_20250522T052649_002439_0051B0_72AD_COG,outputs\diagnostics\design_c\c2v\scene_checkpoints\primary\S1C_IW_GRDH_1SDV_20250522T052624_20250522T052649_002439_0051B0_72AD_COG.csv.gz,True,,2025,2025-05-22,descending,168,sentinel-1c,2609,False,1,True,2609,0,2609,0,0,525,2084,2609,0,0,559,2050
S1C_IW_GRDH_1SDV_20250523T171358_20250523T171423_002461_00524A_5434_COG,outputs\diagnostics\design_c\c2v\scene_checkpoints\primary\S1C_IW_GRDH_1SDV_20250523T171358_20250523T171423_002461_00524A_5434_COG.csv.gz,True,,2025,2025-05-23,ascending,15,sentinel-1c,4331,False,1,True,4331,0,4331,0,0,7,4324,4331,0,0,187,4144
S1C_IW_GRDH_1SDV_20250527T053438_20250527T053503_002512_0053BB_4186_COG,outputs\diagnostics\design_c\c2v\scene_checkpoints\primary\S1C_IW_GRDH_1SDV_20250527T053438_20250527T053503_002512_0053BB_4186_COG.csv.gz,True,,2025,2025-05-27,descending,66,sentinel-1c,4331,False,1,True,4331,0,4331,0,0,1,4330,4331,0,0,82,4249
S1C_IW_GRDH_1SDV_20250528T172156_20250528T172221_002534_00545C_F8A4_COG,outputs\diagnostics\design_c\c2v\scene_checkpoints\primary\S1C_IW_GRDH_1SDV_20250528T172156_20250528T172221_002534_00545C_F8A4_COG.csv.gz,True,,2025,2025-05-28,ascending,88,sentinel-1c,788,False,1,True,788,0,788,0,0,69,719,788,0,0,85,703
S1C_IW_GRDH_1SDV_20250528T172221_20250528T172246_002534_00545C_6CFE_COG,outputs\diagnostics\design_c\c2v\scene_checkpoints\primary\S1C_IW_GRDH_1SDV_20250528T172221_20250528T172246_002534_00545C_6CFE_COG.csv.gz,True,,2025,2025-05-28,ascending,88,sentinel-1c,3135,False,1,True,3135,0,3135,0,0,210,2925,3135,0,0,278,2857
S1A_IW_GRDH_1SDV_20250528T052725_20250528T052750_059390_075F2B_40D7_COG,outputs\diagnostics\design_c\c2v\scene_checkpoints\primary\S1A_IW_GRDH_1SDV_20250528T052725_20250528T052750_059390_075F2B_40D7_COG.csv.gz,True,,2025,2025-05-28,descending,168,sentinel-1a,636,False,1,True,636,0,636,0,0,153,483,636,0,0,163,473
S1A_IW_GRDH_1SDV_20250528T052750_20250528T052815_059390_075F2B_22A2_COG,outputs\diagnostics\design_c\c2v\scene_checkpoints\primary\S1A_IW_GRDH_1SDV_20250528T052750_20250528T052815_059390_075F2B_22A2_COG.csv.gz,True,,2025,2025-05-28,descending,168,sentinel-1a,2010,False,1,True,2010,0,2010,0,0,370,1640,2010,0,0,414,1596
S1A_IW_GRDH_1SDV_20250529T171511_20250529T171536_059412_075FE5_2C8D_COG,outputs\diagnostics\design_c\c2v\scene_checkpoints\primary\S1A_IW_GRDH_1SDV_20250529T171511_20250529T171536_059412_075FE5_2C8D_COG.csv.gz,True,,2025,2025-05-29,ascending,15,sentinel-1a,4331,False,1,True,4331,0,4331,0,0,13,4318,4331,0,0,445,3886
S1A_IW_GRDH_1SDV_20250602T053538_20250602T053603_059463_0761AE_48FF_COG,outputs\diagnostics\design_c\c2v\scene_checkpoints\primary\S1A_IW_GRDH_1SDV_20250602T053538_20250602T053603_059463_0761AE_48FF_COG.csv.gz,True,,2025,2025-06-02,descending,66,sentinel-1a,3330,False,1,True,3330,0,3330,0,0,1,3329,3330,0,0,240,3090
S1A_IW_GRDH_1SDV_20250602T053603_20250602T053628_059463_0761AE_B424_COG,outputs\diagnostics\design_c\c2v\scene_checkpoints\primary\S1A_IW_GRDH_1SDV_20250602T053603_20250602T053628_059463_0761AE_B424_COG.csv.gz,True,,2025,2025-06-02,descending,66,sentinel-1a,1001,False,1,True,1001,0,1001,0,0,2,999,1001,0,0,78,923
S1A_IW_GRDH_1SDV_20250603T172317_20250603T172342_059485_07626B_CD3A_COG,outputs\diagnostics\design_c\c2v\scene_checkpoints\primary\S1A_IW_GRDH_1SDV_20250603T172317_20250603T172342_059485_07626B_CD3A_COG.csv.gz,True,,2025,2025-06-03,ascending,88,sentinel-1a,3887,False,1,True,3887,0,3887,0,0,225,3662,3887,0,0,401,3486
S1A_IW_GRDH_1SDV_20250603T172342_20250603T172407_059485_07626B_4991_COG,outputs\diagnostics\design_c\c2v\scene_checkpoints\primary\S1A_IW_GRDH_1SDV_20250603T172342_20250603T172407_059485_07626B_4991_COG.csv.gz,True,,2025,2025-06-03,ascending,88,sentinel-1a,0,True,0,True,0,0,0,0,0,0,0,0,0,0,0,0
S1C_IW_GRDH_1SDV_20250603T052626_20250603T052651_002614_0056AB_AC39_COG,outputs\diagnostics\design_c\c2v\scene_checkpoints\primary\S1C_IW_GRDH_1SDV_20250603T052626_20250603T052651_002614_0056AB_AC39_COG.csv.gz,True,,2025,2025-06-03,descending,168,sentinel-1c,2628,False,1,True,2628,0,2628,0,0,530,2098,2628,0,0,584,2044
S1C_IW_GRDH_1SDV_20250604T171359_20250604T171424_002636_005748_C275_COG,outputs\diagnostics\design_c\c2v\scene_checkpoints\primary\S1C_IW_GRDH_1SDV_20250604T171359_20250604T171424_002636_005748_C275_COG.csv.gz,True,,2025,2025-06-04,ascending,15,sentinel-1c,4331,False,1,True,4331,0,4331,0,0,5,4326,4331,0,0,199,4132
S1C_IW_GRDH_1SDV_20250608T053439_20250608T053504_002687_0058C3_7E17_COG,outputs\diagnostics\design_c\c2v\scene_checkpoints\primary\S1C_IW_GRDH_1SDV_20250608T053439_20250608T053504_002687_0058C3_7E17_COG.csv.gz,True,,2025,2025-06-08,descending,66,sentinel-1c,4331,False,1,True,4331,0,4331,0,0,4,4327,4331,0,0,153,4178
S1C_IW_GRDH_1SDV_20250609T172157_20250609T172222_002709_005969_923A_COG,outputs\diagnostics\design_c\c2v\scene_checkpoints\primary\S1C_IW_GRDH_1SDV_20250609T172157_20250609T172222_002709_005969_923A_COG.csv.gz,True,,2025,2025-06-09,ascending,88,sentinel-1c,788,False,1,True,788,0,788,0,0,69,719,788,0,0,85,703
S1C_IW_GRDH_1SDV_20250609T172222_20250609T172247_002709_005969_A038_COG,outputs\diagnostics\design_c\c2v\scene_checkpoints\primary\S1C_IW_GRDH_1SDV_20250609T172222_20250609T172247_002709_005969_A038_COG.csv.gz,True,,2025,2025-06-09,ascending,88,sentinel-1c,3135,False,1,True,3135,0,3135,0,0,208,2927,3135,0,0,253,2882
S1A_IW_GRDH_1SDV_20250609T052724_20250609T052749_059565_076523_9688_COG,outputs\diagnostics\design_c\c2v\scene_checkpoints\primary\S1A_IW_GRDH_1SDV_20250609T052724_20250609T052749_059565_076523_9688_COG.csv.gz,True,,2025,2025-06-09,descending,168,sentinel-1a,637,False,1,True,637,0,637,0,0,151,486,637,0,0,163,474
S1A_IW_GRDH_1SDV_20250609T052749_20250609T052814_059565_076523_E7C3_COG,outputs\diagnostics\design_c\c2v\scene_checkpoints\primary\S1A_IW_GRDH_1SDV_20250609T052749_20250609T052814_059565_076523_E7C3_COG.csv.gz,True,,2025,2025-06-09,descending,168,sentinel-1a,2008,False,1,True,2008,0,2008,0,0,366,1642,2008,0,0,433,1575
S1A_IW_GRDH_1SDV_20250610T171510_20250610T171535_059587_0765DA_FBB3_COG,outputs\diagnostics\design_c\c2v\scene_checkpoints\primary\S1A_IW_GRDH_1SDV_20250610T171510_20250610T171535_059587_0765DA_FBB3_COG.csv.gz,True,,2025,2025-06-10,ascending,15,sentinel-1a,4331,False,1,True,4331,0,4331,0,0,10,4321,4331,0,0,362,3969
S1A_IW_GRDH_1SDV_20250614T053537_20250614T053602_059638_0767A3_DB37_COG,outputs\diagnostics\design_c\c2v\scene_checkpoints\primary\S1A_IW_GRDH_1SDV_20250614T053537_20250614T053602_059638_0767A3_DB37_COG.csv.gz,True,,2025,2025-06-14,descending,66,sentinel-1a,3331,False,1,True,3331,0,3331,0,0,2,3329,3331,0,0,174,3157
S1A_IW_GRDH_1SDV_20250614T053602_20250614T053627_059638_0767A3_ED4D_COG,outputs\diagnostics\design_c\c2v\scene_checkpoints\primary\S1A_IW_GRDH_1SDV_20250614T053602_20250614T053627_059638_0767A3_ED4D_COG.csv.gz,True,,2025,2025-06-14,descending,66,sentinel-1a,1000,False,1,True,1000,0,1000,0,0,2,998,1000,0,0,57,943
S1A_IW_GRDH_1SDV_20250615T172316_20250615T172341_059660_07685E_E2A2_COG,outputs\diagnostics\design_c\c2v\scene_checkpoints\primary\S1A_IW_GRDH_1SDV_20250615T172316_20250615T172341_059660_07685E_E2A2_COG.csv.gz,True,,2025,2025-06-15,ascending,88,sentinel-1a,3888,False,1,True,3888,0,3888,0,0,221,3667,3888,0,0,309,3579
S1A_IW_GRDH_1SDV_20250615T172341_20250615T172406_059660_07685E_3E21_COG,outputs\diagnostics\design_c\c2v\scene_checkpoints\primary\S1A_IW_GRDH_1SDV_20250615T172341_20250615T172406_059660_07685E_3E21_COG.csv.gz,True,,2025,2025-06-15,ascending,88,sentinel-1a,0,True,0,True,0,0,0,0,0,0,0,0,0,0,0,0
S1C_IW_GRDH_1SDV_20250615T052626_20250615T052651_002789_005BB9_367F_COG,outputs\diagnostics\design_c\c2v\scene_checkpoints\primary\S1C_IW_GRDH_1SDV_20250615T052626_20250615T052651_002789_005BB9_367F_COG.csv.gz,True,,2025,2025-06-15,descending,168,sentinel-1c,2629,False,1,True,2629,0,2629,0,0,529,2100,2629,0,0,570,2059
S1C_IW_GRDH_1SDV_20250616T171359_20250616T171424_002811_005C59_7FCC_COG,outputs\diagnostics\design_c\c2v\scene_checkpoints\primary\S1C_IW_GRDH_1SDV_20250616T171359_20250616T171424_002811_005C59_7FCC_COG.csv.gz,True,,2025,2025-06-16,ascending,15,sentinel-1c,4331,False,1,True,4331,0,4331,0,0,1,4330,4331,0,0,115,4216
S1C_IW_GRDH_1SDV_20250620T053439_20250620T053504_002862_005DD3_F9AA_COG,outputs\diagnostics\design_c\c2v\scene_checkpoints\primary\S1C_IW_GRDH_1SDV_20250620T053439_20250620T053504_002862_005DD3_F9AA_COG.csv.gz,True,,2025,2025-06-20,descending,66,sentinel-1c,4331,False,1,True,4331,0,4331,0,0,0,4331,4331,0,0,59,4272
S1C_IW_GRDH_1SDV_20250621T172157_20250621T172222_002884_005E73_FEFE_COG,outputs\diagnostics\design_c\c2v\scene_checkpoints\primary\S1C_IW_GRDH_1SDV_20250621T172157_20250621T172222_002884_005E73_FEFE_COG.csv.gz,True,,2025,2025-06-21,ascending,88,sentinel-1c,787,False,1,True,787,0,787,0,0,69,718,787,0,0,80,707
S1C_IW_GRDH_1SDV_20250621T172222_20250621T172247_002884_005E73_6319_COG,outputs\diagnostics\design_c\c2v\scene_checkpoints\primary\S1C_IW_GRDH_1SDV_20250621T172222_20250621T172247_002884_005E73_6319_COG.csv.gz,True,,2025,2025-06-21,ascending,88,sentinel-1c,3135,False,1,True,3135,0,3135,0,0,214,2921,3135,0,0,227,2908
S1A_IW_GRDH_1SDV_20250621T052724_20250621T052749_059740_076B2D_983C_COG,outputs\diagnostics\design_c\c2v\scene_checkpoints\primary\S1A_IW_GRDH_1SDV_20250621T052724_20250621T052749_059740_076B2D_983C_COG.csv.gz,True,,2025,2025-06-21,descending,168,sentinel-1a,636,False,1,True,636,0,636,0,0,151,485,636,0,0,156,480
S1A_IW_GRDH_1SDV_20250621T052749_20250621T052814_059740_076B2D_84DA_COG,outputs\diagnostics\design_c\c2v\scene_checkpoints\primary\S1A_IW_GRDH_1SDV_20250621T052749_20250621T052814_059740_076B2D_84DA_COG.csv.gz,True,,2025,2025-06-21,descending,168,sentinel-1a,2009,False,1,True,2009,0,2009,0,0,368,1641,2009,0,0,396,1613
S1A_IW_GRDH_1SDV_20250622T171509_20250622T171534_059762_076BE4_5031_COG,outputs\diagnostics\design_c\c2v\scene_checkpoints\primary\S1A_IW_GRDH_1SDV_20250622T171509_20250622T171534_059762_076BE4_5031_COG.csv.gz,True,,2025,2025-06-22,ascending,15,sentinel-1a,4331,False,1,True,4331,0,4331,0,0,3,4328,4331,0,0,253,4078
S1A_IW_GRDH_1SDV_20250626T053536_20250626T053601_059813_076DB6_F2CA_COG,outputs\diagnostics\design_c\c2v\scene_checkpoints\primary\S1A_IW_GRDH_1SDV_20250626T053536_20250626T053601_059813_076DB6_F2CA_COG.csv.gz,True,,2025,2025-06-26,descending,66,sentinel-1a,3332,False,1,True,3332,0,3332,0,0,0,3332,3332,0,0,73,3259
S1A_IW_GRDH_1SDV_20250626T053601_20250626T053626_059813_076DB6_B913_COG,outputs\diagnostics\design_c\c2v\scene_checkpoints\primary\S1A_IW_GRDH_1SDV_20250626T053601_20250626T053626_059813_076DB6_B913_COG.csv.gz,True,,2025,2025-06-26,descending,66,sentinel-1a,999,False,1,True,999,0,999,0,0,0,999,999,0,0,23,976
S1A_IW_GRDH_1SDV_20250627T172316_20250627T172341_059835_076E75_F1F6_COG,outputs\diagnostics\design_c\c2v\scene_checkpoints\primary\S1A_IW_GRDH_1SDV_20250627T172316_20250627T172341_059835_076E75_F1F6_COG.csv.gz,True,,2025,2025-06-27,ascending,88,sentinel-1a,3888,False,1,True,3888,0,3888,0,0,223,3665,3888,0,0,281,3607
S1A_IW_GRDH_1SDV_20250627T172341_20250627T172406_059835_076E75_B3C1_COG,outputs\diagnostics\design_c\c2v\scene_checkpoints\primary\S1A_IW_GRDH_1SDV_20250627T172341_20250627T172406_059835_076E75_B3C1_COG.csv.gz,True,,2025,2025-06-27,ascending,88,sentinel-1a,0,True,0,True,0,0,0,0,0,0,0,0,0,0,0,0
S1C_IW_GRDH_1SDV_20250627T052627_20250627T052652_002964_0060C9_6856_COG,outputs\diagnostics\design_c\c2v\scene_checkpoints\primary\S1C_IW_GRDH_1SDV_20250627T052627_20250627T052652_002964_0060C9_6856_COG.csv.gz,True,,2025,2025-06-27,descending,168,sentinel-1c,2633,False,1,True,2633,0,2633,0,0,528,2105,2633,0,0,541,2092
S1C_IW_GRDH_1SDV_20250628T171400_20250628T171425_002986_006161_CE18_COG,outputs\diagnostics\design_c\c2v\scene_checkpoints\primary\S1C_IW_GRDH_1SDV_20250628T171400_20250628T171425_002986_006161_CE18_COG.csv.gz,True,,2025,2025-06-28,ascending,15,sentinel-1c,4331,False,1,True,4331,0,4331,0,0,0,4331,4331,0,0,35,4296
S1C_IW_GRDH_1SDV_20250702T053440_20250702T053505_003037_0062DC_9575_COG,outputs\diagnostics\design_c\c2v\scene_checkpoints\primary\S1C_IW_GRDH_1SDV_20250702T053440_20250702T053505_003037_0062DC_9575_COG.csv.gz,True,,2025,2025-07-02,descending,66,sentinel-1c,4331,False,1,True,4331,0,4331,0,0,1,4330,4331,0,0,29,4302
S1C_IW_GRDH_1SDV_20250703T172158_20250703T172223_003059_00637F_D930_COG,outputs\diagnostics\design_c\c2v\scene_checkpoints\primary\S1C_IW_GRDH_1SDV_20250703T172158_20250703T172223_003059_00637F_D930_COG.csv.gz,True,,2025,2025-07-03,ascending,88,sentinel-1c,785,False,1,True,785,0,785,0,0,68,717,785,0,0,73,712
S1C_IW_GRDH_1SDV_20250703T172223_20250703T172248_003059_00637F_8B3B_COG,outputs\diagnostics\design_c\c2v\scene_checkpoints\primary\S1C_IW_GRDH_1SDV_20250703T172223_20250703T172248_003059_00637F_8B3B_COG.csv.gz,True,,2025,2025-07-03,ascending,88,sentinel-1c,3136,False,1,True,3136,0,3136,0,0,215,2921,3136,0,0,223,2913
S1A_IW_GRDH_1SDV_20250703T052723_20250703T052748_059915_077146_C603_COG,outputs\diagnostics\design_c\c2v\scene_checkpoints\primary\S1A_IW_GRDH_1SDV_20250703T052723_20250703T052748_059915_077146_C603_COG.csv.gz,True,,2025,2025-07-03,descending,168,sentinel-1a,637,False,1,True,637,0,637,0,0,151,486,637,0,0,155,482
S1A_IW_GRDH_1SDV_20250703T052748_20250703T052813_059915_077146_DD90_COG,outputs\diagnostics\design_c\c2v\scene_checkpoints\primary\S1A_IW_GRDH_1SDV_20250703T052748_20250703T052813_059915_077146_DD90_COG.csv.gz,True,,2025,2025-07-03,descending,168,sentinel-1a,2008,False,1,True,2008,0,2008,0,0,368,1640,2008,0,0,383,1625
S1A_IW_GRDH_1SDV_20250704T171509_20250704T171534_059937_077200_5B61_COG,outputs\diagnostics\design_c\c2v\scene_checkpoints\primary\S1A_IW_GRDH_1SDV_20250704T171509_20250704T171534_059937_077200_5B61_COG.csv.gz,True,,2025,2025-07-04,ascending,15,sentinel-1a,4331,False,1,True,4331,0,4331,0,0,0,4331,4331,0,0,96,4235
S1A_IW_GRDH_1SDV_20250708T053536_20250708T053601_059988_0773C3_7009_COG,outputs\diagnostics\design_c\c2v\scene_checkpoints\primary\S1A_IW_GRDH_1SDV_20250708T053536_20250708T053601_059988_0773C3_7009_COG.csv.gz,True,,2025,2025-07-08,descending,66,sentinel-1a,3332,False,1,True,3332,0,3332,0,0,2,3330,3332,0,0,22,3310
S1A_IW_GRDH_1SDV_20250708T053601_20250708T053626_059988_0773C3_3313_COG,outputs\diagnostics\design_c\c2v\scene_checkpoints\primary\S1A_IW_GRDH_1SDV_20250708T053601_20250708T053626_059988_0773C3_3313_COG.csv.gz,True,,2025,2025-07-08,descending,66,sentinel-1a,999,False,1,True,999,0,999,0,0,0,999,999,0,0,7,992
S1A_IW_GRDH_1SDV_20250709T172315_20250709T172340_060010_077485_EC7E_COG,outputs\diagnostics\design_c\c2v\scene_checkpoints\primary\S1A_IW_GRDH_1SDV_20250709T172315_20250709T172340_060010_077485_EC7E_COG.csv.gz,True,,2025,2025-07-09,ascending,88,sentinel-1a,3890,False,1,True,3890,0,3890,0,0,223,3667,3890,0,0,250,3640
S1A_IW_GRDH_1SDV_20250709T172340_20250709T172405_060010_077485_370F_COG,outputs\diagnostics\design_c\c2v\scene_checkpoints\primary\S1A_IW_GRDH_1SDV_20250709T172340_20250709T172405_060010_077485_370F_COG.csv.gz,True,,2025,2025-07-09,ascending,88,sentinel-1a,0,True,0,True,0,0,0,0,0,0,0,0,0,0,0,0
S1C_IW_GRDH_1SDV_20250709T052628_20250709T052653_003139_0065D1_1426_COG,outputs\diagnostics\design_c\c2v\scene_checkpoints\primary\S1C_IW_GRDH_1SDV_20250709T052628_20250709T052653_003139_0065D1_1426_COG.csv.gz,True,,2025,2025-07-09,descending,168,sentinel-1c,2631,False,1,True,2631,0,2631,0,0,528,2103,2631,0,0,531,2100
S1C_IW_GRDH_1SDV_20250710T171401_20250710T171426_003161_006672_6F4E_COG,outputs\diagnostics\design_c\c2v\scene_checkpoints\primary\S1C_IW_GRDH_1SDV_20250710T171401_20250710T171426_003161_006672_6F4E_COG.csv.gz,True,,2025,2025-07-10,ascending,15,sentinel-1c,4331,False,1,True,4331,0,4331,0,0,0,4331,4331,0,0,11,4320
S1C_IW_GRDH_1SDV_20250714T053441_20250714T053506_003212_0067EB_EE07_COG,outputs\diagnostics\design_c\c2v\scene_checkpoints\primary\S1C_IW_GRDH_1SDV_20250714T053441_20250714T053506_003212_0067EB_EE07_COG.csv.gz,True,,2025,2025-07-14,descending,66,sentinel-1c,4331,False,1,True,4331,0,4331,0,0,0,4331,4331,0,0,8,4323
S1C_IW_GRDH_1SDV_20250715T172159_20250715T172224_003234_00688E_3AEC_COG,outputs\diagnostics\design_c\c2v\scene_checkpoints\primary\S1C_IW_GRDH_1SDV_20250715T172159_20250715T172224_003234_00688E_3AEC_COG.csv.gz,True,,2025,2025-07-15,ascending,88,sentinel-1c,785,False,1,True,785,0,785,0,0,68,717,785,0,0,69,716
S1C_IW_GRDH_1SDV_20250715T172224_20250715T172249_003234_00688E_5E71_COG,outputs\diagnostics\design_c\c2v\scene_checkpoints\primary\S1C_IW_GRDH_1SDV_20250715T172224_20250715T172249_003234_00688E_5E71_COG.csv.gz,True,,2025,2025-07-15,ascending,88,sentinel-1c,3136,False,1,True,3136,0,3136,0,0,215,2921,3136,0,0,220,2916
S1A_IW_GRDH_1SDV_20250715T052723_20250715T052748_060090_077749_C0FF_COG,outputs\diagnostics\design_c\c2v\scene_checkpoints\primary\S1A_IW_GRDH_1SDV_20250715T052723_20250715T052748_060090_077749_C0FF_COG.csv.gz,True,,2025,2025-07-15,descending,168,sentinel-1a,636,False,1,True,636,0,636,0,0,151,485,636,0,0,153,483
S1A_IW_GRDH_1SDV_20250715T052748_20250715T052813_060090_077749_0520_COG,outputs\diagnostics\design_c\c2v\scene_checkpoints\primary\S1A_IW_GRDH_1SDV_20250715T052748_20250715T052813_060090_077749_0520_COG.csv.gz,True,,2025,2025-07-15,descending,168,sentinel-1a,2008,False,1,True,2008,0,2008,0,0,369,1639,2008,0,0,381,1627
S1A_IW_GRDH_1SDV_20250716T171508_20250716T171533_060112_077801_0775_COG,outputs\diagnostics\design_c\c2v\scene_checkpoints\primary\S1A_IW_GRDH_1SDV_20250716T171508_20250716T171533_060112_077801_0775_COG.csv.gz,True,,2025,2025-07-16,ascending,15,sentinel-1a,4331,False,1,True,4331,0,4331,0,0,1,4330,4331,0,0,70,4261
S1A_IW_GRDH_1SDV_20250720T053535_20250720T053600_060163_0779C8_7E83_COG,outputs\diagnostics\design_c\c2v\scene_checkpoints\primary\S1A_IW_GRDH_1SDV_20250720T053535_20250720T053600_060163_0779C8_7E83_COG.csv.gz,True,,2025,2025-07-20,descending,66,sentinel-1a,3330,False,1,True,3330,0,3330,0,0,0,3330,3330,0,0,20,3310
S1A_IW_GRDH_1SDV_20250720T053600_20250720T053625_060163_0779C8_AD23_COG,outputs\diagnostics\design_c\c2v\scene_checkpoints\primary\S1A_IW_GRDH_1SDV_20250720T053600_20250720T053625_060163_0779C8_AD23_COG.csv.gz,True,,2025,2025-07-20,descending,66,sentinel-1a,1001,False,1,True,1001,0,1001,0,0,1,1000,1001,0,0,15,986
S1A_IW_GRDH_1SDV_20250721T172314_20250721T172339_060185_077A86_2EA1_COG,outputs\diagnostics\design_c\c2v\scene_checkpoints\primary\S1A_IW_GRDH_1SDV_20250721T172314_20250721T172339_060185_077A86_2EA1_COG.csv.gz,True,,2025,2025-07-21,ascending,88,sentinel-1a,3887,False,1,True,3887,0,3887,0,0,221,3666,3887,0,0,238,3649
S1A_IW_GRDH_1SDV_20250721T172339_20250721T172404_060185_077A86_C761_COG,outputs\diagnostics\design_c\c2v\scene_checkpoints\primary\S1A_IW_GRDH_1SDV_20250721T172339_20250721T172404_060185_077A86_C761_COG.csv.gz,True,,2025,2025-07-21,ascending,88,sentinel-1a,0,True,0,True,0,0,0,0,0,0,0,0,0,0,0,0
S1C_IW_GRDH_1SDV_20250721T052628_20250721T052653_003314_006AE8_C2BB_COG,outputs\diagnostics\design_c\c2v\scene_checkpoints\primary\S1C_IW_GRDH_1SDV_20250721T052628_20250721T052653_003314_006AE8_C2BB_COG.csv.gz,True,,2025,2025-07-21,descending,168,sentinel-1c,2625,False,1,True,2625,0,2625,0,0,529,2096,2625,0,0,535,2090
S1C_IW_GRDH_1SDV_20250722T171402_20250722T171427_003336_006B85_AE0C_COG,outputs\diagnostics\design_c\c2v\scene_checkpoints\primary\S1C_IW_GRDH_1SDV_20250722T171402_20250722T171427_003336_006B85_AE0C_COG.csv.gz,True,,2025,2025-07-22,ascending,15,sentinel-1c,4331,False,1,True,4331,0,4331,0,0,0,4331,4331,0,0,10,4321
S1C_IW_GRDH_1SDV_20250726T053441_20250726T053506_003387_006D07_FDAA_COG,outputs\diagnostics\design_c\c2v\scene_checkpoints\primary\S1C_IW_GRDH_1SDV_20250726T053441_20250726T053506_003387_006D07_FDAA_COG.csv.gz,True,,2025,2025-07-26,descending,66,sentinel-1c,4331,False,1,True,4331,0,4331,0,0,0,4331,4331,0,0,0,4331
S1C_IW_GRDH_1SDV_20250727T172200_20250727T172225_003409_006DAD_4079_COG,outputs\diagnostics\design_c\c2v\scene_checkpoints\primary\S1C_IW_GRDH_1SDV_20250727T172200_20250727T172225_003409_006DAD_4079_COG.csv.gz,True,,2025,2025-07-27,ascending,88,sentinel-1c,788,False,1,True,788,0,788,0,0,69,719,788,0,0,70,718
S1C_IW_GRDH_1SDV_20250727T172225_20250727T172250_003409_006DAD_DDF0_COG,outputs\diagnostics\design_c\c2v\scene_checkpoints\primary\S1C_IW_GRDH_1SDV_20250727T172225_20250727T172250_003409_006DAD_DDF0_COG.csv.gz,True,,2025,2025-07-27,ascending,88,sentinel-1c,3135,False,1,True,3135,0,3135,0,0,208,2927,3135,0,0,210,2925
S1A_IW_GRDH_1SDV_20250727T052722_20250727T052747_060265_077D4D_552A_COG,outputs\diagnostics\design_c\c2v\scene_checkpoints\primary\S1A_IW_GRDH_1SDV_20250727T052722_20250727T052747_060265_077D4D_552A_COG.csv.gz,True,,2025,2025-07-27,descending,168,sentinel-1a,636,False,1,True,636,0,636,0,0,152,484,636,0,0,152,484
S1A_IW_GRDH_1SDV_20250727T052747_20250727T052812_060265_077D4D_2560_COG,outputs\diagnostics\design_c\c2v\scene_checkpoints\primary\S1A_IW_GRDH_1SDV_20250727T052747_20250727T052812_060265_077D4D_2560_COG.csv.gz,True,,2025,2025-07-27,descending,168,sentinel-1a,2007,False,1,True,2007,0,2007,0,0,368,1639,2007,0,0,373,1634
S1A_IW_GRDH_1SDV_20250728T171508_20250728T171533_060287_077E07_4C7A_COG,outputs\diagnostics\design_c\c2v\scene_checkpoints\primary\S1A_IW_GRDH_1SDV_20250728T171508_20250728T171533_060287_077E07_4C7A_COG.csv.gz,True,,2025,2025-07-28,ascending,15,sentinel-1a,4331,False,1,True,4331,0,4331,0,0,0,4331,4331,0,0,49,4282
S1A_IW_GRDH_1SDV_20250801T053535_20250801T053600_060338_077FCB_C5C7_COG,outputs\diagnostics\design_c\c2v\scene_checkpoints\primary\S1A_IW_GRDH_1SDV_20250801T053535_20250801T053600_060338_077FCB_C5C7_COG.csv.gz,True,,2025,2025-08-01,descending,66,sentinel-1a,3331,False,1,True,3331,0,3331,0,0,0,3331,3331,0,0,17,3314
S1A_IW_GRDH_1SDV_20250801T053600_20250801T053625_060338_077FCB_46B5_COG,outputs\diagnostics\design_c\c2v\scene_checkpoints\primary\S1A_IW_GRDH_1SDV_20250801T053600_20250801T053625_060338_077FCB_46B5_COG.csv.gz,True,,2025,2025-08-01,descending,66,sentinel-1a,1000,False,1,True,1000,0,1000,0,0,1,999,1000,0,0,14,986
S1A_IW_GRDH_1SDV_20250802T172314_20250802T172339_060360_07808C_6261_COG,outputs\diagnostics\design_c\c2v\scene_checkpoints\primary\S1A_IW_GRDH_1SDV_20250802T172314_20250802T172339_060360_07808C_6261_COG.csv.gz,True,,2025,2025-08-02,ascending,88,sentinel-1a,3883,False,1,True,3883,0,3883,0,0,223,3660,3883,0,0,237,3646
S1A_IW_GRDH_1SDV_20250802T172339_20250802T172404_060360_07808C_9BD3_COG,outputs\diagnostics\design_c\c2v\scene_checkpoints\primary\S1A_IW_GRDH_1SDV_20250802T172339_20250802T172404_060360_07808C_9BD3_COG.csv.gz,True,,2025,2025-08-02,ascending,88,sentinel-1a,0,True,0,True,0,0,0,0,0,0,0,0,0,0,0,0
S1C_IW_GRDH_1SDV_20250802T052629_20250802T052654_003489_007008_0ECB_COG,outputs\diagnostics\design_c\c2v\scene_checkpoints\primary\S1C_IW_GRDH_1SDV_20250802T052629_20250802T052654_003489_007008_0ECB_COG.csv.gz,True,,2025,2025-08-02,descending,168,sentinel-1c,2629,False,1,True,2629,0,2629,0,0,528,2101,2629,0,0,532,2097
S1C_IW_GRDH_1SDV_20250803T171402_20250803T171427_003511_0070A4_092A_COG,outputs\diagnostics\design_c\c2v\scene_checkpoints\primary\S1C_IW_GRDH_1SDV_20250803T171402_20250803T171427_003511_0070A4_092A_COG.csv.gz,True,,2025,2025-08-03,ascending,15,sentinel-1c,4331,False,1,True,4331,0,4331,0,0,0,4331,4331,0,0,3,4328
S1C_IW_GRDH_1SDV_20250808T172200_20250808T172225_003584_0072D8_725D_COG,outputs\diagnostics\design_c\c2v\scene_checkpoints\primary\S1C_IW_GRDH_1SDV_20250808T172200_20250808T172225_003584_0072D8_725D_COG.csv.gz,True,,2025,2025-08-08,ascending,88,sentinel-1c,788,False,1,True,788,0,788,0,0,69,719,788,0,0,69,719
S1C_IW_GRDH_1SDV_20250808T172225_20250808T172250_003584_0072D8_1E30_COG,outputs\diagnostics\design_c\c2v\scene_checkpoints\primary\S1C_IW_GRDH_1SDV_20250808T172225_20250808T172250_003584_0072D8_1E30_COG.csv.gz,True,,2025,2025-08-08,ascending,88,sentinel-1c,3139,False,1,True,3139,0,3139,0,0,212,2927,3139,0,0,215,2924
S1A_IW_GRDH_1SDV_20250808T052722_20250808T052747_060440_078378_286F_COG,outputs\diagnostics\design_c\c2v\scene_checkpoints\primary\S1A_IW_GRDH_1SDV_20250808T052722_20250808T052747_060440_078378_286F_COG.csv.gz,True,,2025,2025-08-08,descending,168,sentinel-1a,636,False,1,True,636,0,636,0,0,151,485,636,0,0,151,485
S1A_IW_GRDH_1SDV_20250808T052747_20250808T052812_060440_078378_AB1B_COG,outputs\diagnostics\design_c\c2v\scene_checkpoints\primary\S1A_IW_GRDH_1SDV_20250808T052747_20250808T052812_060440_078378_AB1B_COG.csv.gz,True,,2025,2025-08-08,descending,168,sentinel-1a,2007,False,1,True,2007,0,2007,0,0,369,1638,2007,0,0,380,1627
S1A_IW_GRDH_1SDV_20250809T171508_20250809T171533_060462_078450_FBFC_COG,outputs\diagnostics\design_c\c2v\scene_checkpoints\primary\S1A_IW_GRDH_1SDV_20250809T171508_20250809T171533_060462_078450_FBFC_COG.csv.gz,True,,2025,2025-08-09,ascending,15,sentinel-1a,4331,False,1,True,4331,0,4331,0,0,1,4330,4331,0,0,46,4285
S1A_IW_GRDH_1SDV_20250813T053535_20250813T053600_060513_078654_CFFF_COG,outputs\diagnostics\design_c\c2v\scene_checkpoints\primary\S1A_IW_GRDH_1SDV_20250813T053535_20250813T053600_060513_078654_CFFF_COG.csv.gz,True,,2025,2025-08-13,descending,66,sentinel-1a,3330,False,1,True,3330,0,3330,0,0,2,3328,3330,0,0,24,3306
S1A_IW_GRDH_1SDV_20250813T053600_20250813T053625_060513_078654_43D0_COG,outputs\diagnostics\design_c\c2v\scene_checkpoints\primary\S1A_IW_GRDH_1SDV_20250813T053600_20250813T053625_060513_078654_43D0_COG.csv.gz,True,,2025,2025-08-13,descending,66,sentinel-1a,1001,False,1,True,1001,0,1001,0,0,0,1001,1001,0,0,11,990
S1A_IW_GRDH_1SDV_20250814T172314_20250814T172339_060535_07872E_1488_COG,outputs\diagnostics\design_c\c2v\scene_checkpoints\primary\S1A_IW_GRDH_1SDV_20250814T172314_20250814T172339_060535_07872E_1488_COG.csv.gz,True,,2025,2025-08-14,ascending,88,sentinel-1a,3881,False,1,True,3881,0,3881,0,0,225,3656,3881,0,0,239,3642
S1A_IW_GRDH_1SDV_20250814T172339_20250814T172404_060535_07872E_7090_COG,outputs\diagnostics\design_c\c2v\scene_checkpoints\primary\S1A_IW_GRDH_1SDV_20250814T172339_20250814T172404_060535_07872E_7090_COG.csv.gz,True,,2025,2025-08-14,ascending,88,sentinel-1a,0,True,0,True,0,0,0,0,0,0,0,0,0,0,0,0
S1C_IW_GRDH_1SDV_20250814T052630_20250814T052655_003664_00753D_1189_COG,outputs\diagnostics\design_c\c2v\scene_checkpoints\primary\S1C_IW_GRDH_1SDV_20250814T052630_20250814T052655_003664_00753D_1189_COG.csv.gz,True,,2025,2025-08-14,descending,168,sentinel-1c,2631,False,1,True,2631,0,2631,0,0,528,2103,2631,0,0,528,2103
S1C_IW_GRDH_1SDV_20250815T171403_20250815T171428_003686_0075E1_58A2_COG,outputs\diagnostics\design_c\c2v\scene_checkpoints\primary\S1C_IW_GRDH_1SDV_20250815T171403_20250815T171428_003686_0075E1_58A2_COG.csv.gz,True,,2025,2025-08-15,ascending,15,sentinel-1c,4331,False,1,True,4331,0,4331,0,0,0,4331,4331,0,0,10,4321
S1C_IW_GRDH_1SDV_20250819T053442_20250819T053507_003737_007770_AB0A_COG,outputs\diagnostics\design_c\c2v\scene_checkpoints\primary\S1C_IW_GRDH_1SDV_20250819T053442_20250819T053507_003737_007770_AB0A_COG.csv.gz,True,,2025,2025-08-19,descending,66,sentinel-1c,4331,False,1,True,4331,0,4331,0,0,0,4331,4331,0,0,6,4325
S1C_IW_GRDH_1SDV_20250820T172201_20250820T172226_003759_007815_0BAB_COG,outputs\diagnostics\design_c\c2v\scene_checkpoints\primary\S1C_IW_GRDH_1SDV_20250820T172201_20250820T172226_003759_007815_0BAB_COG.csv.gz,True,,2025,2025-08-20,ascending,88,sentinel-1c,788,False,1,True,788,0,788,0,0,69,719,788,0,0,70,718
S1C_IW_GRDH_1SDV_20250820T172226_20250820T172251_003759_007815_0E61_COG,outputs\diagnostics\design_c\c2v\scene_checkpoints\primary\S1C_IW_GRDH_1SDV_20250820T172226_20250820T172251_003759_007815_0E61_COG.csv.gz,True,,2025,2025-08-20,ascending,88,sentinel-1c,3139,False,1,True,3139,0,3139,0,0,212,2927,3139,0,0,212,2927
S1A_IW_GRDH_1SDV_20250820T052722_20250820T052747_060615_078A5B_8532_COG,outputs\diagnostics\design_c\c2v\scene_checkpoints\primary\S1A_IW_GRDH_1SDV_20250820T052722_20250820T052747_060615_078A5B_8532_COG.csv.gz,True,,2025,2025-08-20,descending,168,sentinel-1a,634,False,1,True,634,0,634,0,0,153,481,634,0,0,153,481
S1A_IW_GRDH_1SDV_20250820T052747_20250820T052812_060615_078A5B_4BC1_COG,outputs\diagnostics\design_c\c2v\scene_checkpoints\primary\S1A_IW_GRDH_1SDV_20250820T052747_20250820T052812_060615_078A5B_4BC1_COG.csv.gz,True,,2025,2025-08-20,descending,168,sentinel-1a,2004,False,1,True,2004,0,2004,0,0,371,1633,2004,0,0,375,1629
S1A_IW_GRDH_1SDV_20250821T171508_20250821T171533_060637_078B34_9328_COG,outputs\diagnostics\design_c\c2v\scene_checkpoints\primary\S1A_IW_GRDH_1SDV_20250821T171508_20250821T171533_060637_078B34_9328_COG.csv.gz,True,,2025,2025-08-21,ascending,15,sentinel-1a,4331,False,1,True,4331,0,4331,0,0,0,4331,4331,0,0,23,4308
S1A_IW_GRDH_1SDV_20250825T053535_20250825T053600_060688_078D39_F4AB_COG,outputs\diagnostics\design_c\c2v\scene_checkpoints\primary\S1A_IW_GRDH_1SDV_20250825T053535_20250825T053600_060688_078D39_F4AB_COG.csv.gz,True,,2025,2025-08-25,descending,66,sentinel-1a,3330,False,1,True,3330,0,3330,0,0,0,3330,3330,0,0,17,3313
S1A_IW_GRDH_1SDV_20250825T053600_20250825T053625_060688_078D39_F085_COG,outputs\diagnostics\design_c\c2v\scene_checkpoints\primary\S1A_IW_GRDH_1SDV_20250825T053600_20250825T053625_060688_078D39_F085_COG.csv.gz,True,,2025,2025-08-25,descending,66,sentinel-1a,1001,False,1,True,1001,0,1001,0,0,1,1000,1001,0,0,10,991
S1A_IW_GRDH_1SDV_20250826T172314_20250826T172339_060710_078E13_CF79_COG,outputs\diagnostics\design_c\c2v\scene_checkpoints\primary\S1A_IW_GRDH_1SDV_20250826T172314_20250826T172339_060710_078E13_CF79_COG.csv.gz,True,,2025,2025-08-26,ascending,88,sentinel-1a,3881,False,1,True,3881,0,3881,0,0,224,3657,3881,0,0,232,3649
S1A_IW_GRDH_1SDV_20250826T172339_20250826T172404_060710_078E13_B308_COG,outputs\diagnostics\design_c\c2v\scene_checkpoints\primary\S1A_IW_GRDH_1SDV_20250826T172339_20250826T172404_060710_078E13_B308_COG.csv.gz,True,,2025,2025-08-26,ascending,88,sentinel-1a,0,True,0,True,0,0,0,0,0,0,0,0,0,0,0,0
S1C_IW_GRDH_1SDV_20250826T052630_20250826T052655_003839_007A82_639A_COG,outputs\diagnostics\design_c\c2v\scene_checkpoints\primary\S1C_IW_GRDH_1SDV_20250826T052630_20250826T052655_003839_007A82_639A_COG.csv.gz,True,,2025,2025-08-26,descending,168,sentinel-1c,2631,False,1,True,2631,0,2631,0,0,529,2102,2631,0,0,530,2101
S1C_IW_GRDH_1SDV_20250827T171403_20250827T171428_003861_007B20_409A_COG,outputs\diagnostics\design_c\c2v\scene_checkpoints\primary\S1C_IW_GRDH_1SDV_20250827T171403_20250827T171428_003861_007B20_409A_COG.csv.gz,True,,2025,2025-08-27,ascending,15,sentinel-1c,4331,False,1,True,4331,0,4331,0,0,0,4331,4331,0,0,5,4326
S1C_IW_GRDH_1SDV_20250831T053443_20250831T053508_003912_007CAC_02DA_COG,outputs\diagnostics\design_c\c2v\scene_checkpoints\primary\S1C_IW_GRDH_1SDV_20250831T053443_20250831T053508_003912_007CAC_02DA_COG.csv.gz,True,,2025,2025-08-31,descending,66,sentinel-1c,4331,False,1,True,4331,0,4331,0,0,1,4330,4331,0,0,1,4330
S1C_IW_GRDH_1SDV_20250901T172201_20250901T172226_003934_007D5B_CE13_COG,outputs\diagnostics\design_c\c2v\scene_checkpoints\primary\S1C_IW_GRDH_1SDV_20250901T172201_20250901T172226_003934_007D5B_CE13_COG.csv.gz,True,,2025,2025-09-01,ascending,88,sentinel-1c,787,False,1,True,787,0,787,0,0,68,719,787,0,0,69,718
S1C_IW_GRDH_1SDV_20250901T172226_20250901T172251_003934_007D5B_803F_COG,outputs\diagnostics\design_c\c2v\scene_checkpoints\primary\S1C_IW_GRDH_1SDV_20250901T172226_20250901T172251_003934_007D5B_803F_COG.csv.gz,True,,2025,2025-09-01,ascending,88,sentinel-1c,3134,False,1,True,3134,0,3134,0,0,215,2919,3134,0,0,216,2918
S1A_IW_GRDH_1SDV_20250901T052722_20250901T052747_060790_07913E_7AED_COG,outputs\diagnostics\design_c\c2v\scene_checkpoints\primary\S1A_IW_GRDH_1SDV_20250901T052722_20250901T052747_060790_07913E_7AED_COG.csv.gz,True,,2025,2025-09-01,descending,168,sentinel-1a,632,False,1,True,632,0,632,0,0,154,478,632,0,0,154,478
S1A_IW_GRDH_1SDV_20250901T052747_20250901T052812_060790_07913E_28B5_COG,outputs\diagnostics\design_c\c2v\scene_checkpoints\primary\S1A_IW_GRDH_1SDV_20250901T052747_20250901T052812_060790_07913E_28B5_COG.csv.gz,True,,2025,2025-09-01,descending,168,sentinel-1a,2002,False,1,True,2002,0,2002,0,0,371,1631,2002,0,0,373,1629
S1A_IW_GRDH_1SDV_20250902T171508_20250902T171533_060812_07921D_08D0_COG,outputs\diagnostics\design_c\c2v\scene_checkpoints\primary\S1A_IW_GRDH_1SDV_20250902T171508_20250902T171533_060812_07921D_08D0_COG.csv.gz,True,,2025,2025-09-02,ascending,15,sentinel-1a,4331,False,1,True,4331,0,4331,0,0,0,4331,4331,0,0,27,4304
S1A_IW_GRDH_1SDV_20250906T053535_20250906T053600_060863_079427_7E1D_COG,outputs\diagnostics\design_c\c2v\scene_checkpoints\primary\S1A_IW_GRDH_1SDV_20250906T053535_20250906T053600_060863_079427_7E1D_COG.csv.gz,True,,2025,2025-09-06,descending,66,sentinel-1a,3328,False,1,True,3328,0,3328,0,0,0,3328,3328,0,0,20,3308
S1A_IW_GRDH_1SDV_20250906T053600_20250906T053625_060863_079427_0677_COG,outputs\diagnostics\design_c\c2v\scene_checkpoints\primary\S1A_IW_GRDH_1SDV_20250906T053600_20250906T053625_060863_079427_0677_COG.csv.gz,True,,2025,2025-09-06,descending,66,sentinel-1a,1003,False,1,True,1003,0,1003,0,0,0,1003,1003,0,0,4,999
S1A_IW_GRDH_1SDV_20250907T172315_20250907T172340_060885_079505_303A_COG,outputs\diagnostics\design_c\c2v\scene_checkpoints\primary\S1A_IW_GRDH_1SDV_20250907T172315_20250907T172340_060885_079505_303A_COG.csv.gz,True,,2025,2025-09-07,ascending,88,sentinel-1a,3881,False,1,True,3881,0,3881,0,0,225,3656,3881,0,0,233,3648
S1A_IW_GRDH_1SDV_20250907T172340_20250907T172405_060885_079505_EAC6_COG,outputs\diagnostics\design_c\c2v\scene_checkpoints\primary\S1A_IW_GRDH_1SDV_20250907T172340_20250907T172405_060885_079505_EAC6_COG.csv.gz,True,,2025,2025-09-07,ascending,88,sentinel-1a,0,True,0,True,0,0,0,0,0,0,0,0,0,0,0,0
S1C_IW_GRDH_1SDV_20250907T052630_20250907T052655_004014_007FB5_534C_COG,outputs\diagnostics\design_c\c2v\scene_checkpoints\primary\S1C_IW_GRDH_1SDV_20250907T052630_20250907T052655_004014_007FB5_534C_COG.csv.gz,True,,2025,2025-09-07,descending,168,sentinel-1c,2626,False,1,True,2626,0,2626,0,0,529,2097,2626,0,0,530,2096
S1C_IW_GRDH_1SDV_20250908T171404_20250908T171429_004036_008067_F938_COG,outputs\diagnostics\design_c\c2v\scene_checkpoints\primary\S1C_IW_GRDH_1SDV_20250908T171404_20250908T171429_004036_008067_F938_COG.csv.gz,True,,2025,2025-09-08,ascending,15,sentinel-1c,4331,False,1,True,4331,0,4331,0,0,0,4331,4331,0,0,2,4329
S1C_IW_GRDH_1SDV_20250912T053443_20250912T053508_004087_0081FD_747B_COG,outputs\diagnostics\design_c\c2v\scene_checkpoints\primary\S1C_IW_GRDH_1SDV_20250912T053443_20250912T053508_004087_0081FD_747B_COG.csv.gz,True,,2025,2025-09-12,descending,66,sentinel-1c,4331,False,1,True,4331,0,4331,0,0,0,4331,4331,0,0,8,4323
S1C_IW_GRDH_1SDV_20250913T172202_20250913T172227_004109_0082AA_75EB_COG,outputs\diagnostics\design_c\c2v\scene_checkpoints\primary\S1C_IW_GRDH_1SDV_20250913T172202_20250913T172227_004109_0082AA_75EB_COG.csv.gz,True,,2025,2025-09-13,ascending,88,sentinel-1c,786,False,1,True,786,0,786,0,0,68,718,786,0,0,69,717
S1C_IW_GRDH_1SDV_20250913T172227_20250913T172252_004109_0082AA_96E1_COG,outputs\diagnostics\design_c\c2v\scene_checkpoints\primary\S1C_IW_GRDH_1SDV_20250913T172227_20250913T172252_004109_0082AA_96E1_COG.csv.gz,True,,2025,2025-09-13,ascending,88,sentinel-1c,3135,False,1,True,3135,0,3135,0,0,215,2920,3135,0,0,217,2918
S1A_IW_GRDH_1SDV_20250913T052723_20250913T052748_060965_07983E_D7A2_COG,outputs\diagnostics\design_c\c2v\scene_checkpoints\primary\S1A_IW_GRDH_1SDV_20250913T052723_20250913T052748_060965_07983E_D7A2_COG.csv.gz,True,,2025,2025-09-13,descending,168,sentinel-1a,632,False,1,True,632,0,632,0,0,154,478,632,0,0,155,477
S1A_IW_GRDH_1SDV_20250913T052748_20250913T052813_060965_07983E_A1A5_COG,outputs\diagnostics\design_c\c2v\scene_checkpoints\primary\S1A_IW_GRDH_1SDV_20250913T052748_20250913T052813_060965_07983E_A1A5_COG.csv.gz,True,,2025,2025-09-13,descending,168,sentinel-1a,2003,False,1,True,2003,0,2003,0,0,371,1632,2003,0,0,372,1631
S1A_IW_GRDH_1SDV_20250914T171508_20250914T171533_060987_079920_CA9C_COG,outputs\diagnostics\design_c\c2v\scene_checkpoints\primary\S1A_IW_GRDH_1SDV_20250914T171508_20250914T171533_060987_079920_CA9C_COG.csv.gz,True,,2025,2025-09-14,ascending,15,sentinel-1a,4331,False,1,True,4331,0,4331,0,0,2,4329,4331,0,0,26,4305
S1A_IW_GRDH_1SDV_20250918T053535_20250918T053600_061038_079B2F_4BBA_COG,outputs\diagnostics\design_c\c2v\scene_checkpoints\primary\S1A_IW_GRDH_1SDV_20250918T053535_20250918T053600_061038_079B2F_4BBA_COG.csv.gz,True,,2025,2025-09-18,descending,66,sentinel-1a,3326,False,1,True,3326,0,3326,0,0,0,3326,3326,0,0,13,3313
S1A_IW_GRDH_1SDV_20250918T053600_20250918T053625_061038_079B2F_933C_COG,outputs\diagnostics\design_c\c2v\scene_checkpoints\primary\S1A_IW_GRDH_1SDV_20250918T053600_20250918T053625_061038_079B2F_933C_COG.csv.gz,True,,2025,2025-09-18,descending,66,sentinel-1a,1005,False,1,True,1005,0,1005,0,0,0,1005,1005,0,0,1,1004
S1A_IW_GRDH_1SDV_20250919T172315_20250919T172340_061060_079C09_E83C_COG,outputs\diagnostics\design_c\c2v\scene_checkpoints\primary\S1A_IW_GRDH_1SDV_20250919T172315_20250919T172340_061060_079C09_E83C_COG.csv.gz,True,,2025,2025-09-19,ascending,88,sentinel-1a,3879,False,1,True,3879,0,3879,0,0,225,3654,3879,0,0,231,3648
S1A_IW_GRDH_1SDV_20250919T172340_20250919T172405_061060_079C09_4DCF_COG,outputs\diagnostics\design_c\c2v\scene_checkpoints\primary\S1A_IW_GRDH_1SDV_20250919T172340_20250919T172405_061060_079C09_4DCF_COG.csv.gz,True,,2025,2025-09-19,ascending,88,sentinel-1a,0,True,0,True,0,0,0,0,0,0,0,0,0,0,0,0
S1C_IW_GRDH_1SDV_20250919T052631_20250919T052656_004189_00850E_7BEE_COG,outputs\diagnostics\design_c\c2v\scene_checkpoints\primary\S1C_IW_GRDH_1SDV_20250919T052631_20250919T052656_004189_00850E_7BEE_COG.csv.gz,True,,2025,2025-09-19,descending,168,sentinel-1c,2629,False,1,True,2629,0,2629,0,0,528,2101,2629,0,0,529,2100
S1C_IW_GRDH_1SDV_20250920T171404_20250920T171429_004211_0085B5_3F48_COG,outputs\diagnostics\design_c\c2v\scene_checkpoints\primary\S1C_IW_GRDH_1SDV_20250920T171404_20250920T171429_004211_0085B5_3F48_COG.csv.gz,True,,2025,2025-09-20,ascending,15,sentinel-1c,4331,False,1,True,4331,0,4331,0,0,2,4329,4331,0,0,2,4329
S1C_IW_GRDH_1SDV_20250924T053444_20250924T053509_004262_008748_4209_COG,outputs\diagnostics\design_c\c2v\scene_checkpoints\primary\S1C_IW_GRDH_1SDV_20250924T053444_20250924T053509_004262_008748_4209_COG.csv.gz,True,,2025,2025-09-24,descending,66,sentinel-1c,4331,False,1,True,4331,0,4331,0,0,0,4331,4331,0,0,2,4329
S1C_IW_GRDH_1SDV_20250925T172202_20250925T172227_004284_0087F3_C681_COG,outputs\diagnostics\design_c\c2v\scene_checkpoints\primary\S1C_IW_GRDH_1SDV_20250925T172202_20250925T172227_004284_0087F3_C681_COG.csv.gz,True,,2025,2025-09-25,ascending,88,sentinel-1c,787,False,1,True,787,0,787,0,0,69,718,787,0,0,69,718
S1C_IW_GRDH_1SDV_20250925T172227_20250925T172252_004284_0087F3_2D77_COG,outputs\diagnostics\design_c\c2v\scene_checkpoints\primary\S1C_IW_GRDH_1SDV_20250925T172227_20250925T172252_004284_0087F3_2D77_COG.csv.gz,True,,2025,2025-09-25,ascending,88,sentinel-1c,3136,False,1,True,3136,0,3136,0,0,210,2926,3136,0,0,211,2925
S1A_IW_GRDH_1SDV_20250925T052723_20250925T052748_061140_079F46_29B0_COG,outputs\diagnostics\design_c\c2v\scene_checkpoints\primary\S1A_IW_GRDH_1SDV_20250925T052723_20250925T052748_061140_079F46_29B0_COG.csv.gz,True,,2025,2025-09-25,descending,168,sentinel-1a,629,False,1,True,629,0,629,0,0,155,474,629,0,0,155,474
S1A_IW_GRDH_1SDV_20250925T052748_20250925T052813_061140_079F46_4257_COG,outputs\diagnostics\design_c\c2v\scene_checkpoints\primary\S1A_IW_GRDH_1SDV_20250925T052748_20250925T052813_061140_079F46_4257_COG.csv.gz,True,,2025,2025-09-25,descending,168,sentinel-1a,2001,False,1,True,2001,0,2001,0,0,370,1631,2001,0,0,373,1628
S1A_IW_GRDH_1SDV_20250926T171504_20250926T171536_061162_07A027_38A5_COG,outputs\diagnostics\design_c\c2v\scene_checkpoints\primary\S1A_IW_GRDH_1SDV_20250926T171504_20250926T171536_061162_07A027_38A5_COG.csv.gz,True,,2025,2025-09-26,ascending,15,sentinel-1a,4331,False,1,True,4331,0,4331,0,0,1,4330,4331,0,0,12,4319
S1A_IW_GRDH_1SDV_20250926T171508_20250926T171533_061162_07A027_FF91_COG,outputs\diagnostics\design_c\c2v\scene_checkpoints\primary\S1A_IW_GRDH_1SDV_20250926T171508_20250926T171533_061162_07A027_FF91_COG.csv.gz,True,,2025,2025-09-26,ascending,15,sentinel-1a,4331,False,1,True,4331,0,4331,0,0,1,4330,4331,0,0,29,4302
S1A_IW_GRDH_1SDV_20250926T171529_20250926T171601_061162_07A027_EFED_COG,outputs\diagnostics\design_c\c2v\scene_checkpoints\primary\S1A_IW_GRDH_1SDV_20250926T171529_20250926T171601_061162_07A027_EFED_COG.csv.gz,True,,2025,2025-09-26,ascending,15,sentinel-1a,0,True,0,True,0,0,0,0,0,0,0,0,0,0,0,0
S1A_IW_GRDH_1SDV_20250930T053535_20250930T053600_061213_07A23B_A441_COG,outputs\diagnostics\design_c\c2v\scene_checkpoints\primary\S1A_IW_GRDH_1SDV_20250930T053535_20250930T053600_061213_07A23B_A441_COG.csv.gz,True,,2025,2025-09-30,descending,66,sentinel-1a,3326,False,1,True,3326,0,3326,0,0,0,3326,3326,0,0,10,3316
S1A_IW_GRDH_1SDV_20250930T053600_20250930T053625_061213_07A23B_FB72_COG,outputs\diagnostics\design_c\c2v\scene_checkpoints\primary\S1A_IW_GRDH_1SDV_20250930T053600_20250930T053625_061213_07A23B_FB72_COG.csv.gz,True,,2025,2025-09-30,descending,66,sentinel-1a,1005,False,1,True,1005,0,1005,0,0,1,1004,1005,0,0,6,999
